user_id,username,full_name,department,role,location,hostname,device_id,status,hire_date,termination_date,manager_username
EMP12741,OMKAAR.CHANA52,Omkaar Chana,Supply Chain,Administrator,Branch Office,LPT-12741,,Working,1736578363,not available,manager780
EMP11307,ethan.narasimhan97,Ethan Narasimhan,LEGAL,Manager,Head Office,VDR-11307.corp.local,dev42831,Live,18/05/2026 23:12,,manager881
EMP11601,ethan.choudhry47,Ethan Choudhry,Marketing,Director,,WS-11601,dev40763,Live,14/01/2023 09:22,,manager809
12621,vedant_panchal60,Vedant Panchal,Support,Analyst,Head_Office,LPT_12621,DEV-95371,Enabled,1656531399,NA,manager886
EMP12029,  gayathri.mohanty65  ,Gayathri Mohanty,RnD,Executive,work from home,LPT-12029,dev 51958,A,2021/09/01,,manager867
EMP11950,GARIMA.CHAUDHARY44,Garima Chaudhary,Call Center,Executive,,LPT-11950,dev13049,Live,2023-12-30T17:13:00,NA,  manager521  
EMP 12718,  vrishti.dewan18  ,Vrishti Dewan,Compliance,Officer,warehouse,lpt-12718,DEV-46814,Working,2021-06-21 08:34:45,,manager544
EMP10184,,Varsha Mall,IT,Director,Remote,WS-10184,dev 12128,A,28/07/2020 21:36,NA,MANAGER850
EMP12400,peter.sama77,Peter Sama,information tech,Specialist,work from home,VDR-12400,,Enabled,06-13-2026 07:10:36 PM,NA,manager829
EMP 10194,ayush.dua87,Ayush Dua,RnD,Analyst,BRANCH OFFICE,LPT-10194,DEV-40932,ACTIVE,2023-02-12 03:25:50,not available,manager680
emp12798,abhimanyu.trivedi4,Abhimanyu Trivedi,sales team,Specialist,Data_Center,WS-12798,DEV31013,A,2026-04-13 04:15:33,NA,manager344
11195,christopher.toor37,Christopher Toor,legal,Director,work from home,VDR-11195,DEV99205,Enabled,02-13-2023 09:32:23 AM,,manager739
emp11406,urishilla.bhatt88,Urishilla Bhatt,SALES,Specialist,REGIONAL OFFICE,WS-11406,DEV78076,Live,2024-01-06 19:04:32,not available,manager438
EMP10314,GIRINDRA.DHALIWAL46,Girindra Dhaliwal,R&D,Specialist,branch office,VDR-10314,DEV-48986,Left,2025-01-07 14:08:35,2025-04-21 15:06:37,manager344
EMP10102,  gaurangi.samra66  ,Gaurangi Samra,finance dept,Manager,Remote,WS-10102,DEV-54548,Terminated,26/04/2024 11:39,04-30-2024 11:18:18 AM,MANAGER405
EMP 11437,waida.anand56,Waida Anand,Operations,Administrator,branch office,WS-11437,DEV76029,Live,27/04/2026 19:55,NA,
emp_12959,LIBNI.LALA75,Libni Lala,SALES,Engineer,WORK FROM HOME,VDR-12959,DEV19450,ACTIVE,03-28-2022 11:25:36 PM,NA,manager860
EMP11221,  qabil.lanka74  ,Qabil Lanka,LEGAL,Executive,Regional_Office,WS-11221,DEV32769,Working,2022-09-15 09:06:54,,manager547
EMP 12935,abha.naik17,Abha Naik,Procurement,Executive,Warehouse,WS-12935,dev47829,ACTIVE,19/01/2022,NA,
emp_10705,bimala.raval96,Bimala Raval,marketing dept,Specialist,REMOTE,LPT-10705.corp.local,DEV-92483,Working,,,manager772
EMP12234,tristan.ravi53,Tristan Ravi,Ops Team,Executive,Warehouse,WS-12234,DEV-46572,Leave,07/07/2026 20:26,NA,
EMP-11973,edhitha.pathak81,Edhitha Pathak,R&D,Director,work from home,VDR-11973.corp.local,dev 94430,Left,,,NA
EMP11517,ANITA.DUTT25,Anita Dutt,HR,Engineer,BRANCH OFFICE,WS-11517,dev 75769,ACTIVE,09/07/2026 04:27,not available,manager205
12976,AAYUSH.KOSHY48,Aayush Koshy,sales team,Engineer,data center,VDR-12976.corp.local,,Active,1696359494,,
EMP12232,,Idika Sani,operations dept,Analyst,,WS-12232,DEV43610,LEFT,23/07/2025,2026-08-19T09:57:38,manager419
EMP10178,tanveer.ghose11,Tanveer Ghose,Ops,Engineer,Head_Office,WS-10178,dev22987,DISABLED,2025-07-12 08:34:52,02/11/2025 19:08,manager393
EMP12030,urishilla.dugar5,Urishilla Dugar,Customer Support,Consultant,Regional_Office,vdr-12030,dev 10085,Active,1627829463,NA,manager911
EMP12926,  ronith.bhatti96  ,Ronith Bhatti,Sales,Analyst,BRANCH OFFICE,VDR-12926,DEV-21629,ACTIVE,18/02/2023 05:36,NA,
EMP 10611,,Dhruv Cherian,procurement team,Administrator,Head Office,VDR-10611,DEV-85534,Live,,,NA
EMP10679,ira.khanna17,Ira Khanna,IT Support,Trainee,Regional_Office,LPT-10679,,Enabled,24-Sep-2020 13:32:29,,manager283
EMP10152,finn.vig49,Finn Vig,Support,Engineer,WAREHOUSE,VDR-10152,DEV-97562,DISABLED,2020/08/11,,manager570
EMP12484,aahana.seth4,Aahana Seth,sales dept,Engineer,Head Office,VDR-12484,DEV-38543,Enabled,,not available,  manager345  
EMP11025,darsh.patla51,Darsh Patla,Finance,Manager,regional office,lpt-11025,dev 98785,Working,2023-10-01T01:50:28,NA,manager321
emp_10907,sneha.loke46,Sneha Loke,Fin,Executive,work from home,VDR-10907.corp.local,dev14190,DISABLED,2022-11-15T07:19:43,,manager675
EMP10254,wriddhish_arora70,Wriddhish Arora,Finance,Consultant,Head Office,LPT-10254,dev80419,Enabled,2021-01-30 15:41:12,not available,manager328
emp_12416,harish.bhatia99,Harish Bhatia,legal,Engineer,Head Office,,DEV87517,ACTIVE,11/06/2026,not available,  manager695  
EMP 12332,SHRAVYA.MAND51,Shravya Mand,People Team,Consultant,Regional_Office,,DEV-39132,Exited,30-Sep-2024 12:03:44,1770118679,unknown
EMP10346,dipta_oza8,Dipta Oza,LEGAL,Officer,Remote,VDR-10346,dev 75673,A,2023-08-09 00:03:30,not available,manager184
EMP10299,anmol.bhatt26,Anmol Bhatt,Procurement,Officer,Branch Office,VDR-10299,dev 82102,Enabled,2026/03/09,NA,  manager825  
EMP-12045,girik.gaba54,Girik Gaba,Innovation,Officer,head office,LPT-12045,,Working,2022-09-12 21:06:42,,manager735
emp_11295,utkarsh.bakshi57,Utkarsh Bakshi,legal,Analyst,Head_Office,WS-11295,dev 63026,Enabled,2021-07-25 19:18:38,not available,
EMP11357,nandini.buch11,Nandini Buch,Compliance,Director,warehouse,LPT-11357,,Active,07-28-2026 12:35:07 PM,NA,manager284
11422,rishi.contractor33,Rishi Contractor,CS,Analyst,Warehouse,WS-11422,dev 14394,Active,2025-06-16 14:41:08,not available,  manager144  
EMP12482,chakrika.nagar94,Chakrika Nagar,Mktg,Manager,Work_From_Home,WS-12482,DEV-25608,Active,21-Jul-2022 22:31:07,,manager684
EMP10139,ISAAC.DUGAR28,Isaac Dugar,LEGAL,Trainee,,,dev 54424,D,2023-05-23T19:28:38,18/10/2023 12:32,manager420
emp_12603,  gautam.dass68  ,Gautam Dass,Finance,Trainee,BRANCH OFFICE,LPT-12603,dev 97646,Active,2022-08-10T22:55:29,,  manager793  
emp_10246,rohan.dash48,Rohan Dash,Legal,Officer,Data_Center,VDR_10246,DEV97044,DISABLED,25/06/2026 00:22,,
emp_10900,lohit.reddy93,Lohit Reddy,PURCH,Trainee,branch office,VDR-10900,dev17956,Working,04/08/2023 02:56,,manager666
12130,KRISHNA.KATA74,Krishna Kata,customer care,Specialist,,VDR-12130,DEV68796,L,1607889949,2024/09/24,unknown
EMP11681,ayushman.varty42,Ayushman Varty,sales dept,Executive,,VDR-11681,dev 87635,A,2023-07-04 21:58:23,NA,manager392
EMP12334,bahadurjit.sridhar62,Bahadurjit Sridhar,SALES,Consultant,,WS-12334,DEV27173,A,2021-11-04T05:38:50,not available,unknown
EMP10889,chanchal.tank46,Chanchal Tank,MKT,Specialist,head office,VDR-10889,,Live,,,manager905
emp_11268,krishna.babu43,Krishna Babu,Innovation,Executive,HEAD OFFICE,vdr-11268,dev72206,Working,1583427464,NA,manager370
EMP11926,chatresh.varty75,Chatresh Varty,finance dept,Analyst,WAREHOUSE,,dev80651,Resigned,2021-01-27T19:05:07,04/07/2021 11:53,manager721
EMP11620,ira.choudhury44,Ira Choudhury,Research and Development,Officer,WORK FROM HOME,WS-11620,DEV68711,Left,2025/09/08,17/01/2026 23:51,manager244
EMP10700,charles.brar31,Charles Brar,Call Center,Administrator,,VDR-10700,dev 85543,ACTIVE,2020-04-27T15:25:17,not available,manager821
EMP-11061,  ekansh.ahuja25  ,Ekansh Ahuja,Mktg,Director,Data_Center,VDR-11061,dev91844,Live,05-31-2025 07:55:55 AM,,manager400
EMP10485,hardik.kuruvilla24,Hardik Kuruvilla,Customer Support,Manager,Work From Home,VDR-10485,DEV-30889,A,,not available,manager457
11356,jeet.tara32,Jeet Tara,Legal Dept,Specialist,Regional Office,LPT-11356,,Enabled,2022/06/10,NA,manager220
EMP12310,zashil.chaudhari74,Zashil Chaudhari,OPERATIONS,Specialist,,VDR-12310,dev 21473,Deactivated,07-29-2021 09:47:57 PM,2026/08/24,MANAGER905
EMP12181,hemal.kohli58,Hemal Kohli,Mktg,Officer,WAREHOUSE,VDR-12181,dev 74389,Live,2025/04/12,,manager186
EMP10761,dayita.dasgupta48,Dayita Dasgupta,RnD,Analyst,WORK FROM HOME,,dev 19266,ACTIVE,16/11/2025,NA,manager133
EMP10746,  oviya.acharya25  ,Oviya Acharya,People Team,Executive,,WS-10746,,A,13/09/2025 01:27,NA,unknown
emp10321,kalpit.mody99,Kalpit Mody,R&D,Officer,,LPT-10321,dev 85066,ACTIVE,1723625754,not available,NA
EMP12707,indira.pant51,Indira Pant,MKT,Engineer,Regional Office,vdr-12707,dev56397,Working,13-Nov-2024 12:26:12,NA,manager574
EMP10188,wakeeta.srivastava97,Wakeeta Srivastava,sales dept,Administrator,,LPT-10188,dev95948,Enabled,01-21-2021 05:31:44 PM,,
EMP10772,gagan_bhandari75,Gagan Bhandari,Ops Team,Consultant,data center,VDR-10772,dev 97274,Live,31/08/2024 00:47,NA,manager411
EMP12496,ANUSHA.BAWA86,Anusha Bawa,Supply Chain,Trainee,WAREHOUSE,ws-12496,DEV-67414,Live,26-Feb-2023 10:56:13,,
EMP-11451,arunima.dube10,Arunima Dube,Ops Team,Trainee,Regional Office,VDR-11451,DEV-86864,Enabled,2025-03-05 14:42:50,,manager340
EMP12354,gagan.raman49,Gagan Raman,Ops,Administrator,branch office,LPT-12354,,Working,01/12/2024,not available,MANAGER286
EMP 10410,onveer.om63,Onveer Om,Supply Chain,Specialist,DATA CENTER,LPT-10410,dev32570,Active,2021-03-22 22:25:57,not available,manager797
EMP11727,bhavya.sem13,Bhavya Sem,Information Technology,Consultant,branch office,vdr-11727,dev35006,ON_LEAVE,2026-04-23 20:04:58,not available,unknown
12852,warinder.wali82,Warinder Wali,R&D,Administrator,,LPT-12852,dev27337,Exited,04-19-2022 03:11:56 PM,1766970374,  manager876  
EMP12216,urvashi.handa11,Urvashi Handa,Customer Support,Analyst,work from home,VDR-12216,dev58305,LEFT,2020-08-14T07:19:06,2023/09/10,manager421
EMP-11398,yauvani_chacko81,Yauvani Chacko,Human Resources,Manager,,LPT-11398,dev 37221,Exited,2024/03/01,10-Jul-2024 02:35:24,manager731
emp11361,inaya.sridhar38,Inaya Sridhar,Human Resource,Consultant,Work From Home,ws-11361,DEV-87526,Live,1606766568,,unknown
EMP11657,yadavi.balay60,Yadavi Balay,Business Sales,Executive,,WS-11657,DEV51446,ACTIVE,2026-06-29 18:40:46,,manager852
EMP 10051,ekbal.malhotra95,Ekbal Malhotra,Finance,Manager,,vdr-10051,dev97012,A,07/11/2022 09:26,not available,manager869
EMP11624,bishakha_ghose98,Bishakha Ghose,Business Sales,Administrator,,,DEV-62984,Live,2020/09/12,not available,manager603
10063,IRA.TARA4,Ira Tara,People Team,Director,branch office,,DEV-33819,ACTIVE,,NA,manager565
EMP12789,  tamanna.kala64  ,Tamanna Kala,Legal Dept,Analyst,Data_Center,VDR-12789,DEV80063,Live,2021/02/03,,NA
EMP12553,  tanish.kurian86  ,Tanish Kurian,IT,Specialist,Remote,WS-12553,DEV-68468,DISABLED,01-14-2024 02:19:39 AM,,MANAGER123
emp_12530,wazir.das67,Wazir Das,Human Resources,Officer,,LPT-12530,dev 81876,Working,2025/07/18,NA,manager624
EMP-11090,pahal.bajwa31,Pahal Bajwa,legal,Trainee,Remote,VDR-11090,,On Leave,07-21-2025 04:04:10 AM,,  manager894  
emp11465,brinda.chauhan94,Brinda Chauhan,customer care,Specialist,Data Center,LPT-11465,dev20031,A,28/04/2020 22:54,not available,  manager841  
EMP11896,URMI.PALL82,Urmi Pall,Accounts,Engineer,Data Center,WS-11896,,LEFT,2025-08-19T16:55:56,2026-02-25 13:56:11,unknown
EMP10052,anirudh.ramanathan31,Anirudh Ramanathan,Mktg,Engineer,,LPT-10052,dev 29313,A,1643561219,not available,unknown
EMP 12807,damyanti.wali52,Damyanti Wali,Business Sales,Executive,Regional Office,LPT-12807,dev 24606,Working,2023-06-06T22:34:43,NA,manager565
emp12763,sanaya.kale52,Sanaya Kale,marketing dept,Officer,Warehouse,LPT-12763,DEV25578,Working,2026-02-05 04:10:52,NA,manager610
EMP12551,warinder.jaggi19,Warinder Jaggi,sales team,Administrator,REMOTE,LPT_12551,dev 34073,Enabled,15/10/2020,NA,manager115
12864,pooja.choudhary68,Pooja Choudhary,marketing dept,Trainee,Remote,LPT-12864,DEV93489,Working,,,manager864
EMP-10544,harita.sura62,Harita Sura,hr dept,Administrator,Head Office,WS-10544,dev 93055,Deactivated,2021-11-15T16:53:49,10-31-2023 01:43:49 AM,NA
EMP12948,AADI.MOHAN96,Aadi Mohan,operations dept,Consultant,Head Office,VDR-12948.corp.local,DEV-37300,D,2022/04/22,2024/06/25,unknown
10450,charles.mohanty2,Charles Mohanty,Accounts,Executive,Remote,WS-10450,,On Leave,,not available,NA
EMP12515,onveer.wason58,Onveer Wason,Sales,Manager,,WS-12515.corp.local,DEV60572,Deactivated,13/01/2022 19:36,14-Aug-2023 12:06:35,manager908
EMP10044,gopal.lala36,Gopal Lala,Human Resources,Administrator,,VDR-10044,dev 76768,Active,2024-07-23 23:08:34,,manager128
EMP11001,AARUSH.PRASHAD25,Aarush Prashad,Purchase,Executive,WORK FROM HOME,VDR-11001,dev 81188,LEFT,2020-01-27T12:19:55,21-Jun-2022 04:14:18,NA
EMP-11831,,Chaaya Vasa,Supply Chain,Engineer,BRANCH OFFICE,LPT-11831,DEV-66868,Working,10-16-2022 12:54:27 PM,,unknown
EMP10829,chaman.goda59,Chaman Goda,LEGAL,Specialist,Warehouse,WS-10829,DEV-44946,Active,1703920906,not available,manager424
EMP10598,ekalinga.walla33,Ekalinga Walla,IT Dept,Consultant,Branch Office,VDR-10598,,Working,10/10/2021,not available,manager952
EMP10408,akshay.sarraf2,Akshay Sarraf,PURCH,Specialist,Warehouse,WS-10408.corp.local,dev 24748,Live,1617618864,not available,manager696
emp12917,charita.mannan95,Charita Mannan,SALES,Officer,Remote,VDR-12917,dev 46720,A,,not available,manager621
10256,naveen.bhagat32,Naveen Bhagat,RnD,Consultant,BRANCH OFFICE,WS-10256,,Resigned,,08-Mar-2026 19:50:49,unknown
emp12028,neha_devan64,Neha Devan,Supply Chain,Officer,data center,ws-12028,DEV81037,Enabled,04-21-2025 02:03:42 PM,not available,manager546
EMP12303,lila_srinivasan31,Lila Srinivasan,Finance,Administrator,,LPT-12303,DEV-57924,ACTIVE,,,manager330
EMP11837,qabil.parikh37,Qabil Parikh,sales dept,Specialist,WORK FROM HOME,LPT-11837,DEV54054,Live,,not available,
EMP-11702,HEMANG.BAKSHI78,Hemang Bakshi,customer care,Engineer,Work_From_Home,VDR-11702,,On Leave,1738250389,not available,manager402
EMP12490,laban.sridhar64,Laban Sridhar,hr dept,Trainee,data center,VDR_12490,,Exited,2025-01-14T19:14:46,2026-04-17 04:12:42,unknown
EMP11662,aishani.dugal36,Aishani Dugal,sales dept,Manager,regional office,,DEV68314,Working,2020-05-02T08:15:44,,manager490
EMP-10144,yashica_rao48,Yashica Rao,Human Resources,Administrator,WAREHOUSE,LPT-10144,,Deactivated,,1784063134,manager773
EMP 12090,vasatika.saha98,Vasatika Saha,Research and Development,Engineer,branch office,VDR-12090,DEV38061,Active,11-11-2024 06:45:00 PM,NA,manager489
EMP11292,harsh.sem7,Harsh Sem,sales dept,Officer,Branch Office,VDR-11292,DEV74920,Live,2025-09-30 06:24:33,,manager258
EMP12155,  ekansh.soni57  ,Ekansh Soni,MKT,Director,,,DEV39684,Deactivated,,02-18-2026 02:53:11 PM,manager371
emp10416,arunima.tata4,Arunima Tata,Fin,Engineer,Work From Home,LPT_10416,DEV-17553,Live,2023-11-19T03:16:47,NA,manager469
EMP 10929,aarini.bora51,Aarini Bora,Mktg,Specialist,DATA CENTER,VDR-10929,DEV65498,On Leave,11-10-2025 04:53:42 PM,,
EMP-12022,,Zayyan Dayal,operations dept,Analyst,warehouse,VDR-12022,dev 40120,Live,11/08/2024,not available,manager836
EMP10170,nathaniel_prakash13,Nathaniel Prakash,CS,Officer,work from home,VDR-10170,dev 79013,A,1668236297,not available,unknown
EMP11125,indali.aggarwal48,Indali Aggarwal,Mktg,Consultant,Data_Center,lpt-11125,dev 80310,Disabled,12-03-2020 04:53:08 PM,NA,manager549
10567,upadhriti.krishnan99,Upadhriti Krishnan,LEGAL,Officer,work from home,LPT-10567,DEV23622,ACTIVE,27-Apr-2021 10:05:44,NA,MANAGER499
EMP11590,mahika.som71,Mahika Som,Operations,Director,WORK FROM HOME,ws-11590,DEV32551,DISABLED,03-Oct-2020 02:35:12,2025-12-31 04:54:19,manager924
12673,victor.nagar6,Victor Nagar,finance dept,Consultant,REGIONAL OFFICE,ws-12673,,Disabled,,06-Jun-2022 09:29:39,unknown
emp10134,sai.bedi96,Sai Bedi,Human Resource,Trainee,DATA CENTER,WS-10134.corp.local,dev77271,Working,1699171081,,manager729
EMP11717,jatin.saha63,Jatin Saha,IT Dept,Consultant,Regional_Office,LPT-11717,DEV86229,L,,not available,manager317
emp10642,umang.dhaliwal49,Umang Dhaliwal,OPERATIONS,Director,Warehouse,vdr-10642,dev84964,A,19/06/2024 20:01,not available,  manager821  
EMP11689,vaishnavi.kant81,Vaishnavi Kant,Fin,Director,REMOTE,lpt-11689,DEV-66935,DISABLED,2025-08-18T01:18:07,not available,manager288
12745,prisha.sarkar30,Prisha Sarkar,CS,Officer,Regional Office,,,Disabled,06-17-2020 05:09:43 PM,13/05/2026,MANAGER858
emp_10554,shaurya.talwar44,Shaurya Talwar,operations dept,Executive,Data_Center,WS-10554,DEV37594,ACTIVE,2026-05-25 23:46:53,not available,manager974
emp_10900,lohit.reddy93,Lohit Reddy,PURCH,Trainee,branch office,VDR-10900,dev17956,Working,04/08/2023 02:56,,manager666
EMP-12174,onveer.bansal17,Onveer Bansal,Sales,Manager,,VDR-12174,DEV-88056,Terminated,18-Jan-2023 09:37:31,22/05/2026 18:40,
EMP11538,jai.chanda34,Jai Chanda,sales team,Specialist,,WS-11538,DEV79778,Enabled,2025-08-29 07:57:34,,manager941
EMP-10999,yoshita.raval66,Yoshita Raval,CS,Manager,,,dev 39850,Working,09/08/2020,,manager659
EMP-10291,upasna_krishnamurthy12,Upasna Krishnamurthy,Fin,Director,Data Center,VDR-10291,DEV82710,Live,2020/11/16,not available,MANAGER462
EMP 11338,vansha_virk36,Vansha Virk,Marketing,Manager,Branch Office,VDR-11338,,Working,2023-05-10T23:35:55,not available,manager380
emp_12247,TANISH.DASGUPTA22,Tanish Dasgupta,IT Support,Director,,VDR-12247.corp.local,DEV-58621,Left,,1787541478,manager185
EMP-10781,,Rohan Wali,Innovation,Consultant,Head Office,WS-10781,DEV17213,Live,2021/08/29,,manager327
EMP10443,tejas.raghavan27,Tejas Raghavan,information tech,Administrator,DATA CENTER,vdr-10443,DEV-23235,ACTIVE,18/04/2022,not available,MANAGER817
emp_12601,dominic.bawa78,Dominic Bawa,OPERATIONS,Executive,,WS-12601,DEV85344,DISABLED,23/02/2020,not available,manager383
emp_12149,  teerth.chowdhury93  ,Teerth Chowdhury,LEGAL,Analyst,,lpt-12149,DEV42587,Working,2022-03-01 17:49:47,not available,  manager623  
EMP10449,jagvi.sengupta38,Jagvi Sengupta,Ops,Consultant,Data Center,VDR-10449.corp.local,,Active,,,NA
EMP11029,,Gaurangi Kibe,Human Resource,Executive,REGIONAL OFFICE,lpt-11029,,A,11-30-2020 01:29:17 PM,NA,NA
EMP11992,raksha.saini25,Raksha Saini,MKT,Director,Warehouse,LPT-11992,DEV-41536,Live,2026-07-30T01:51:31,,manager621
EMP-12403,ANDREW.VASA6,Andrew Vasa,Sales,Consultant,Regional_Office,,dev 64516,D,26/04/2026,05-10-2026 11:48:30 PM,MANAGER150
12750,darika.parekh27,Darika Parekh,IT,Officer,,VDR-12750,dev 14121,Enabled,1595443478,NA,manager511
emp10000,  vrinda.dua82  ,Vrinda Dua,hr dept,Analyst,REGIONAL OFFICE,WS-10000,DEV-42098,ACTIVE,2026/04/07,NA,manager858
EMP11001,AARUSH.PRASHAD25,Aarush Prashad,Purchase,Executive,WORK FROM HOME,VDR-11001,dev 81188,LEFT,2020-01-27T12:19:55,21-Jun-2022 04:14:18,NA
EMP 11048,quincy.lata26,Quincy Lata,Finance,Engineer,Head Office,LPT-11048,,Working,1678300866,,  manager525  
10270,upkaar.doshi48,Upkaar Doshi,Ops Team,Director,Head_Office,VDR-10270,DEV39002,Working,2020-02-20 09:26:36,NA,manager698
EMP10736,jackson.cherian13,Jackson Cherian,RnD,Specialist,branch office,VDR-10736,dev18383,D,26-Nov-2020 08:37:44,,
EMP10298,ARADHANA.YOGI41,Aradhana Yogi,MKT,Trainee,warehouse,LPT-10298,,ACTIVE,05-May-2023 19:22:01,NA,  manager677  
EMP10032,  lila.nadkarni27  ,Lila Nadkarni,operations dept,Engineer,Remote,WS-10032,dev 27154,Working,2022-07-21 01:24:12,NA,manager869
EMP12498,lekha.kapoor10,Lekha Kapoor,Innovation,Specialist,Data_Center,vdr-12498,dev80623,A,20-Aug-2025 13:08:32,,NA
EMP10014,ridhi.saini2,Ridhi Saini,People Team,Officer,work from home,WS_10014,DEV94012,Active,2022/06/30,not available,  manager564  
EMP10093,pahal.roy74,Pahal Roy,procurement team,Analyst,Work From Home,VDR-10093.corp.local,dev 45325,A,28-Jun-2026 21:31:52,,NA
EMP10411,shivani.pillay89,Shivani Pillay,Legal Dept,Analyst,DATA CENTER,WS-10411,DEV41139,Active,2024-01-16 10:50:11,,NA
emp11159,adya.shetty2,Adya Shetty,People Team,Officer,Regional_Office,WS-11159,,Active,,,unknown
EMP12362,kamala.nazareth82,Kamala Nazareth,procurement team,Consultant,Branch Office,VDR-12362,dev 59827,Working,01-Oct-2021 16:10:14,NA,manager479
emp_12819,chakradhar.nagi26,Chakradhar Nagi,RD,Consultant,WAREHOUSE,WS-12819,DEV88309,Active,14-Dec-2020 07:49:07,not available,manager944
emp_10149,girik.bhatia28,Girik Bhatia,CS,Manager,Remote,WS-10149,DEV24534,Live,1759966567,not available,manager639
emp11600,gagan.mitter67,Gagan Mitter,PURCH,Director,Regional_Office,VDR_11600,dev 60738,ACTIVE,04/01/2026 18:47,NA,NA
emp_11044,mugdha.khare82,Mugdha Khare,SALES,Administrator,WORK FROM HOME,WS-11044,DEV20487,ON_LEAVE,22-Jan-2023 04:22:20,,manager271
EMP 12153,  abdul.deep62  ,Abdul Deep,Human Resource,Officer,branch office,VDR-12153,,A,15/11/2024 23:28,NA,NA
10495,  tanmayi.thaman1  ,Tanmayi Thaman,procurement team,Manager,work from home,VDR-10495,dev86756,A,2020-08-13 12:39:41,NA,manager614
EMP10332,,Ijaya Palla,procurement team,Trainee,Work_From_Home,WS-10332,dev 99463,ACTIVE,2020-05-22T17:45:11,NA,MANAGER902
12788,utkarsh.vora38,Utkarsh Vora,marketing dept,Administrator,Work_From_Home,WS-12788,dev 47566,A,01/01/2020,,
emp12066,  david.sampath85  ,David Sampath,customer care,Engineer,regional office,LPT-12066,dev61445,Working,2021-07-18 08:59:32,,MANAGER223
EMP 11874,dayita.rout5,Dayita Rout,Research and Development,Engineer,,VDR-11874.corp.local,dev 56585,Working,,NA,
EMP10756,mugdha.shah75,Mugdha Shah,Sales,Specialist,,VDR-10756,dev 10665,Working,17-May-2020 09:35:43,,manager581
EMP10798,udarsh.korpal53,Udarsh Korpal,OPERATIONS,Executive,,LPT-10798,dev 30257,A,2021-08-08T09:22:24,NA,NA
emp12274,praneel.sastry13,Praneel Sastry,Supply Chain,Executive,Head Office,WS-12274,DEV-78738,Blocked,10/06/2024 14:04,2026-07-09T23:05:36,manager802
EMP10203,samaksh.subramanian60,Samaksh Subramanian,Call Center,Consultant,Branch Office,VDR-10203,,A,13/07/2026 09:56,,NA
EMP10463,ISHA.PADMANABHAN86,Isha Padmanabhan,Innovation,Consultant,,LPT-10463,DEV39218,Deactivated,1666950022,2025-06-17 03:55:28,manager833
EMP12851,kamala.raman22,Kamala Raman,Supply Chain,Officer,Work_From_Home,WS-12851.corp.local,dev27730,Enabled,1600603977,,MANAGER138
EMP12749,darika.mandal6,Darika Mandal,Human Resources,Trainee,,VDR-12749,dev 30457,A,07-15-2022 10:07:37 PM,NA,manager149
EMP11583,hemang.bansal35,Hemang Bansal,HR,Trainee,Warehouse,VDR-11583,DEV84136,Live,31/05/2024 08:58,NA,
EMP 10555,vrishti.lala52,Vrishti Lala,MKT,Trainee,Branch Office,VDR-10555,DEV-27188,Leave,01/11/2025,not available,manager202
EMP10174,ridhi.iyer25,Ridhi Iyer,Ops,Specialist,data center,WS-10174,,A,2024/04/11,not available,  manager265  
EMP10289,jonathan.narayanan92,Jonathan Narayanan,Human Resource,Manager,remote,LPT-10289.corp.local,DEV-59807,Enabled,1747998273,not available,manager498
EMP10120,lakshit.mand42,Lakshit Mand,Compliance,Executive,Branch_Office,LPT-10120,DEV-80701,Left,10/02/2023 16:18,04-09-2024 12:52:14 AM,
emp12839,  lipika.parsa25  ,Lipika Parsa,FINANCE,Specialist,Regional Office,WS-12839,dev 37879,D,,29/07/2024 22:10,manager140
EMP10847,vidhi.krishna41,Vidhi Krishna,Call Center,Director,Data Center,VDR-10847,,On Leave,,,manager832
EMP12699,edhitha.balasubramanian33,Edhitha Balasubramanian,finance dept,Analyst,head office,LPT-12699,dev 31302,Live,2022-04-29T19:38:57,not available,manager683
EMP-10432,  omya.gole7  ,Omya Gole,finance dept,Executive,BRANCH OFFICE,ws-10432,dev63633,LWP,11-22-2023 02:59:56 PM,NA,  manager983  
EMP-12969,ekanta.deshmukh53,Ekanta Deshmukh,Mktg,Consultant,Branch_Office,LPT-12969.corp.local,DEV-49882,Enabled,05-26-2023 09:51:57 PM,NA,manager923
EMP11317,ganga.goswami90,Ganga Goswami,Human Resource,Specialist,Data Center,WS-11317,dev95620,Live,2022-11-16T06:28:48,not available,manager305
EMP11200,xiti.sem41,Xiti Sem,operations dept,Specialist,DATA CENTER,LPT-11200,dev 72419,Working,2023-11-13T07:50:27,not available,manager259
EMP10393,aarini.deep10,Aarini Deep,IT Support,Administrator,head office,WS-10393,dev 44226,ON_LEAVE,18/08/2020,not available,manager484
emp_12031,,Rohan Biswas,operations dept,Analyst,regional office,WS-12031,DEV13918,Live,2023-01-24T14:11:06,not available,
EMP11800,farhan.sastry34,Farhan Sastry,R&D,Executive,BRANCH OFFICE,LPT-11800,DEV-86741,A,02-04-2025 08:31:23 AM,NA,manager300
EMP11721,FREDERICK.VASA15,Frederick Vasa,IT,Director,WORK FROM HOME,LPT-11721,DEV-36946,A,06-Nov-2024 13:42:48,,manager405
EMP10192,ridhi.bala57,Ridhi Bala,OPERATIONS,Trainee,HEAD OFFICE,,,ACTIVE,2023-09-13 07:30:52,NA,manager910
EMP-10266,abhimanyu.gade25,Abhimanyu Gade,procurement team,Officer,branch office,WS-10266,dev37379,Left,2022-10-31T11:37:06,2022-11-24T07:18:01,manager294
EMP12692,dalaja.sura56,Dalaja Sura,Ops Team,Manager,Remote,VDR-12692,dev17492,ACTIVE,1703268621,not available,MANAGER781
EMP10805,udarsh.kannan13,Udarsh Kannan,People Team,Specialist,BRANCH OFFICE,VDR-10805,dev 36217,ACTIVE,28/12/2022,,MANAGER249
EMP10331,janaki.hegde46,Janaki Hegde,hr dept,Officer,Data_Center,LPT-10331,dev66314,Blocked,17/03/2024 00:37,05-31-2025 01:44:10 PM,manager691
EMP10528,,Luke Nagi,Human Resource,Administrator,warehouse,VDR-10528.corp.local,dev63562,Active,17/01/2020 23:49,,manager908
EMP11225,tanay.viswanathan59,Tanay Viswanathan,OPERATIONS,Executive,,VDR-11225,dev 39065,Live,,NA,NA
emp_10801,ansh.brahmbhatt77,Ansh Brahmbhatt,CS,Consultant,BRANCH OFFICE,VDR-10801.corp.local,DEV-49935,Working,2021-01-03T11:13:30,,manager977
EMP11089,,Pahal Lata,Customer Support,Consultant,WAREHOUSE,WS-11089,DEV-29473,A,2023-06-09 03:58:33,NA,manager221
EMP10764,rachana.madan60,Rachana Madan,PURCH,Analyst,Remote,WS-10764,,ACTIVE,29-Dec-2025 23:11:23,,
10218,jagat_dasgupta98,Jagat Dasgupta,Customer Support,Administrator,,VDR-10218,dev99181,ACTIVE,2021-02-03T17:50:14,,
EMP10479,ayushman.nagy50,Ayushman Nagy,LEGAL,Consultant,,lpt-10479,DEV-11699,Working,22-Sep-2021 23:16:50,not available,manager899
emp10790,janani.barad1,Janani Barad,Accounts,Administrator,remote,VDR-10790.corp.local,dev93435,A,2025-07-24T07:49:43,NA,  manager394  
EMP10478,AACHAL.MANI50,Aachal Mani,Business Sales,Officer,WORK FROM HOME,VDR_10478,DEV47701,Enabled,,NA,NA
EMP12645,hemani.bhagat18,Hemani Bhagat,Ops,Specialist,,lpt-12645,DEV79338,Working,2024-04-14 17:12:46,,unknown
EMP10727,kabir.sampath9,Kabir Sampath,customer care,Engineer,,WS-10727.corp.local,,Working,21/07/2024,not available,
EMP10581,nidra.agate60,Nidra Agate,Information Technology,Consultant,Head Office,LPT-10581,dev 17345,A,05-04-2023 05:05:18 AM,,manager581
EMP 11157,jyoti.brar52,Jyoti Brar,People Team,Officer,BRANCH OFFICE,VDR-11157,dev 11545,Active,2023-03-20 00:24:43,,manager212
EMP 12547,hemani.oza5,Hemani Oza,RnD,Executive,Branch Office,LPT-12547,,Active,2023-03-28T17:09:59,,manager861
EMP 11688,pranav.master58,Pranav Master,Accounts,Executive,Regional_Office,WS-11688,DEV-64997,Exited,09-Mar-2021 04:48:18,2024/06/06,NA
EMP-12633,aishani.sem75,Aishani Sem,Legal,Manager,remote,WS-12633,DEV-42346,Enabled,24/09/2022 03:53,NA,
EMP10045,kiaan.sen15,Kiaan Sen,Marketing,Executive,Warehouse,WS-10045,,Working,2023-09-12 03:25:20,not available,  manager905  
EMP12849,eiravati.agrawal54,Eiravati Agrawal,CS,Analyst,Data_Center,WS-12849,dev49156,Live,03-28-2020 08:29:48 PM,not available,
EMP10240,jalsa.bhatti59,Jalsa Bhatti,Mktg,Executive,,vdr-10240,dev54185,DISABLED,1730249411,,manager976
emp10251,aarini.memon10,Aarini Memon,IT Support,Director,REMOTE,VDR-10251,dev 18357,A,2020-07-06 04:59:07,,unknown
emp_10990,dalbir.reddy82,Dalbir Reddy,Sales,Analyst,work from home,VDR-10990,dev 86981,Live,,NA,manager252
EMP10457,darsh.sura85,Darsh Sura,sales dept,Trainee,REMOTE,VDR-10457,dev98643,Working,2021-04-06T20:28:44,,
EMP11272,umang.loke95,Umang Loke,Ops Team,Officer,Remote,VDR-11272,,A,26/11/2023 06:56,,manager461
emp_10676,yauvani_mannan99,Yauvani Mannan,R&D,Manager,Remote,LPT-10676,dev30643,Enabled,2020-02-17 09:37:22,NA,NA
EMP10772,gagan_bhandari75,Gagan Bhandari,Ops Team,Consultant,data center,VDR-10772,dev 97274,Live,31/08/2024 00:47,NA,manager411
EMP-11814,dipta_agate15,Dipta Agate,Procurement,Director,data center,WS-11814,dev49258,Enabled,04/09/2022,not available,manager868
EMP11533,abdul_mitra65,Abdul Mitra,Ops Team,Officer,data center,WS-11533,dev 85342,ACTIVE,1595851362,NA,manager678
emp_12356,vasatika.dhar45,Vasatika Dhar,R&D,Director,,WS-12356,DEV83798,ACTIVE,2022-06-01 15:27:54,not available,  manager828  
EMP11084,yadavi.pandit87,Yadavi Pandit,Innovation,Consultant,work from home,WS-11084,dev 61257,Working,1772923502,not available,manager813
EMP-11511,sudiksha.raman15,Sudiksha Raman,R&D,Manager,data center,LPT-11511,DEV23090,A,29-Oct-2021 23:06:37,not available,manager407
EMP12404,  ekiya.chakraborty63  ,Ekiya Chakraborty,marketing dept,Analyst,Work From Home,VDR-12404,,Active,,not available,manager734
emp10257,frederick.kaur54,Frederick Kaur,procurement team,Analyst,,LPT_10257,DEV-18819,Active,2020-04-14 07:37:42,,manager788
EMP12272,ekta.lal33,Ekta Lal,RnD,Trainee,Head_Office,VDR-12272,dev 88097,A,2023/10/14,,manager920
EMP10368,turvi.sarkar90,Turvi Sarkar,Supply Chain,Analyst,branch office,WS-10368,dev29441,ACTIVE,02-10-2022 04:32:03 AM,,NA
EMP12050,aditya.nayar99,Aditya Nayar,Purchase,Officer,data center,WS-12050.corp.local,dev80636,Active,2022-07-16T20:58:15,,unknown
12973,manya_chakrabarti30,Manya Chakrabarti,OPERATIONS,Director,WORK FROM HOME,LPT-12973,dev53857,Active,06-Apr-2023 22:53:35,not available,NA
EMP12844,OMAJA.MANGAT18,Omaja Mangat,Business Sales,Administrator,DATA CENTER,VDR-12844,dev19253,Working,1718838224,,manager722
emp10354,nidra.mall33,Nidra Mall,HR,Specialist,Regional_Office,VDR-10354,,Working,29/04/2024,,manager979
EMP11299,ojasvi_vohra60,Ojasvi Vohra,Compliance,Director,branch office,LPT-11299,dev 47148,A,18/10/2024,not available,manager694
emp_11864,isaac.bir96,Isaac Bir,Mktg,Executive,REGIONAL OFFICE,WS-11864.corp.local,DEV-98055,Active,05-17-2021 09:15:57 PM,NA,
EMP12219,dalaja.lata76,Dalaja Lata,Compliance,Executive,DATA CENTER,WS-12219,DEV33203,Live,16/02/2025,not available,
EMP11196,ODIKA.RAJAGOPAL41,Odika Rajagopal,Ops,Manager,Regional Office,WS-11196,,Active,1761058921,,manager759
EMP11830,  atharv.peri95  ,Atharv Peri,Ops Team,Consultant,warehouse,LPT-11830,dev97523,ACTIVE,2026-02-04 06:53:30,,manager798
EMP12202,upma.kohli12,Upma Kohli,Marketing,Analyst,Regional_Office,LPT-12202,DEV-82487,Live,2022/09/19,NA,manager756
EMP11302,,Ubika Bhakta,finance dept,Consultant,regional office,VDR-11302,,Working,30/01/2026,,unknown
EMP10682,dhruv.sami40,Dhruv Sami,RD,Trainee,branch office,LPT-10682,dev28837,L,,1767836603,manager816
EMP11381,jairaj_acharya41,Jairaj Acharya,hr dept,Consultant,Regional Office,WS-11381,dev 26784,Enabled,11/02/2024 22:10,NA,unknown
EMP10507,dipta.narayan36,Dipta Narayan,Finance,Officer,BRANCH OFFICE,WS-10507,DEV-92132,Active,2020-08-22 06:13:41,not available,
emp10211,krishna_seth41,Krishna Seth,OPERATIONS,Director,,WS-10211,DEV77499,Enabled,2022/09/18,,MANAGER225
EMP 11454,meera.kaur84,Meera Kaur,FINANCE,Director,,WS-11454,,ACTIVE,02-Feb-2024 08:00:54,not available,manager531
EMP10819,oni.wable49,Oni Wable,Procurement,Consultant,Branch Office,WS-10819,DEV-91522,Working,1781893768,NA,manager869
emp11650,charita.rattan19,Charita Rattan,Information Technology,Trainee,Data_Center,VDR-11650,dev80975,DISABLED,2023-06-03 16:30:48,31/01/2026 22:07,MANAGER515
EMP12909,varsha_swamy83,Varsha Swamy,Call Center,Officer,regional office,WS-12909,dev 95939,Blocked,11-01-2020 09:08:30 AM,1640142426,
EMP10582,charan.deshmukh24,Charan Deshmukh,sales team,Administrator,WORK FROM HOME,WS-10582,dev11653,ACTIVE,2026-07-14 13:05:32,NA,manager494
EMP10175,benjamin.rau26,Benjamin Rau,PURCH,Executive,Work From Home,ws-10175,dev16839,Working,1677483290,NA,manager205
EMP11712,vasatika.kunda70,Vasatika Kunda,information tech,Officer,Data_Center,VDR-11712,DEV61903,Live,08-29-2024 09:06:46 PM,not available,
emp_10430,dhruv.bose40,Dhruv Bose,Compliance,Consultant,REMOTE,WS-10430,dev 86751,Live,1609453523,not available,  manager987  
EMP11507,owen.badal65,Owen Badal,HR,Administrator,,VDR-11507,,Exited,,2024-12-03 15:40:19,manager362
EMP10744,  dayamai.din39  ,Dayamai Din,Ops,Director,head office,VDR-10744.corp.local,dev40885,Live,05/07/2024,,NA
11362,meghana.jaggi6,Meghana Jaggi,hr dept,Consultant,data center,WS-11362,DEV-92684,Working,2023-09-15 15:24:43,NA,manager588
EMP 11097,nirja.jani16,Nirja Jani,information tech,Executive,Warehouse,lpt-11097,dev 95542,Active,2024-10-13T14:45:26,not available,manager871
EMP10506,ekanta.ravel60,Ekanta Ravel,Innovation,Consultant,,WS-10506,dev 73828,A,30/06/2021 02:22,,MANAGER183
EMP10945,sachi.shetty87,Sachi Shetty,finance dept,Analyst,WAREHOUSE,WS-10945,dev33784,A,2020/06/30,NA,manager201
EMP11135,nandini.pai30,Nandini Pai,sales dept,Consultant,DATA CENTER,WS-11135,DEV18041,ACTIVE,2025-06-23T10:39:45,not available,manager212
emp11023,aashi.raju60,Aashi Raju,RD,Trainee,Head Office,LPT-11023,dev81883,Live,2026-01-26T00:29:44,,NA
emp10196,omaja.soman68,Omaja Soman,Ops Team,Director,REMOTE,VDR-10196.corp.local,DEV-46528,A,18/12/2020 11:20,NA,manager290
EMP-12512,,Nihal Lanka,CS,Trainee,BRANCH OFFICE,WS-12512,DEV-62698,ACTIVE,2023/09/28,NA,manager806
EMP10088,hema.yadav5,Hema Yadav,Business Sales,Administrator,Regional_Office,WS-10088,dev69510,A,1640496024,NA,unknown
EMP11047,riya.trivedi40,Riya Trivedi,Research and Development,Administrator,,VDR-11047.corp.local,,Enabled,,NA,manager580
EMP12878,zayyan.contractor3,Zayyan Contractor,Customer Support,Engineer,work from home,WS-12878,DEV-71597,Terminated,18/03/2026 14:53,1774179151,unknown
EMP 12025,oliver.devan65,Oliver Devan,RnD,Analyst,regional office,VDR-12025,DEV-67855,A,10/07/2021 06:21,not available,  manager657  
EMP12943,jatin.garde4,Jatin Garde,Supply Chain,Executive,branch office,LPT-12943,,Enabled,08-02-2022 03:16:19 PM,not available,NA
EMP-10678,AVI.KALLA37,Avi Kalla,Purchase,Engineer,BRANCH OFFICE,LPT-10678,DEV50812,Enabled,11-18-2022 10:12:09 AM,NA,manager151
EMP11034,anamika.gala90,Anamika Gala,Legal,Executive,,lpt-11034,DEV93277,Enabled,06-Nov-2025 09:02:37,not available,manager971
EMP10564,rayaan.aggarwal35,Rayaan Aggarwal,PURCH,Director,Remote,WS-10564.corp.local,,Active,06-06-2024 11:46:49 AM,,NA
EMP10343,AYAAN.KALA66,Ayaan Kala,sales dept,Director,Remote,,DEV-17152,Blocked,13/01/2022,29-Dec-2022 21:20:26,manager753
EMP12346,upasna.vig49,Upasna Vig,PURCH,Engineer,Warehouse,WS-12346,,Working,1673870309,not available,NA
10025,NAVEEN.JOHAL55,Naveen Johal,FINANCE,Administrator,DATA CENTER,LPT-10025,DEV19880,ACTIVE,05/09/2024 19:13,NA,manager767
emp10940,,Mekhala Talwar,Supply Chain,Analyst,warehouse,VDR-10940,dev 34824,ACTIVE,1712762875,,
11859,aachal.sarraf5,Aachal Sarraf,sales dept,Specialist,,,dev44782,A,,not available,manager941
12892,nirja.bhakta26,Nirja Bhakta,IT Support,Officer,Warehouse,VDR-12892,dev 26926,Blocked,21/09/2022,06-Dec-2024 23:55:26,NA
EMP12795,zehaan.naik32,Zehaan Naik,procurement team,Manager,data center,lpt-12795,dev94752,Active,2024/01/08,not available,manager391
EMP11488,gaurangi.viswanathan21,Gaurangi Viswanathan,R&D,Consultant,REGIONAL OFFICE,LPT_11488,DEV32965,Live,2026-01-23 13:39:45,not available,
emp_11525,yamini.cherian93,Yamini Cherian,Procurement,Trainee,Head_Office,VDR-11525,DEV-61126,ACTIVE,03/01/2026,not available,manager386
EMP 12422,madhav.grover92,Madhav Grover,Operations,Officer,Branch_Office,WS-12422,DEV-81229,Working,2024-03-31 21:40:58,,unknown
12574,vanya.rana13,Vanya Rana,sales dept,Trainee,head office,lpt-12574,DEV-78601,LEFT,16/09/2022,11/04/2025 12:46,manager478
EMP10650,darika.sha73,Darika Sha,Finance,Executive,Work_From_Home,LPT-10650,dev33444,A,08/06/2020 09:59,,manager416
EMP 10867,nathan.madan77,Nathan Madan,Information Technology,Analyst,Remote,VDR-10867,dev 91219,Live,2023-05-11T06:43:38,NA,manager235
11350,utkarsh.nadig92,Utkarsh Nadig,operations dept,Engineer,Data Center,VDR-11350,dev14272,Enabled,1618122166,not available,manager764
EMP10067,wyatt.bora78,Wyatt Bora,People Team,Executive,remote,LPT-10067,DEV85849,ACTIVE,08-27-2022 05:13:05 AM,NA,  manager484  
EMP12249,hemal.naik73,Hemal Naik,Operations,Analyst,Head_Office,lpt-12249,DEV-64746,Working,2025-12-13 16:38:39,not available,NA
EMP10621,bhanumati_ratta30,Bhanumati Ratta,SALES,Consultant,,VDR-10621,dev 21247,A,06-18-2020 10:38:57 AM,NA,manager735
EMP10651,  pranit.srinivas94  ,Pranit Srinivas,RD,Administrator,,LPT-10651.corp.local,,L,,2023-11-17 15:02:30,manager609
EMP12195,BALENDRA.JHA12,Balendra Jha,Procurement,Officer,Regional_Office,WS_12195,DEV43113,Working,,not available,NA
EMP10602,sai_goda99,Sai Goda,Purchase,Consultant,REGIONAL OFFICE,ws-10602,DEV-97194,ACTIVE,2020/11/19,not available,manager284
EMP 12911,charan.dhawan17,Charan Dhawan,sales team,Trainee,Work_From_Home,LPT-12911,dev87264,Enabled,19/04/2023,,manager336
EMP10423,bahadurjit.dyal80,Bahadurjit Dyal,Legal,Specialist,HEAD OFFICE,LPT-10423,DEV-77045,On Leave,03-08-2023 04:35:37 PM,NA,  manager708  
emp12171,  bishakha.bajaj79  ,Bishakha Bajaj,hr dept,Director,Head Office,lpt-12171,,Active,,NA,
EMP12805,anamika.hayer81,Anamika Hayer,MKT,Engineer,Head_Office,LPT-12805.corp.local,DEV-36174,A,,NA,unknown
EMP11910,  jonathan.lalla10  ,Jonathan Lalla,Human Resources,Officer,Data_Center,VDR-11910.corp.local,dev 27789,A,10-28-2021 12:47:43 PM,not available,manager199
EMP12861,  lakshmi.gill13  ,Lakshmi Gill,Accounts,Manager,branch office,vdr-12861,dev81834,Active,16-Jul-2024 01:07:45,NA,
11113,RACHANA.JANI60,Rachana Jani,Support,Administrator,Remote,WS-11113,dev 78235,Exited,12-11-2021 05:53:16 PM,09-07-2022 08:46:26 PM,NA
11477,odika.mann97,Odika Mann,Ops Team,Trainee,,WS-11477.corp.local,DEV-13875,Live,2024-12-22 08:03:20,not available,MANAGER460
EMP11553,zaid_chad19,Zaid Chad,legal,Analyst,WAREHOUSE,WS-11553.corp.local,dev 88447,ACTIVE,1623401097,not available,manager115
EMP10124,sathvik.kadakia72,Sathvik Kadakia,Ops Team,Specialist,BRANCH OFFICE,vdr-10124,dev 18285,A,2023/12/13,NA,NA
EMP12541,saumya.contractor14,Saumya Contractor,Support,Specialist,Head_Office,LPT-12541,dev 35220,Working,2024-06-21T17:30:24,not available,manager804
EMP12903,farhan.pathak41,Farhan Pathak,Business Sales,Specialist,warehouse,,dev81387,Working,2025/10/30,not available,  manager563  
emp11866,leena.sankaran10,Leena Sankaran,finance dept,Manager,Work_From_Home,lpt-11866,DEV41398,A,21/07/2026 08:40,not available,NA
EMP11872,janani.narula52,Janani Narula,sales team,Executive,Branch_Office,VDR-11872.corp.local,,Working,12-26-2024 05:45:30 PM,,manager168
EMP10532,jack.mallick72,Jack Mallick,R&D,Executive,REMOTE,VDR_10532,dev 82733,Working,1660153360,NA,manager892
EMP12009,gautam.bala88,Gautam Bala,marketing dept,Manager,Data_Center,WS_12009,DEV-80016,Active,2021-03-16T11:22:45,NA,NA
EMP11057,turvi.devan14,Turvi Devan,PURCH,Consultant,Work_From_Home,LPT-11057,dev 45261,Enabled,13-May-2026 20:33:55,NA,manager415
EMP12907,ekani.kalita20,Ekani Kalita,IT Dept,Trainee,DATA CENTER,LPT-12907,DEV-29783,ACTIVE,25-May-2023 02:38:26,not available,MANAGER284
EMP11690,madhav.handa28,Madhav Handa,People Team,Analyst,data center,WS-11690,DEV29647,Active,,NA,manager501
EMP11487,manya.sridhar12,Manya Sridhar,Ops,Analyst,Regional Office,VDR-11487,dev 95736,Working,2024-05-07T15:56:04,not available,NA
EMP10557,watika.sami2,Watika Sami,finance dept,Director,Data Center,LPT-10557,DEV-92660,Enabled,1771260741,not available,manager598
EMP12561,OVIYA.PRADHAN73,Oviya Pradhan,Human Resource,Specialist,Head_Office,WS-12561,DEV48217,Active,2024-10-28 09:30:27,not available,  manager547  
EMP11173,,Adya Mutti,Legal,Engineer,,LPT-11173,DEV-17322,Enabled,2020-12-30 05:44:06,NA,NA
EMP10176,lajita.choudhury92,Lajita Choudhury,CS,Manager,,LPT-10176,dev31012,Active,2024-05-13 22:21:16,NA,manager547
emp_10322,bakhshi.dora47,Bakhshi Dora,Support,Analyst,Work From Home,VDR-10322,dev 67850,Live,2023-08-13 21:49:53,,manager949
EMP 11188,pranav.dara5,Pranav Dara,MKT,Executive,Branch_Office,VDR-11188,DEV70700,Enabled,1745864704,not available,manager835
11461,,Laksh Luthra,Operations,Administrator,Data_Center,WS-11461,DEV98473,A,,not available,manager283
emp12478,tanay.khosla86,Tanay Khosla,MKT,Executive,REGIONAL OFFICE,WS-12478,dev28342,Working,1661757190,not available,manager218
EMP-11545,  hritik.shan95  ,Hritik Shan,PURCH,Consultant,REGIONAL OFFICE,WS-11545,DEV-64411,Live,10-09-2020 01:51:57 AM,,NA
EMP10695,charita_dhingra41,Charita Dhingra,Legal,Director,data center,ws-10695,dev81449,A,2021/06/22,NA,manager292
EMP11628,gautami.chaudhry69,Gautami Chaudhry,Information Technology,Director,Regional Office,VDR-11628,DEV-78679,Blocked,,08-Jul-2024 02:07:44,NA
EMP10080,ubika.anne68,Ubika Anne,Supply Chain,Administrator,Head_Office,LPT-10080,dev48829,Live,11/07/2021 12:07,not available,manager825
EMP12525,oeshi.gara54,Oeshi Gara,R&D,Director,Remote,VDR-12525,dev 96412,Terminated,2025/05/01,NA,NA
EMP11149,ekaraj.kaur18,Ekaraj Kaur,marketing dept,Analyst,REGIONAL OFFICE,LPT-11149,dev37521,Live,01-05-2020 08:23:19 AM,not available,manager747
EMP11151,aadhya.saini38,Aadhya Saini,Ops Team,Analyst,regional office,LPT-11151,DEV-56593,ACTIVE,18-May-2022 23:11:00,not available,manager116
emp10862,gauri.nagi49,Gauri Nagi,Fin,Director,work from home,,dev 88654,Working,29/05/2022,not available,manager293
emp11260,alexander.gaba61,Alexander Gaba,customer care,Trainee,REMOTE,,DEV25509,Exited,2020-09-18 04:28:21,,MANAGER614
EMP-10439,WILLIAM.SANKARAN18,William Sankaran,Ops,Trainee,,,DEV-31611,Resigned,2023-06-07T07:03:41,,manager234
EMP10471,ekaraj_sharaf36,Ekaraj Sharaf,Legal Dept,Consultant,Remote,WS-10471,dev 27481,A,2025-02-14T23:28:45,not available,manager866
EMP 12230,chakradev.loyal14,Chakradev Loyal,HR,Consultant,,WS-12230,DEV20599,Working,2020/05/15,NA,  manager332  
emp_12011,  wishi.ganesh63  ,Wishi Ganesh,procurement team,Officer,WORK FROM HOME,LPT-12011,dev23413,Active,03-22-2022 04:54:18 AM,not available,manager529
EMP11706,JYOTI.SARAF98,Jyoti Saraf,Operations,Manager,Remote,WS_11706,,Live,27-Feb-2025 11:05:04,not available,  manager266  
EMP10812,advika.mani57,Advika Mani,sales team,Officer,Data_Center,WS-10812,,Active,1596522365,NA,NA
EMP11234,gaurika.chopra35,Gaurika Chopra,Brand Team,Trainee,BRANCH OFFICE,LPT-11234,dev 55685,Live,1752836459,not available,manager863
EMP12246,unni.hayer3,Unni Hayer,Finance,Consultant,WORK FROM HOME,WS-12246,DEV68351,A,16-Jun-2020 17:17:41,not available,manager281
EMP10568,mekhala.nadig40,Mekhala Nadig,Business Sales,Engineer,regional office,WS-10568,dev 68085,Enabled,02-11-2021 08:43:50 PM,not available,manager274
EMP12425,jeet.rajagopalan64,Jeet Rajagopalan,RnD,Officer,data center,lpt-12425,dev 51114,ACTIVE,,not available,unknown
11653,BALHAAR.BHAKTA94,Balhaar Bhakta,procurement team,Consultant,,vdr-11653,dev 63504,A,1660219368,,manager244
EMP10141,,Nidhi Murty,Operations,Executive,,LPT-10141,,OOO,11/10/2024 02:08,,manager225
EMP10511,samaksh.dutt66,Samaksh Dutt,Finance,Trainee,BRANCH OFFICE,lpt-10511,,Left,10-Aug-2025 17:25:10,NA,manager849
EMP-11612,  aarush.vasa18  ,Aarush Vasa,Operations,Executive,,WS-11612,DEV56551,ACTIVE,2023/08/30,not available,NA
emp12605,tripti.chander54,Tripti Chander,Call Center,Analyst,data center,,dev 44035,LEFT,,,NA
EMP 11809,GIRISH.ATWAL74,Girish Atwal,Brand Team,Trainee,,WS-11809,,A,25/01/2026,not available,manager755
emp12866,ABHIRAM.BAHRI83,Abhiram Bahri,Customer Support,Trainee,,WS-12866,,ACTIVE,2022-06-20T09:08:47,not available,manager634
EMP11684,timothy.gopal8,Timothy Gopal,Supply Chain,Director,head office,VDR-11684,DEV-68449,Live,01/05/2026 08:41,not available,manager426
EMP10610,ojasvi.gour94,Ojasvi Gour,HR,Consultant,work from home,WS-10610,,A,,NA,manager939
emp_12810,garima.kant8,Garima Kant,CS,Executive,Regional_Office,LPT-12810,DEV-20476,Live,2020-07-16T08:39:00,,MANAGER863
EMP11966,varsha.bhakta93,Varsha Bhakta,FINANCE,Engineer,,VDR-11966,DEV76303,Active,2022-01-16 02:18:51,not available,MANAGER443
EMP10831,nilima.bahri98,Nilima Bahri,operations dept,Executive,WAREHOUSE,WS-10831,DEV-57622,LWP,,not available,  manager967  
EMP 10177,jason.rege12,Jason Rege,Sales,Trainee,Remote,LPT-10177,DEV64381,Working,04-08-2024 04:21:48 PM,NA,manager495
EMP 10857,manbir_subramaniam95,Manbir Subramaniam,Finance,Administrator,,VDR-10857,DEV-87728,DISABLED,2022/05/25,1764746732,  manager502  
EMP10693,wriddhish.babu12,Wriddhish Babu,Supply Chain,Analyst,warehouse,VDR-10693,dev 62978,Deactivated,2022/07/02,02-May-2026 18:32:06,manager154
EMP11736,vanya.desai85,Vanya Desai,Ops Team,Officer,,LPT_11736,dev 52036,Enabled,12-13-2022 10:22:07 AM,not available,manager694
emp11072,yashoda.kannan15,Yashoda Kannan,Research and Development,Officer,Branch Office,lpt-11072,dev37740,Enabled,11-Aug-2025 18:09:36,NA,manager208
EMP11278,niharika.lad59,Niharika Lad,PURCH,Consultant,,LPT-11278,DEV11092,A,30-Oct-2025 20:34:33,NA,manager797
EMP11503,turvi.pillay41,Turvi Pillay,Support,Consultant,,WS-11503,dev 94984,A,06-19-2024 08:29:59 PM,not available,MANAGER595
EMP10183,arjun.dara86,Arjun Dara,hr dept,Officer,remote,LPT-10183,dev78951,Active,26-Apr-2024 03:05:01,NA,manager499
EMP11468,neelima_varty56,Neelima Varty,People Team,Engineer,Warehouse,ws-11468,dev 49741,Live,1722565823,,NA
EMP12227,sanaya.korpal34,Sanaya Korpal,RnD,Engineer,HEAD OFFICE,LPT-12227,DEV65008,A,2024-08-11T16:42:44,,unknown
emp12727,unni.borra40,Unni Borra,Ops Team,Analyst,,ws-12727,,Blocked,2024-10-12 09:10:19,,
EMP 10565,vidhi.balan53,Vidhi Balan,FINANCE,Executive,Work From Home,LPT_10565,DEV26389,A,18/08/2025 19:58,NA,manager861
EMP12901,advay.jayaraman98,Advay Jayaraman,legal,Consultant,Work_From_Home,WS-12901,DEV81061,Active,23/10/2023 22:52,,manager665
EMP12340,gautami.contractor31,Gautami Contractor,IT Support,Trainee,regional office,WS-12340,dev 40030,Blocked,2022-08-05 06:16:54,15-May-2025 23:23:09,manager252
EMP11985,yochana.shere98,Yochana Shere,Compliance,Analyst,REGIONAL OFFICE,WS-11985,,Enabled,1660918045,,MANAGER841
11829,azad.dewan44,Azad Dewan,PURCH,Consultant,Work_From_Home,,DEV43827,Live,2024/08/29,NA,
EMP12850,jatin.nigam57,Jatin Nigam,information tech,Engineer,warehouse,WS-12850,dev 16862,Active,2020-04-17 08:28:24,,manager420
EMP10486,  thomas.kaul29  ,Thomas Kaul,sales dept,Consultant,Remote,WS-10486,dev48479,Live,2026-05-27 10:04:33,,manager586
EMP12940,aryan.prabhu29,Aryan Prabhu,Mktg,Specialist,warehouse,VDR-12940,dev 15192,Enabled,2021-10-10 14:01:58,NA,manager533
EMP11204,karan.zachariah68,Karan Zachariah,sales team,Administrator,Branch Office,,dev 22116,L,08-24-2023 09:49:59 AM,1732720511,manager457
10370,TEJAS.DHALIWAL72,Tejas Dhaliwal,Customer Support,Engineer,head office,WS-10370,DEV23357,Deactivated,03-10-2021 07:43:29 AM,2021-09-17T22:06:43,NA
emp10162,jason.dayal95,Jason Dayal,Information Technology,Trainee,Work_From_Home,VDR-10162,dev 95437,ACTIVE,22/02/2025 16:30,,manager254
EMP 12646,lavanya.grover78,Lavanya Grover,Information Technology,Director,Regional_Office,VDR-12646,DEV13959,D,2024/05/25,not available,manager502
12650,hemal.sarin58,Hemal Sarin,Information Technology,Trainee,,VDR-12650,dev 70735,Working,19-Nov-2022 05:44:28,not available,manager262
emp_12931,JANYA.BORA79,Janya Bora,Human Resource,Director,,WS-12931.corp.local,DEV-10385,A,16-May-2021 22:55:58,,unknown
EMP11911,joshua.ahluwalia5,Joshua Ahluwalia,Marketing,Analyst,warehouse,WS_11911,dev25765,Leave,2025-06-20 18:59:19,NA,
EMP 10729,INAYA.CHAUDHURI44,Inaya Chaudhuri,HR,Trainee,Work From Home,,DEV94907,ACTIVE,09-18-2024 04:41:17 PM,not available,manager493
emp_10969,URVASHI.UPADHYAY40,Urvashi Upadhyay,Human Resource,Manager,HEAD OFFICE,,DEV-66616,DISABLED,,01/10/2025,NA
EMP10670,,Lekha Prabhu,IT Dept,Administrator,DATA CENTER,LPT-10670,dev 75149,Resigned,2023-02-28 11:16:46,12/06/2024 14:05,MANAGER409
EMP10887,EKAPAD.AGARWAL62,Ekapad Agarwal,MKT,Executive,BRANCH OFFICE,VDR-10887,DEV49375,Deactivated,13-Jun-2024 04:34:14,2024-08-26 08:00:34,manager146
10030,karan.hari9,Karan Hari,PURCH,Manager,Regional Office,LPT-10030,dev 62923,ACTIVE,04/11/2024 22:04,,manager708
emp_11055,urmi.sunder11,Urmi Sunder,Support,Engineer,data center,LPT-11055,dev 65950,Working,27-Jul-2022 23:07:26,NA,manager645
EMP12079,upasna.choudhary60,Upasna Choudhary,Call Center,Officer,warehouse,VDR-12079,dev 67458,Live,2021/10/16,,MANAGER839
EMP11583,hemang.bansal35,Hemang Bansal,HR,Trainee,Warehouse,VDR-11583,DEV84136,Live,31/05/2024 08:58,NA,
EMP 11591,  dalaja.tak30  ,Dalaja Tak,OPERATIONS,Administrator,Head_Office,VDR-11591.corp.local,DEV21853,A,30/08/2022 05:19,NA,manager754
EMP10173,dalbir.sem96,Dalbir Sem,R&D,Engineer,WAREHOUSE,LPT-10173,dev50562,ON_LEAVE,,not available,
EMP-11962,abhimanyu.krishnamurthy64,Abhimanyu Krishnamurthy,Mktg,Administrator,WORK FROM HOME,VDR-11962,,LWP,2023-07-14T22:44:18,not available,NA
EMP10296,osha.kapur39,Osha Kapur,information tech,Director,Remote,VDR-10296,dev 59792,Blocked,,08-19-2024 06:56:50 PM,NA
EMP 10325,liam.tandon27,Liam Tandon,sales team,Analyst,WAREHOUSE,ws-10325,dev 79767,A,2024-07-31 21:29:41,,manager820
11236,JAGDISH.CHAUDHRY92,Jagdish Chaudhry,marketing dept,Director,Head_Office,VDR-11236,,ACTIVE,2021-10-01 11:55:52,not available,unknown
EMP11988,hemal.gokhale89,Hemal Gokhale,Supply Chain,Specialist,Data_Center,WS-11988,,Enabled,02/04/2021,not available,
EMP11738,yamini.bala47,Yamini Bala,Legal Dept,Manager,warehouse,WS-11738,DEV28040,ACTIVE,2023/01/19,not available,MANAGER561
EMP12759,ekanta.gola20,Ekanta Gola,sales team,Trainee,REMOTE,LPT-12759,,Active,07/04/2022 05:47,not available,manager514
EMP11472,anamika_singh82,Anamika Singh,Operations,Manager,branch office,LPT-11472,DEV-12368,Enabled,2021-11-17 19:15:29,,manager394
emp_11925,triya.narasimhan75,Triya Narasimhan,hr dept,Executive,,LPT-11925,DEV79932,L,,2024-04-26 14:13:10,unknown
EMP12714,inaya.kapadia64,Inaya Kapadia,PURCH,Specialist,WAREHOUSE,LPT-12714,dev32601,A,21-Jul-2021 18:59:08,NA,  manager272  
EMP10605,owen.kashyap42,Owen Kashyap,procurement team,Engineer,Warehouse,vdr-10605,,Working,2024/09/05,NA,NA
EMP11283,ranbir.kalita61,Ranbir Kalita,Ops Team,Engineer,Work From Home,vdr-11283,dev93498,Working,2023-05-25 00:04:00,NA,
EMP 12671,victor.kumer39,Victor Kumer,sales dept,Specialist,Head_Office,WS-12671,dev43953,Working,04-17-2020 11:34:26 AM,,manager277
EMP12626,nimrat.rattan2,Nimrat Rattan,Business Sales,Engineer,Remote,LPT_12626,dev 95036,Working,2022/03/12,not available,
EMP12881,nirja.virk29,Nirja Virk,IT,Specialist,WORK FROM HOME,ws-12881,dev 19065,A,1757144550,NA,manager697
emp12669,vyanjana.jayaraman1,Vyanjana Jayaraman,Legal,Trainee,,WS-12669,dev12844,Active,1724306001,not available,manager832
10073,eta.saini12,Eta Saini,marketing dept,Trainee,BRANCH OFFICE,ws-10073,,Working,2023-03-23 11:29:26,NA,manager606
EMP10048,george_dayal65,George Dayal,Brand Team,Director,Remote,WS-10048,dev48752,Working,,,  manager488  
emp12258,megha_bal48,Megha Bal,Purchase,Consultant,branch office,LPT-12258,,Active,2020-04-13T07:52:17,not available,manager598
11916,CHANDRAN.BATTA95,Chandran Batta,hr dept,Specialist,head office,vdr-11916,DEV46078,Enabled,02-May-2021 15:21:02,not available,manager146
EMP-11815,YATIN.SODHI3,Yatin Sodhi,Sales,Director,WORK FROM HOME,VDR-11815,DEV29289,ACTIVE,1736329122,not available,unknown
EMP10535,  vansha.dar1  ,Vansha Dar,People Team,Executive,data center,VDR-10535,,A,2022-03-28 09:33:40,,  manager181  
EMP 11270,pallavi.prashad61,Pallavi Prashad,hr dept,Analyst,Work From Home,LPT-11270,dev84352,ACTIVE,22/06/2022 01:04,not available,unknown
emp12132,daksha.ratti52,Daksha Ratti,Mktg,Administrator,,LPT-12132,dev31065,Live,03-Nov-2023 02:43:17,,
EMP11665,oni_goda48,Oni Goda,Human Resource,Executive,Branch_Office,VDR-11665.corp.local,dev49335,Working,2021-04-09 10:29:03,,manager909
EMP-11071,faqid.dani64,Faqid Dani,hr dept,Administrator,Work From Home,VDR_11071,dev81925,LWP,21/12/2023 07:21,,manager556
EMP11566,ekani.panchal59,Ekani Panchal,Human Resource,Manager,WAREHOUSE,VDR-11566,dev 48759,Enabled,1671151472,,MANAGER546
EMP12748,nisha.babu33,Nisha Babu,Procurement,Executive,WORK FROM HOME,VDR-12748,,ACTIVE,1578232125,,manager559
emp12206,utkarsh.mittal36,Utkarsh Mittal,Ops,Specialist,,WS_12206,DEV19769,ACTIVE,11-10-2025 05:55:15 PM,not available,manager543
12780,MICHAEL.ZACHARIA55,Michael Zacharia,Legal,Specialist,WORK FROM HOME,LPT-12780,DEV91577,Exited,01-Oct-2024 19:38:24,,manager682
EMP10838,,Damyanti Dasgupta,Finance,Engineer,branch office,vdr-10838,dev99824,Active,14/09/2023 16:56,not available,manager980
EMP11094,  bimala.narasimhan13  ,Bimala Narasimhan,Ops Team,Manager,Regional_Office,vdr-11094,DEV-34233,Working,17/12/2025 03:06,not available,manager669
EMP11345,lipika.gupta33,Lipika Gupta,IT Support,Consultant,,VDR-11345,,Working,12-22-2022 01:43:58 PM,,  manager619  
EMP12304,hiral.sheth32,Hiral Sheth,Marketing,Engineer,Work_From_Home,LPT-12304,dev41573,Active,03/01/2026,NA,
EMP11233,shivansh_karan47,Shivansh Karan,hr dept,Engineer,head office,WS-11233,DEV-28161,Active,03-11-2026 12:31:04 AM,,manager229
EMP12597,ONI.DHAR38,Oni Dhar,Innovation,Trainee,,LPT-12597.corp.local,DEV96820,Live,2020-07-05 16:35:59,NA,manager470
EMP11846,,Chakrika Mohanty,IT Dept,Manager,Head_Office,vdr-11846,DEV25429,A,10-26-2023 05:54:56 PM,not available,manager840
EMP12829,wridesh_varkey26,Wridesh Varkey,IT,Manager,,LPT-12829,dev99049,Enabled,07/10/2020,not available,MANAGER928
EMP10324,hemal.menon31,Hemal Menon,SALES,Specialist,regional office,WS-10324,,Enabled,2021-05-30 16:29:11,not available,manager903
EMP10759,rohan.samra17,Rohan Samra,Operations,Administrator,BRANCH OFFICE,VDR-10759,dev21892,Active,2025-09-09T14:54:39,,MANAGER820
EMP11509,deepa.keer12,Deepa Keer,Business Sales,Manager,BRANCH OFFICE,VDR-11509,DEV-49683,Working,1638929018,NA,manager879
EMP11731,,Mahika Bhargava,Business Sales,Manager,DATA CENTER,vdr-11731,,Enabled,2024/03/25,not available,manager576
EMP12349,chanchal.bobal40,Chanchal Bobal,hr dept,Engineer,,LPT-12349,DEV-66360,Exited,2025/04/11,2026-05-29 10:03:53,manager564
EMP-11883,falak_handa71,Falak Handa,Customer Support,Manager,work from home,VDR-11883,DEV-81950,Exited,2025-11-15 06:05:09,17/06/2026 18:31,manager202
EMP 10599,anmol.sawhney11,Anmol Sawhney,RD,Analyst,Remote,VDR-10599,dev 64519,Deactivated,01-10-2026 12:39:06 AM,2026/04/23,manager851
12163,ethan.dhillon39,Ethan Dhillon,Fin,Administrator,Warehouse,VDR-12163,DEV42796,Enabled,2022-06-30 07:19:38,,unknown
EMP10433,nandini.ravel92,Nandini Ravel,FINANCE,Manager,DATA CENTER,,dev 92710,Leave,31/08/2022,not available,manager104
EMP12379,joshua.dyal71,Joshua Dyal,Brand Team,Engineer,Remote,,dev 52894,ACTIVE,2021-11-18T12:22:28,NA,manager328
EMP11547,ryan.rau52,Ryan Rau,People Team,Consultant,Remote,ws-11547,dev18559,A,2025-07-18 16:46:50,not available,manager818
EMP 11744,avi.basak59,Avi Basak,Finance,Engineer,regional office,LPT-11744,dev76127,DISABLED,2024/03/18,08/07/2024 17:03,
EMP 10239,JATIN.CHADA37,Jatin Chada,RD,Officer,Warehouse,ws-10239,DEV-27589,Deactivated,2023-12-25 02:09:29,17/06/2024,manager848
EMP 10817,geetika.ganesh63,Geetika Ganesh,Call Center,Administrator,BRANCH OFFICE,WS-10817,dev24160,A,2024-02-29T07:56:16,,manager743
EMP12661,deepa.jha15,Deepa Jha,R&D,Executive,warehouse,WS-12661,DEV68143,ACTIVE,20/01/2022,,
EMP11177,lekha.jhaveri61,Lekha Jhaveri,LEGAL,Consultant,,VDR-11177,DEV-11731,Live,04-29-2021 07:48:08 AM,NA,manager757
EMP-12963,balendra_rao10,Balendra Rao,Brand Team,Consultant,Regional_Office,VDR_12963,,Working,23/10/2020,NA,
EMP 11730,wridesh.rajan59,Wridesh Rajan,PURCH,Officer,Remote,WS-11730,DEV-12956,ACTIVE,30/01/2024 10:53,not available,
emp12533,qarin.hayer3,Qarin Hayer,finance dept,Officer,Branch_Office,ws-12533,,Enabled,,not available,NA
EMP 12225,pavani.memon61,Pavani Memon,FINANCE,Officer,Branch_Office,VDR-12225,DEV-90088,Working,2026-02-18 10:34:01,NA,unknown
12523,lohit.bhasin66,Lohit Bhasin,Human Resources,Administrator,regional office,WS-12523,dev98661,Enabled,2020-12-26 14:00:15,,manager692
EMP11483,MEKHALA.CHOUDHARY37,Mekhala Choudhary,RnD,Executive,WORK FROM HOME,LPT-11483.corp.local,dev62435,A,1720823161,NA,
EMP10912,mohammed.devan20,Mohammed Devan,Operations,Consultant,Work_From_Home,lpt-10912,dev 26119,Deactivated,26/09/2023,not available,NA
EMP12096,bhavini.mutti77,Bhavini Mutti,Operations,Executive,WORK FROM HOME,VDR-12096,DEV-86475,Working,2020-02-23T02:12:48,,NA
emp11965,DAMYANTI.MADAN68,Damyanti Madan,Innovation,Consultant,Work From Home,LPT-11965,dev 86881,Enabled,19-Jun-2023 08:55:31,,
emp10926,ishaan.narang92,Ishaan Narang,PURCH,Executive,Regional Office,WS-10926,DEV-78113,A,22-Nov-2020 22:17:17,NA,manager696
emp12212,MATTHEW.BATH56,Matthew Bath,Customer Support,Officer,WAREHOUSE,VDR_12212,dev 84154,Working,1719876367,,unknown
EMP 11421,bina.kar2,Bina Kar,SALES,Trainee,REMOTE,VDR-11421.corp.local,DEV35544,A,22-Aug-2022 08:24:29,not available,  manager477  
EMP12579,balveer.nair93,Balveer Nair,Information Technology,Executive,Regional Office,VDR-12579,dev 22006,ACTIVE,17/04/2021 21:25,not available,unknown
emp10594,gabriel.mistry80,Gabriel Mistry,Ops Team,Specialist,,ws-10594,dev 18302,A,2024/08/01,not available,NA
EMP10601,urmi.borra25,Urmi Borra,customer care,Engineer,warehouse,VDR_10601,DEV-33448,ACTIVE,1727661797,,manager208
emp_10637,hitesh.shroff73,Hitesh Shroff,PURCH,Engineer,WAREHOUSE,,DEV40266,Enabled,2023-01-21 04:28:01,NA,manager898
EMP12899,nidhi.dayal3,Nidhi Dayal,Legal Dept,Executive,BRANCH OFFICE,LPT-12899,DEV-70315,A,2021-11-14T17:07:51,not available,  manager221  
emp11795,agastya.kala68,Agastya Kala,Ops,Consultant,,WS_11795,DEV76526,Live,1696536132,,manager481
EMP11010,  kiaan.issac82  ,Kiaan Issac,Mktg,Manager,,LPT_11010,dev 98458,Active,09/04/2020,,NA
EMP10680,chanchal.srivastava91,Chanchal Srivastava,Purchase,Specialist,,VDR_10680,DEV-68436,Live,08-28-2022 05:15:49 PM,not available,manager302
emp12431,lohit.raja77,Lohit Raja,Supply Chain,Administrator,WAREHOUSE,,DEV79054,Active,05-14-2021 08:21:14 PM,,manager303
emp11778,  viraj.wadhwa36  ,Viraj Wadhwa,marketing dept,Specialist,Data_Center,VDR-11778,dev96391,Working,2025-03-19T16:35:57,not available,
EMP-10414,garima.bedi78,Garima Bedi,People Team,Engineer,Data Center,LPT-10414,DEV-63368,A,,,manager482
10874,dominic.shenoy64,Dominic Shenoy,Human Resources,Executive,Head_Office,WS-10874,DEV22265,Working,1654103729,not available,manager272
EMP10527,william.modi62,William Modi,Legal Dept,Consultant,Warehouse,,,ACTIVE,,not available,manager884
EMP11512,samesh_sangha73,Samesh Sangha,Information Technology,Specialist,Data Center,lpt-11512,dev 68017,Live,2021-08-28T05:14:55,not available,manager750
EMP12548,nachiket.singh66,Nachiket Singh,Innovation,Manager,Regional_Office,WS-12548,,Live,,,manager943
EMP10108,AAHANA.SAMRA10,Aahana Samra,RnD,Administrator,remote,VDR-10108,dev62098,Live,1666035452,not available,unknown
EMP11206,guneet.lalla74,Guneet Lalla,LEGAL,Analyst,,VDR-11206.corp.local,dev36025,A,2025-09-06 06:53:35,,manager248
emp12414,ishani.bava73,Ishani Bava,Finance,Analyst,Data_Center,,,Enabled,17/09/2020,not available,manager719
EMP-12439,zinal.agarwal70,Zinal Agarwal,Legal Dept,Executive,Data Center,WS-12439,DEV-23730,ACTIVE,09-11-2024 11:17:10 AM,not available,manager895
EMP11116,sneha.devi66,Sneha Devi,Call Center,Manager,DATA CENTER,LPT-11116,dev 90777,Working,2026-05-06 11:37:20,not available,manager535
EMP10318,saumya.mody46,Saumya Mody,Information Technology,Trainee,Branch_Office,LPT-10318,dev60324,LWP,1713514284,NA,manager518
EMP 11951,HARSH.DUGAR36,Harsh Dugar,Mktg,Officer,WAREHOUSE,VDR-11951,DEV76219,Resigned,10/03/2020 21:07,05-29-2026 08:02:08 AM,manager347
EMP-11161,neel.venkataraman70,Neel Venkataraman,HR,Analyst,,LPT-11161,dev23476,Enabled,2020-11-14T15:52:55,,  manager956  
12700,ZILMIL.SUR74,Zilmil Sur,FINANCE,Specialist,,LPT-12700.corp.local,dev89362,ACTIVE,21/07/2023 03:27,,manager951
EMP11558,neelima.divan52,Neelima Divan,Brand Team,Specialist,head office,LPT-11558,dev 39651,Active,,not available,MANAGER436
EMP-12920,lakshit.yohannan97,Lakshit Yohannan,Legal,Officer,warehouse,LPT_12920,dev 14911,Live,22/09/2023 12:58,,unknown
EMP10402,bhavini.gaba45,Bhavini Gaba,Support,Director,Work From Home,VDR-10402,dev 39820,Enabled,17-Apr-2023 16:43:21,,NA
EMP-11502,wyatt.jani93,Wyatt Jani,Call Center,Officer,Data Center,WS-11502,dev 91062,Exited,,06-04-2025 12:25:00 PM,unknown
10937,ridhi.kumer20,Ridhi Kumer,Ops,Manager,Work From Home,VDR-10937,dev97097,ACTIVE,2023-04-18 02:20:37,,manager504
EMP12004,daksha.mangal11,Daksha Mangal,Research and Development,Analyst,branch office,LPT-12004,dev98871,A,02-16-2025 05:30:30 AM,,manager488
EMP11261,krishna.nayar56,Krishna Nayar,CS,Consultant,Head Office,ws-11261,dev 45728,ACTIVE,2020-06-01T15:43:34,NA,manager849
EMP-12722,falak.lanka40,Falak Lanka,Innovation,Director,REGIONAL OFFICE,LPT-12722,dev48482,Active,18/04/2024,not available,NA
EMP12806,rajata.lalla49,Rajata Lalla,Human Resource,Manager,Remote,VDR-12806,,Live,2024-10-08 14:02:10,not available,manager266
EMP10387,ABHIMANYU.ATWAL89,Abhimanyu Atwal,Supply Chain,Consultant,branch office,VDR-10387.corp.local,DEV87194,DISABLED,2023/03/21,23-Feb-2026 03:26:47,manager281
EMP11960,finn.mall2,Finn Mall,Fin,Engineer,Work From Home,LPT-11960.corp.local,DEV-13853,Live,1667652211,,NA
EMP11850,,Eshana Nigam,Ops,Trainee,Branch Office,WS-11850,DEV-65358,Enabled,23-May-2026 20:57:13,NA,  manager816  
EMP10810,anika.acharya16,Anika Acharya,RD,Manager,Warehouse,LPT_10810,dev 74987,A,2025-12-29 12:32:44,,manager839
EMP10755,BHAVINI.ACHARYA76,Bhavini Acharya,Innovation,Trainee,remote,LPT-10755,DEV66113,Active,2022/02/05,,manager544
EMP11174,max.ganguly91,Max Ganguly,Accounts,Director,Regional Office,LPT-11174,dev65667,Working,19-Dec-2025 04:18:23,not available,manager695
11587,isaac.bora28,Isaac Bora,PURCH,Executive,HEAD OFFICE,VDR-11587,DEV53117,ACTIVE,2023-07-04 11:40:38,,
EMP12713,hritik_shukla36,Hritik Shukla,legal,Manager,data center,WS-12713,,Enabled,1725604884,,manager188
emp11235,hritik.dar64,Hritik Dar,Legal Dept,Officer,Data_Center,LPT-11235,,Active,2025-11-04 14:43:01,,unknown
EMP11891,,Charita Shenoy,People Team,Director,WAREHOUSE,lpt-11891,dev43152,Active,,,manager756
EMP10070,mekhala.bajwa65,Mekhala Bajwa,Ops Team,Analyst,WORK FROM HOME,ws-10070,dev74251,A,01-30-2023 06:41:50 AM,not available,MANAGER948
EMP12760,vrishti.mall91,Vrishti Mall,information tech,Engineer,warehouse,WS-12760,DEV95069,Enabled,03/01/2020 09:21,NA,manager872
EMP12342,LOHIT.DOCTOR85,Lohit Doctor,Compliance,Engineer,warehouse,vdr-12342,dev 72066,Live,2023-04-14 14:55:10,NA,manager848
EMP12263,vamakshi.raval28,Vamakshi Raval,FINANCE,Consultant,Work_From_Home,LPT-12263,dev 19552,Live,25/03/2023,not available,manager233
EMP10839,wazir_sheth9,Wazir Sheth,sales dept,Director,REMOTE,WS-10839,,Live,,not available,manager515
emp_10056,ANVI.PARMAR57,Anvi Parmar,Supply Chain,Officer,,vdr-10056,DEV-68446,LEFT,04-29-2026 10:58:07 AM,not available,manager869
EMP12468,manan.mittal77,Manan Mittal,IT Support,Director,Data Center,WS-12468,dev 97197,Enabled,03/08/2023,,MANAGER510
EMP11817,brinda.iyer33,Brinda Iyer,RD,Director,,vdr-11817,dev70975,Working,27/09/2021 22:58,NA,manager525
EMP-11395,tejas.sami53,Tejas Sami,Support,Administrator,DATA CENTER,WS-11395,DEV-79888,ACTIVE,03/04/2023 02:25,not available,manager608
EMP-11556,bishakha_mangat17,Bishakha Mangat,OPERATIONS,Officer,,VDR-11556,DEV97612,Working,1706092534,NA,
EMP12086,vincent.dube76,Vincent Dube,Research and Development,Manager,warehouse,LPT-12086,dev29029,ACTIVE,05-21-2025 01:34:35 PM,,MANAGER255
emp_11904,yashawini.comar81,Yashawini Comar,Innovation,Officer,HEAD OFFICE,LPT-11904,dev12565,ACTIVE,2025/11/12,NA,NA
EMP-12501,damyanti.misra13,Damyanti Misra,Marketing,Engineer,Data_Center,WS_12501,DEV-30955,Active,2023/04/30,,NA
EMP12161,omya.sahota27,Omya Sahota,LEGAL,Consultant,,WS-12161,DEV94884,Enabled,,,manager435
EMP10309,hardik.dani22,Hardik Dani,sales team,Officer,Branch_Office,,,A,17/08/2023 16:24,not available,
emp11961,benjamin_srinivasan15,Benjamin Srinivasan,CS,Executive,Work_From_Home,VDR-11961,dev78664,Terminated,29-Jan-2022 06:43:42,,manager819
EMP11253,bachittar.sathe85,Bachittar Sathe,RnD,Administrator,REMOTE,vdr-11253,dev 73269,Live,2022-03-30 15:15:02,NA,NA
EMP11228,TANMAYI.DHAR12,Tanmayi Dhar,People Team,Trainee,WORK FROM HOME,,DEV37259,A,05/03/2024 14:22,NA,NA
EMP12769,banjeet.savant73,Banjeet Savant,procurement team,Director,branch office,LPT-12769,,ACTIVE,01-07-2025 02:13:31 AM,not available,NA
11537,nachiket.subramaniam52,Nachiket Subramaniam,Purchase,Administrator,Head Office,vdr-11537,dev 61111,ACTIVE,1638296501,NA,manager254
EMP-11741,warda.rajagopal65,Warda Rajagopal,Customer Support,Analyst,Warehouse,LPT-11741,DEV-85427,A,06-Sep-2024 04:25:11,,manager268
EMP 11351,raksha.de11,Raksha De,People Team,Engineer,Warehouse,VDR_11351,DEV-85292,ACTIVE,03-30-2026 07:22:18 AM,,manager850
11376,matthew.dalal24,Matthew Dalal,R&D,Administrator,BRANCH OFFICE,LPT-11376.corp.local,,LEFT,23/05/2024 02:34,not available,manager103
12162,megha.garg48,Megha Garg,Procurement,Analyst,DATA CENTER,WS-12162,dev11006,Enabled,2025-01-19T20:36:12,NA,
EMP12813,DAMYANTI.PALAN49,Damyanti Palan,IT Dept,Consultant,branch office,LPT-12813,,A,2020-08-16 21:24:55,,manager408
EMP11861,WAZIR.KHATRI54,Wazir Khatri,IT,Officer,,VDR-11861,DEV-93888,Disabled,16/07/2026,,
EMP12716,lakshmi.sen22,Lakshmi Sen,SALES,Administrator,Remote,WS-12716,dev 53940,Disabled,04-05-2024 12:00:42 PM,05-07-2025 10:48:06 AM,manager879
EMP12709,manan.jhaveri26,Manan Jhaveri,LEGAL,Manager,Head Office,VDR-12709,dev 90900,Enabled,2026-01-22T19:40:32,NA,manager545
emp11659,VRITTI.SUNDARAM41,Vritti Sundaram,Operations,Engineer,regional office,LPT-11659,,ACTIVE,2020-07-24T03:02:16,,manager423
EMP10436,omkaar_pau69,Omkaar Pau,SALES,Consultant,Head Office,WS-10436,dev79603,ACTIVE,10-03-2025 01:59:57 PM,,manager851
EMP12078,omya.comar71,Omya Comar,Business Sales,Executive,Head_Office,LPT-12078,DEV44774,Enabled,02-28-2024 02:24:49 AM,NA,MANAGER802
EMP11222,vasatika.saraf30,Vasatika Saraf,Human Resources,Executive,WAREHOUSE,LPT-11222,dev92764,Working,2023/05/02,,unknown
11491,zarna.mandal21,Zarna Mandal,Sales,Trainee,,LPT-11491,dev 10902,Active,2025-10-19 23:21:55,,manager987
EMP11912,vinaya.ravi27,Vinaya Ravi,HR,Consultant,BRANCH OFFICE,VDR-11912,dev25568,Active,02-16-2022 04:57:51 PM,,unknown
emp10313,nathaniel.seshadri86,Nathaniel Seshadri,RnD,Officer,regional office,ws-10313,dev 88246,ACTIVE,04-May-2023 14:12:09,,manager456
EMP10233,onveer.borah62,Onveer Borah,Business Sales,Engineer,Work From Home,VDR-10233,dev45537,Exited,,14/01/2026 08:21,manager700
EMP11436,christopher.sarna67,Christopher Sarna,Innovation,Executive,HEAD OFFICE,VDR-11436,dev60551,Working,2024-11-01 22:11:19,not available,manager819
EMP10685,anamika.sundaram14,Anamika Sundaram,Ops Team,Officer,Regional Office,LPT-10685,,Enabled,30/05/2023 07:02,not available,MANAGER344
EMP12918,nitara.gulati69,Nitara Gulati,sales team,Manager,Head Office,WS_12918,dev 18374,A,02-10-2024 08:42:46 PM,NA,
EMP10111,  jai.memon6  ,Jai Memon,OPERATIONS,Analyst,remote,WS-10111,dev 59131,Active,2022-01-28T16:40:49,not available,manager679
EMP11213,divya.gupta70,Divya Gupta,Compliance,Director,REMOTE,VDR-11213,,Enabled,30/05/2022 00:31,not available,MANAGER977
EMP11413,tejas.vora50,Tejas Vora,operations dept,Specialist,work from home,VDR-11413,DEV89269,Working,09/04/2026 14:30,,unknown
EMP11127,kritika.gole37,Kritika Gole,IT Support,Executive,Data Center,WS-11127,dev53412,Resigned,13/05/2021 01:45,10/06/2025 04:35,unknown
emp12916,kashvi.toor41,Kashvi Toor,R&D,Analyst,remote,LPT-12916,DEV-94372,Working,2024/01/26,not available,manager791
emp11971,aachal.cheema98,Aachal Cheema,IT Support,Director,Branch Office,VDR-11971,,Active,04/05/2026 03:15,not available,manager279
EMP10472,ARYAN.GOUR66,Aryan Gour,Brand Team,Officer,Work_From_Home,WS-10472,dev82559,Enabled,16/09/2021 03:22,not available,manager831
EMP12835,reva.pal71,Reva Pal,sales team,Engineer,remote,VDR-12835.corp.local,DEV-89596,Enabled,2025/05/02,NA,manager571
EMP12251,isaac.rajagopal76,Isaac Rajagopal,Mktg,Trainee,,VDR-12251,DEV-54536,Working,2022-05-27T18:11:04,not available,manager954
EMP10903,unni.guha76,Unni Guha,Ops Team,Specialist,Work From Home,VDR-10903,dev96108,Live,1656594163,not available,manager499
10897,tanvi.singh95,Tanvi Singh,R&D,Trainee,,,DEV-68918,Enabled,2021-09-17T12:52:50,not available,manager949
12448,aarna.magar22,Aarna Magar,procurement team,Consultant,,LPT-12448,,ACTIVE,26/09/2021,NA,manager619
EMP11939,EKBAL.WALIA16,Ekbal Walia,sales team,Director,branch office,ws-11939,,Active,26/09/2022,,manager150
EMP 12293,NIDHI.PILLAI54,Nidhi Pillai,Innovation,Analyst,Warehouse,,dev58089,Working,2023-02-19 02:53:56,NA,
EMP12896,  pahal.shere50  ,Pahal Shere,Legal Dept,Executive,Work From Home,VDR-12896.corp.local,DEV38001,Enabled,18-Jun-2025 09:00:01,not available,unknown
12684,omaja.venkatesh99,Omaja Venkatesh,sales team,Analyst,Head_Office,VDR_12684,,Working,2026-04-23 18:36:26,NA,NA
EMP10361,ONKAR.BUTALA89,Onkar Butala,IT Support,Consultant,Head_Office,VDR-10361,dev59319,DISABLED,09/03/2026 09:05,18/04/2026,manager343
EMP10135,  jagdish.comar6  ,Jagdish Comar,customer care,Administrator,Data_Center,VDR-10135,,Live,28/01/2024,NA,
EMP11309,sachi.venkatesh74,Sachi Venkatesh,CS,Engineer,branch office,ws-11309,dev 74369,A,2022-06-07 20:22:01,,manager859
EMP12995,harrison.mangal35,Harrison Mangal,procurement team,Analyst,WORK FROM HOME,LPT-12995,DEV35518,ACTIVE,25/04/2022,,
EMP11547,ryan.rau52,Ryan Rau,People Team,Consultant,Remote,ws-11547,dev18559,A,2025-07-18 16:46:50,not available,manager818
emp12328,EESHA.NIGAM82,Eesha Nigam,RD,Engineer,Regional Office,VDR-12328,dev 34917,LEFT,17-Feb-2025 16:00:01,02-18-2025 06:32:55 PM,manager973
EMP10366,zinal.saha75,Zinal Saha,Human Resource,Executive,head office,lpt-10366,,Enabled,2023-06-16 23:46:22,NA,manager466
EMP11017,kalpit.mannan92,Kalpit Mannan,marketing dept,Director,Warehouse,lpt-11017,DEV-64401,Active,03/04/2025 05:46,NA,manager568
EMP10029,victor.guha7,Victor Guha,procurement team,Trainee,WAREHOUSE,VDR-10029,dev 30635,Live,26/04/2024,not available,manager290
EMP12578,krisha.bansal35,Krisha Bansal,LEGAL,Director,data center,LPT_12578,DEV17034,ACTIVE,2024-09-06T10:58:23,NA,manager759
EMP10022,zarna.chawla28,Zarna Chawla,Call Center,Executive,Regional_Office,vdr-10022,DEV85525,ACTIVE,09-Jan-2024 11:25:06,NA,unknown
EMP10408,akshay.sarraf2,Akshay Sarraf,PURCH,Specialist,Warehouse,WS-10408.corp.local,dev 24748,Live,1617618864,not available,manager696
EMP11924,chandani.palan99,Chandani Palan,IT Dept,Engineer,data center,WS_11924,DEV59220,Enabled,15/12/2023,not available,
EMP11100,vasatika.buch89,Vasatika Buch,Operations,Officer,remote,VDR-11100,,Working,2025-11-07 07:48:07,NA,manager939
EMP10420,yauvani_narasimhan28,Yauvani Narasimhan,Business Sales,Engineer,regional office,LPT-10420,dev 45269,Live,2024-05-13T17:01:23,NA,manager899
12390,hemani.mohanty26,Hemani Mohanty,marketing dept,Director,data center,WS-12390,dev 18876,ACTIVE,01-16-2021 04:47:15 PM,,manager538
EMP10460,jatin.mangal83,Jatin Mangal,legal,Director,,LPT-10460,,ACTIVE,2024-11-15T08:34:52,NA,manager977
emp_10043,deepa.wagle29,Deepa Wagle,Sales,Trainee,REMOTE,ws-10043,dev 39831,A,2025-08-12 15:38:29,not available,MANAGER436
10087,janani.dyal31,Janani Dyal,FINANCE,Officer,,LPT-10087,dev 10350,A,2025-11-11 19:14:14,NA,manager398
EMP10859,gautami.kibe60,Gautami Kibe,Sales,Administrator,REGIONAL OFFICE,LPT-10859,,Live,2023-08-25 13:21:10,not available,  manager252  
EMP10572,baljiwan.yadav12,Baljiwan Yadav,R&D,Administrator,,WS-10572,dev44053,Live,2020/02/02,NA,  manager934  
EMP10944,quincy.goda70,Quincy Goda,Fin,Administrator,Branch_Office,LPT-10944,DEV-43496,A,1619236894,NA,MANAGER517
EMP 10282,theodore_bajaj68,Theodore Bajaj,IT,Engineer,Branch Office,VDR-10282,DEV-84289,Working,2020-05-24 15:54:43,,unknown
emp_12658,nathaniel.mody8,Nathaniel Mody,LEGAL,Officer,,LPT-12658,,Working,2026-06-17 14:25:39,not available,manager321
EMP12466,ojasvi.natt3,Ojasvi Natt,HR,Officer,data center,LPT-12466,DEV-64322,Terminated,18/04/2020,2025-08-31 00:17:54,unknown
EMP10102,  gaurangi.samra66  ,Gaurangi Samra,finance dept,Manager,Remote,WS-10102,DEV-54548,Terminated,26/04/2024 11:39,04-30-2024 11:18:18 AM,MANAGER405
emp_12932,dalbir.ahuja10,Dalbir Ahuja,customer care,Manager,Data_Center,VDR-12932,DEV82327,ACTIVE,09/06/2022 16:21,,unknown
emp_12476,laksh.kakar31,Laksh Kakar,finance dept,Trainee,Data_Center,LPT-12476,dev 65784,Working,23/07/2024,,manager849
EMP-10533,ayaan.kalita91,Ayaan Kalita,Legal,Executive,Work_From_Home,vdr-10533,dev25608,Working,10-19-2023 12:31:39 PM,,NA
EMP10776,IJAYA.GODA34,Ijaya Goda,Ops,Executive,BRANCH OFFICE,VDR-10776,DEV14546,Enabled,04-Dec-2022 07:05:30,not available,manager559
EMP12527,joshua.dash97,Joshua Dash,Ops Team,Manager,Work From Home,VDR-12527,,D,,23-Aug-2026 18:46:51,
EMP12430,  mekhala.loyal73  ,Mekhala Loyal,People Team,Manager,Data Center,vdr-12430,,Active,,NA,manager724
EMP-12464,,Zaitra Nori,LEGAL,Administrator,Head_Office,,dev 44217,ACTIVE,1629264173,not available,unknown
emp_12179,bhavika_naidu97,Bhavika Naidu,Business Sales,Officer,,WS-12179,,D,13/04/2022,07/12/2025,
EMP10809,,Advaith Tiwari,Fin,Consultant,Data Center,WS_10809,dev38085,Enabled,20/06/2023,NA,manager421
EMP10964,bahadurjit.ramanathan73,Bahadurjit Ramanathan,sales team,Officer,Regional_Office,WS-10964,,Deactivated,2020-03-12 19:45:56,,  manager645  
emp_10978,  girish.tata8  ,Girish Tata,Fin,Administrator,,WS-10978,DEV77256,OOO,,not available,manager697
EMP10691,,Joshua Viswanathan,information tech,Executive,,LPT-10691,DEV69372,Enabled,,,manager557
EMP-10932,ayush.zacharia48,Ayush Zacharia,HR,Specialist,work from home,ws-10932,,Live,2024-11-11 09:52:12,,manager635
EMP11241,bhavani.shetty89,Bhavani Shetty,IT Support,Consultant,Branch Office,WS-11241,,D,2021/12/23,2025/04/04,manager317
emp12259,yashasvi.mammen73,Yashasvi Mammen,Procurement,Analyst,Regional_Office,LPT-12259,dev 62138,Enabled,28/08/2024,not available,manager659
EMP11672,ishwar.ganesan93,Ishwar Ganesan,MKT,Officer,branch office,WS-11672.corp.local,DEV46915,ACTIVE,,NA,NA
emp11426,  qasim.gade91  ,Qasim Gade,IT,Consultant,HEAD OFFICE,VDR-11426,dev 46369,ON_LEAVE,26/08/2021 07:17,NA,manager855
10221,wakeeta.sur18,Wakeeta Sur,Ops,Specialist,remote,LPT-10221,DEV-61505,Leave,,not available,NA
EMP10543,bhavna.ramesh73,Bhavna Ramesh,RD,Engineer,Work_From_Home,ws-10543,dev 70142,A,12-28-2024 04:57:23 AM,,
EMP11286,quincy.saran73,Quincy Saran,RD,Officer,branch office,WS-11286,DEV-67264,A,24/06/2024,,MANAGER420
EMP12209,gaurang.pathak52,Gaurang Pathak,Supply Chain,Specialist,Remote,VDR_12209,DEV71529,Live,26/03/2025,not available,manager891
EMP10789,JASMIT.BOSE49,Jasmit Bose,MKT,Officer,Data_Center,LPT-10789,,Blocked,02/08/2022,2025-09-24 13:19:49,  manager127  
EMP-10794,zashil.mistry18,Zashil Mistry,Ops Team,Executive,,WS-10794,dev 57338,ACTIVE,11/01/2023,NA,manager398
EMP11720,faqid.dixit37,Faqid Dixit,Research and Development,Analyst,Data Center,VDR-11720,DEV-95381,Active,,not available,manager289
EMP 12005,xavier.date15,Xavier Date,sales dept,Director,,VDR-12005,,Active,2023-12-24 04:18:21,not available,manager687
emp11563,JEET.RAJU59,Jeet Raju,Procurement,Administrator,WAREHOUSE,WS-11563,,Active,1753785639,NA,unknown
EMP10612,OMYA.RAM43,Omya Ram,Operations,Director,DATA CENTER,LPT-10612,DEV39716,Working,14-Feb-2025 06:51:53,,
EMP11456,dev.kata13,Dev Kata,LEGAL,Analyst,,WS-11456,DEV26874,Enabled,2023-04-08T00:23:27,NA,manager111
EMP11718,ISHAAN.RATTA20,Ishaan Ratta,Call Center,Analyst,Regional_Office,VDR-11718,DEV-91630,Working,24/09/2024,NA,manager497
EMP-10272,chandani.sane64,Chandani Sane,Call Center,Consultant,REMOTE,WS-10272,,ACTIVE,1701539642,NA,manager914
EMP10521,damyanti.nayak82,Damyanti Nayak,IT,Administrator,Head_Office,LPT-10521,dev 68877,Live,01-04-2024 03:08:05 PM,,unknown
EMP11003,yashasvi.nayar20,Yashasvi Nayar,Legal,Engineer,Branch Office,VDR_11003,DEV37508,A,2024-05-21 14:43:32,,MANAGER665
EMP11373,vanya.barman11,Vanya Barman,sales dept,Manager,remote,LPT-11373,dev 76461,A,09/11/2023 20:43,NA,manager625
12522,kabir.thakur63,Kabir Thakur,sales dept,Analyst,REMOTE,lpt-12522,dev 73780,A,04-Aug-2023 19:03:20,not available,manager977
EMP11938,omya.choudhury49,Omya Choudhury,Operations,Consultant,head office,WS-11938,dev 77618,A,2021/04/10,not available,MANAGER676
10350,  ansh.majumdar95  ,Ansh Majumdar,Finance,Manager,Head_Office,VDR-10350,DEV27984,Active,1621815287,NA,manager455
EMP10949,,Rachita Gala,CS,Executive,,VDR_10949,DEV-63313,Enabled,,not available,manager901
EMP12126,ekiya.kota86,Ekiya Kota,PURCH,Specialist,REMOTE,VDR-12126,DEV-84509,Exited,11/03/2025 21:37,2025-03-23 06:54:47,manager942
EMP12387,advik.sura55,Advik Sura,legal,Consultant,Branch Office,WS_12387,DEV-54141,Live,1780208060,NA,
EMP12862,mahika.borra10,Mahika Borra,Human Resource,Consultant,warehouse,WS-12862,dev 83712,L,09-Dec-2021 07:18:14,21/12/2021 23:48,manager286
emp12672,meera.kulkarni21,Meera Kulkarni,Ops Team,Engineer,,LPT-12672,dev32716,Enabled,06-05-2021 06:02:25 AM,not available,  manager168  
EMP10298,ARADHANA.YOGI41,Aradhana Yogi,MKT,Trainee,warehouse,LPT-10298,,ACTIVE,05-May-2023 19:22:01,NA,  manager677  
EMP11179,ishani.tak59,Ishani Tak,Customer Support,Administrator,warehouse,vdr-11179,dev50112,Live,09/08/2023 07:08,,unknown
emp_11036,SANAYA.CHAUDHURI76,Sanaya Chaudhuri,information tech,Engineer,HEAD OFFICE,vdr-11036,,Enabled,1775918889,,MANAGER349
EMP12580,lohit.muni84,Lohit Muni,Business Sales,Officer,data center,VDR-12580,DEV-47877,Leave,1617912014,NA,
EMP 10168,kamala.chakrabarti17,Kamala Chakrabarti,Customer Support,Manager,REGIONAL OFFICE,VDR-10168,,Active,2020-02-26 15:22:03,not available,manager284
EMP12582,YASHVI.JAYARAMAN60,Yashvi Jayaraman,SALES,Consultant,,LPT-12582,DEV63947,Enabled,11-21-2021 01:35:29 PM,,  manager565  
EMP12266,leena.sama5,Leena Sama,Purchase,Analyst,,WS-12266,,Working,2022-01-28 23:13:55,not available,manager882
EMP 11954,krishna.mukherjee27,Krishna Mukherjee,Ops Team,Engineer,Work_From_Home,VDR-11954,dev43779,Working,,,manager845
emp12073,yashvi.biswas33,Yashvi Biswas,Supply Chain,Trainee,,VDR-12073,DEV-25267,ACTIVE,,,  manager968  
EMP12377,omkaar.peri46,Omkaar Peri,CS,Specialist,Data_Center,LPT-12377,,ACTIVE,2025-05-05 03:24:19,NA,manager582
EMP10765,fiyaz.narayanan27,Fiyaz Narayanan,Accounts,Consultant,Branch_Office,VDR-10765,DEV24884,A,1775775752,not available,unknown
12190,amrita.bhagat78,Amrita Bhagat,PURCH,Engineer,DATA CENTER,VDR-12190,DEV82413,ACTIVE,2025-06-16 23:06:21,NA,manager873
EMP12166,advika.barman44,Advika Barman,Call Center,Analyst,Warehouse,WS-12166.corp.local,DEV50438,Working,16/11/2021 19:01,,manager618
EMP-12302,jeremiah.barman92,Jeremiah Barman,Human Resource,Specialist,Warehouse,VDR-12302,DEV59842,Active,09-16-2021 12:37:49 PM,NA,  manager924  
EMP10219,ira.barad51,Ira Barad,Ops,Consultant,Warehouse,WS-10219,dev28909,Live,2024-04-30T18:55:34,NA,manager141
EMP10367,abeer.nori99,Abeer Nori,Business Sales,Trainee,REMOTE,WS-10367,dev 44735,Deactivated,,2026-08-09T10:13:37,
EMP12545,odika.gara44,Odika Gara,RD,Trainee,warehouse,WS-12545,dev 13935,Enabled,17/03/2024 16:51,,manager441
EMP10879,  indali.ramakrishnan84  ,Indali Ramakrishnan,Supply Chain,Trainee,Remote,VDR-10879,DEV84600,Active,1590904841,,
EMP12347,bahadurjit.zachariah8,Bahadurjit Zachariah,RnD,Analyst,Work From Home,LPT-12347.corp.local,dev12380,A,2023-09-12 05:53:06,,unknown
EMP 11323,frederick.shetty55,Frederick Shetty,Support,Executive,HEAD OFFICE,WS-11323.corp.local,DEV-25465,LEFT,,02-Aug-2024 10:59:48,manager159
EMP 11392,qadim.zacharia93,Qadim Zacharia,Compliance,Analyst,head office,VDR-11392,dev81001,Active,2021-04-16T18:34:29,NA,manager702
10351,rudra.chakraborty67,Rudra Chakraborty,Support,Administrator,,WS-10351,DEV-26637,Active,,not available,manager220
EMP11053,rajata.sandhu83,Rajata Sandhu,Accounts,Administrator,,,dev99268,Live,02-07-2022 04:35:04 PM,not available,manager778
EMP-11211,gagan.sunder65,Gagan Sunder,HR,Trainee,REGIONAL OFFICE,WS-11211,dev 64270,Active,30/12/2022,NA,NA
EMP12482,chakrika.nagar94,Chakrika Nagar,Mktg,Manager,Work_From_Home,WS-12482,DEV-25608,Active,21-Jul-2022 22:31:07,,manager684
emp11967,geetika.ratti44,Geetika Ratti,LEGAL,Manager,head office,WS-11967,,Working,03-20-2026 06:58:19 AM,NA,manager632
EMP12771,garima.sinha95,Garima Sinha,RnD,Director,,VDR-12771,DEV-70816,A,02/11/2023,not available,manager481
emp_12442,,Darpan Singhal,Procurement,Manager,,ws-12442,,Live,07-02-2026 10:53:48 AM,not available,manager817
EMP10498,janaki.pathak70,Janaki Pathak,MKT,Executive,Remote,VDR-10498,dev 94926,Working,04/02/2020 15:25,,manager668
EMP11735,dayamai.dora92,Dayamai Dora,IT Dept,Administrator,Remote,LPT-11735,,Live,2024/01/07,,manager482
EMP10210,  yahvi.modi57  ,Yahvi Modi,Legal Dept,Trainee,,LPT-10210.corp.local,dev 54589,Active,29-Aug-2022 03:50:24,not available,
EMP12487,keya.khanna72,Keya Khanna,LEGAL,Executive,Remote,VDR-12487,DEV-18204,A,1610646896,not available,  manager413  
EMP12838,samesh.parmer83,Samesh Parmer,hr dept,Specialist,branch office,LPT_12838,DEV13346,Enabled,05/09/2023 16:32,not available,  manager322  
emp_10227,OSCAR.DUBEY95,Oscar Dubey,Information Technology,Executive,Warehouse,lpt-10227,dev 83516,ACTIVE,08-19-2025 11:12:33 AM,,manager485
EMP10365,qushi.patla41,Qushi Patla,Legal,Consultant,remote,WS-10365,dev 45645,Active,09-21-2021 07:20:56 PM,,manager888
emp10965,nisha.walla79,Nisha Walla,Mktg,Officer,DATA CENTER,LPT-10965,dev65982,Working,2025-07-12 13:45:12,not available,manager430
emp10276,manthan.bansal82,Manthan Bansal,Purchase,Trainee,Regional_Office,WS-10276,,Working,,,manager117
EMP12299,arunima.dube33,Arunima Dube,sales team,Director,regional office,lpt-12299,,Resigned,19/09/2024,04-14-2025 06:13:29 PM,manager203
EMP11877,osha.mani16,Osha Mani,Supply Chain,Analyst,WORK FROM HOME,VDR-11877,DEV-51558,Active,2024-07-26T15:42:06,not available,unknown
EMP12670,maanas.tata14,Maanas Tata,Procurement,Executive,warehouse,LPT-12670,DEV31745,A,29-Aug-2020 13:46:56,,
EMP 11103,naksh.khalsa84,Naksh Khalsa,finance dept,Director,DATA CENTER,LPT-11103.corp.local,DEV-43315,Working,11-27-2025 06:49:10 PM,not available,manager308
EMP10407,abha_agrawal9,Abha Agrawal,Human Resource,Director,WAREHOUSE,ws-10407,DEV-82358,A,05-08-2022 03:01:33 AM,not available,manager994
EMP12044,  daksh.swamy14  ,Daksh Swamy,Ops,Consultant,Branch Office,LPT-12044,DEV38389,Enabled,,,manager319
EMP11124,hamsini.d’alia20,Hamsini D’Alia,legal,Manager,Data_Center,LPT-11124,dev 30398,Live,16/02/2022 03:23,,manager504
EMP 12406,aahana.bandi23,Aahana Bandi,Accounts,Executive,data center,WS-12406,DEV-43361,Active,2024/09/28,NA,manager267
EMP10785,jackson.balasubramanian40,Jackson Balasubramanian,RD,Officer,HEAD OFFICE,LPT-10785,,Working,15/07/2023,,NA
EMP12564,rishi.krishna56,Rishi Krishna,Brand Team,Trainee,Head Office,VDR-12564,,A,1731941368,not available,NA
EMP12627,brijesh.chaudry21,Brijesh Chaudry,Marketing,Engineer,,,DEV-24746,Live,2021-11-21 03:19:01,NA,manager395
EMP12380,RYAN.ARYA70,Ryan Arya,Customer Support,Consultant,Head Office,LPT-12380,DEV-48879,Resigned,2021/08/14,,unknown
10007,janya.bhatia21,Janya Bhatia,Ops,Consultant,Branch_Office,VDR_10007,DEV44993,A,24-Oct-2025 17:00:29,NA,manager723
EMP11244,qasim.bahl54,Qasim Bahl,Human Resources,Manager,Data Center,LPT-11244,DEV88830,ACTIVE,04/04/2023,NA,manager121
EMP11289,alka.mody73,Alka Mody,Brand Team,Analyst,,WS-11289,dev 26506,Active,2020-01-19T11:52:34,not available,manager881
emp_10864,nidra.bora32,Nidra Bora,Ops Team,Specialist,REGIONAL OFFICE,VDR-10864,,Live,12-27-2023 06:20:48 PM,not available,manager431
EMP10415,hredhaan.dave8,Hredhaan Dave,customer care,Executive,HEAD OFFICE,WS-10415,DEV-76426,Working,2024-06-16T21:36:48,,
EMP10044,gopal.lala36,Gopal Lala,Human Resources,Administrator,,VDR-10044,dev 76768,Active,2024-07-23 23:08:34,,manager128
EMP11742,ZANSI.SHA95,Zansi Sha,Business Sales,Consultant,Data_Center,LPT-11742,dev52662,A,05/03/2023 20:54,not available,manager504
EMP 11713,gabriel_pal27,Gabriel Pal,RnD,Executive,HEAD OFFICE,WS-11713,DEV39805,A,06-26-2025 04:41:02 AM,,MANAGER124
EMP11691,WARJAS.BEDI21,Warjas Bedi,MKT,Officer,remote,LPT-11691.corp.local,DEV34896,Active,2026-02-26 13:09:39,not available,manager545
EMP 10199,nathan.sampath88,Nathan Sampath,Ops Team,Consultant,regional office,LPT-10199,DEV82089,A,2022-07-20 22:23:27,NA,
EMP10283,eshana.sahni88,Eshana Sahni,Brand Team,Officer,Warehouse,VDR-10283,DEV-14312,Active,2022-09-04T01:40:42,,manager312
10231,  gopal.prabhakar93  ,Gopal Prabhakar,MKT,Administrator,Head Office,VDR-10231,DEV98686,ACTIVE,2023-05-10 18:28:18,NA,
EMP10718,anamika.radhakrishnan8,Anamika Radhakrishnan,Purchase,Engineer,warehouse,VDR-10718,dev25963,Live,07-Jan-2021 18:08:31,,manager719
emp12947,yash.sur34,Yash Sur,HR,Administrator,,LPT-12947,DEV-13450,ACTIVE,2024/08/28,NA,manager283
EMP10096,,Lopa Sethi,marketing dept,Director,work from home,VDR-10096,DEV-14809,A,2022/09/04,not available,  manager218  
EMP12826,david.sha41,David Sha,LEGAL,Director,Head Office,LPT-12826,dev 63528,A,1690579442,not available,NA
EMP12648,theodore.ratti88,Theodore Ratti,customer care,Specialist,Work From Home,LPT-12648,,Working,2023-07-23 01:17:24,NA,MANAGER435
EMP11474,ishwar.sha2,Ishwar Sha,operations dept,Consultant,,,dev 68246,Enabled,1777169226,,manager645
EMP-10881,  umang.datta23  ,Umang Datta,SALES,Director,head office,LPT-10881,DEV37292,Working,2023-06-04 04:50:16,NA,manager870
11419,daksha.sabharwal88,Daksha Sabharwal,HR,Officer,Data Center,vdr-11419,,ACTIVE,2023-02-10 03:36:43,NA,unknown
EMP 12542,karan.bala49,Karan Bala,Business Sales,Analyst,DATA CENTER,LPT-12542,dev 29570,Live,10-25-2023 09:49:45 PM,not available,manager273
emp_12949,chandresh.samra52,Chandresh Samra,R&D,Executive,Branch Office,VDR-12949,DEV80247,Active,03/01/2020,NA,  manager873  
EMP-12666,harish.sampath8,Harish Sampath,Accounts,Director,Regional_Office,WS-12666,DEV-69318,A,1666723211,not available,unknown
EMP 12254,harini.ram37,Harini Ram,Purchase,Engineer,Remote,VDR-12254,dev 11599,Live,2024-12-03T19:44:41,NA,manager384
EMP-11462,tejas.dugar38,Tejas Dugar,OPERATIONS,Director,Head_Office,ws-11462,DEV-52550,Active,20/04/2020 15:39,not available,manager465
EMP10104,leena.kalla70,Leena Kalla,Legal Dept,Trainee,Remote,LPT-10104,,Active,26/12/2021 15:40,not available,unknown
EMP12298,siya.bhandari78,Siya Bhandari,Compliance,Executive,,LPT-12298,DEV-26970,D,,,manager250
EMP12872,divya.chakrabarti94,Divya Chakrabarti,RD,Officer,,WS-12872,dev 53325,Enabled,2024-06-12 02:12:31,,NA
11725,advik.wagle63,Advik Wagle,RnD,Officer,WAREHOUSE,WS-11725.corp.local,dev 97428,Disabled,11-Feb-2022 02:52:43,10-Jan-2023 08:52:56,unknown
EMP12609,gagan.sankar65,Gagan Sankar,Compliance,Analyst,,LPT-12609.corp.local,,ACTIVE,2025-12-11T07:19:39,not available,manager708
EMP11102,NIDRA.SENGUPTA76,Nidra Sengupta,Ops,Administrator,branch office,VDR-11102,,Enabled,04-Sep-2024 07:41:03,NA,manager490
EMP12820,chandran.ganesan24,Chandran Ganesan,legal,Analyst,Head_Office,VDR-12820,DEV79919,ACTIVE,17/02/2021 08:46,not available,NA
EMP10807,vidhi.kuruvilla75,Vidhi Kuruvilla,IT Support,Officer,branch office,VDR-10807,,On Leave,06-17-2021 04:21:26 PM,NA,unknown
EMP10226,watika_muni41,Watika Muni,Legal,Executive,Data Center,vdr-10226,,Live,1741979191,not available,
EMP 10840,azad.hora31,Azad Hora,Human Resource,Executive,BRANCH OFFICE,LPT-10840,DEV42189,Blocked,22/08/2022,2025-01-08 11:22:19,NA
EMP12369,chaaya.cherian34,Chaaya Cherian,IT Dept,Officer,,VDR-12369,DEV96164,Active,2021-06-16 07:50:21,,manager148
EMP11621,wriddhish.chaudhari31,Wriddhish Chaudhari,RD,Engineer,Work_From_Home,WS-11621,dev 15451,Enabled,,not available,NA
EMP 12639,chakrika.shankar97,Chakrika Shankar,Research and Development,Officer,Regional_Office,LPT-12639.corp.local,DEV73065,Working,2020-07-09T03:30:35,NA,manager598
emp12528,,Qabil Bose,R&D,Administrator,BRANCH OFFICE,LPT-12528.corp.local,dev94122,OOO,13-Sep-2024 11:26:31,,
EMP11093,CHAAYA.GOKHALE74,Chaaya Gokhale,procurement team,Trainee,REMOTE,VDR-11093,,D,16/07/2021 15:32,2025-03-24T23:18:41,manager228
EMP12897,sarthak.kohli12,Sarthak Kohli,Ops Team,Manager,Work From Home,VDR-12897,DEV21839,Active,,not available,MANAGER897
emp12783,NITESH.NAIK20,Nitesh Naik,Marketing,Analyst,remote,LPT-12783.corp.local,DEV-50285,Working,09/01/2021,not available,  manager425  
emp_11763,rachita.baria48,Rachita Baria,customer care,Administrator,DATA CENTER,LPT-11763,dev 96017,ACTIVE,1688769300,not available,manager140
12510,mohammed.modi93,Mohammed Modi,Compliance,Analyst,Warehouse,lpt-12510,dev79614,Working,1721452853,NA,NA
emp10979,ALKA.SASTRY70,Alka Sastry,FINANCE,Executive,Data Center,WS-10979,DEV-89079,A,19/02/2023,NA,unknown
EMP11953,MITALI.BAINS90,Mitali Bains,information tech,Consultant,HEAD OFFICE,WS-11953,dev 93765,Enabled,,NA,manager321
EMP 10464,kalpit.mane85,Kalpit Mane,Operations,Trainee,Head_Office,LPT_10464,DEV-96364,A,2022-11-26T13:25:53,,
EMP-11940,jairaj.jayaraman47,Jairaj Jayaraman,Brand Team,Executive,Work_From_Home,VDR-11940,DEV-59194,Active,2024-09-12T16:36:58,not available,manager740
EMP12595,TARA.THAKUR66,Tara Thakur,Legal,Director,REGIONAL OFFICE,WS-12595,dev56017,LEFT,1685261813,NA,NA
EMP10927,ekta.batra25,Ekta Batra,operations dept,Trainee,Head_Office,LPT_10927,DEV65796,Deactivated,09-11-2020 02:25:25 PM,2024-04-23 16:16:28,
11359,gaurika.patla96,Gaurika Patla,Human Resources,Executive,Work From Home,LPT-11359,dev 66547,Enabled,02/06/2021 15:37,,NA
11216,kamya_pandya54,Kamya Pandya,sales team,Engineer,WORK FROM HOME,WS-11216,DEV-82297,Enabled,08-30-2021 02:01:40 PM,not available,NA
emp_11032,hiral.kibe29,Hiral Kibe,People Team,Administrator,Regional Office,VDR-11032,DEV-58362,Enabled,10-Nov-2021 01:04:42,not available,manager885
EMP12567,sara.borah1,Sara Borah,IT Dept,Analyst,head office,,dev 78025,ACTIVE,2022-06-25 06:02:35,,manager512
11936,darsh.mishra10,Darsh Mishra,Fin,Executive,,WS-11936,dev75721,ACTIVE,05-11-2020 10:02:05 PM,not available,
emp10212,advaith.agate35,Advaith Agate,RD,Engineer,Branch_Office,LPT-10212,dev 16632,Active,2023-04-08T12:17:14,NA,NA
10012,NETRA.VASA52,Netra Vasa,OPERATIONS,Engineer,Branch Office,vdr-10012,DEV74686,ACTIVE,26-May-2020 09:15:05,NA,
EMP12990,VYANJANA.PRABHU25,Vyanjana Prabhu,procurement team,Manager,Data Center,LPT-12990,dev 86687,Terminated,1735846277,2025/08/24,manager504
emp10422,yuvraj.bahl40,Yuvraj Bahl,Brand Team,Director,Data_Center,ws-10422,,Enabled,2023-12-20T23:31:35,NA,manager633
EMP12436,om.bawa8,Om Bawa,information tech,Trainee,data center,VDR-12436,DEV-66648,Active,2023-11-22 01:22:07,,
EMP12366,oscar.lad97,Oscar Lad,Brand Team,Administrator,regional office,LPT-12366.corp.local,dev 50290,ACTIVE,2020-08-14T18:49:18,not available,unknown
EMP11749,HAMSINI.LALA64,Hamsini Lala,Operations,Consultant,Head Office,WS-11749,DEV-72075,Terminated,07/04/2023 06:52,,manager805
emp_11391,gunbir.dubey35,Gunbir Dubey,hr dept,Director,Regional_Office,WS-11391,dev27195,DISABLED,18-Apr-2022 20:33:33,,manager616
EMP12721,advika.pai76,Advika Pai,Procurement,Analyst,Work_From_Home,LPT-12721,DEV-86225,D,21/01/2024,03-03-2025 02:52:15 PM,manager151
EMP-11745,yuvraj.mani31,Yuvraj Mani,Legal Dept,Administrator,Work_From_Home,lpt-11745,DEV81036,ACTIVE,08-16-2021 10:28:57 AM,not available,  manager131  
EMP10741,libni.bhatnagar11,Libni Bhatnagar,IT Dept,Analyst,branch office,LPT-10741,DEV-95426,Active,31/05/2022 12:33,,manager926
EMP 11626,charita_hari90,Charita Hari,IT Support,Officer,Work_From_Home,LPT-11626.corp.local,DEV34651,Exited,08-12-2022 04:30:50 AM,not available,manager684
emp_12358,peter.bumb56,Peter Bumb,Research and Development,Director,remote,VDR_12358,dev 68697,Active,2022-08-19 14:42:00,,
EMP10509,  ishanvi.dugar70  ,Ishanvi Dugar,RnD,Executive,Remote,WS-10509,,Terminated,05/01/2025 19:49,,manager613
EMP10644,janani.rajagopalan6,Janani Rajagopalan,Call Center,Director,Warehouse,vdr-10644,dev16461,Live,2023-09-27T15:30:44,not available,manager411
EMP10597,gaurangi.chaudry25,Gaurangi Chaudry,People Team,Analyst,Warehouse,VDR-10597,,Live,2024-06-21 16:04:56,,manager704
EMP11005,xalak.gill58,Xalak Gill,Call Center,Analyst,Remote,LPT-11005,dev 85695,Left,1659863141,NA,MANAGER929
EMP12015,WARHI.SARRAF16,Warhi Sarraf,RnD,Trainee,,LPT-12015,dev62777,Left,2024-03-22 11:04:08,,manager926
EMP11237,meera.srinivasan63,Meera Srinivasan,Legal,Trainee,,VDR-11237,dev 45608,DISABLED,2025/04/19,2026/02/10,manager680
emp12725,gunbir.viswanathan52,Gunbir Viswanathan,Support,Manager,remote,vdr-12725,dev 48919,LEFT,27-Sep-2020 16:43:42,21/02/2025 14:30,manager684
EMP10518,liam.ahluwalia43,Liam Ahluwalia,Human Resources,Trainee,REGIONAL OFFICE,WS-10518,dev 72786,Active,2021-05-15T23:23:33,,manager520
EMP12240,UCCHAL.CHOUDHARY33,Ucchal Choudhary,MKT,Officer,Warehouse,lpt-12240,DEV81717,Enabled,2021-07-03T12:53:09,NA,manager333
emp_10573,alexander.bumb98,Alexander Bumb,Finance,Consultant,Remote,ws-10573,dev 80136,ACTIVE,1709888696,,NA
EMP11073,rachit.shanker56,Rachit Shanker,IT Support,Executive,Remote,WS-11073,dev 46747,Active,1646993435,NA,manager786
EMP12808,zinal_karnik88,Zinal Karnik,Accounts,Executive,Head_Office,WS-12808,dev39607,ACTIVE,01-Jan-2024 10:21:13,not available,manager587
emp_11763,rachita.baria48,Rachita Baria,customer care,Administrator,DATA CENTER,LPT-11763,dev 96017,ACTIVE,1688769300,not available,manager140
EMP12063,  urvi.kala69  ,Urvi Kala,Accounts,Trainee,DATA CENTER,VDR-12063,,Enabled,1625334081,,
EMP 11316,dalaja.sankar21,Dalaja Sankar,Brand Team,Manager,Warehouse,VDR-11316,,Blocked,14/03/2025 01:54,2026-01-18T03:53:59,manager659
EMP11220,pranit.chadha56,Pranit Chadha,Sales,Officer,Data_Center,lpt-11220,dev 90775,Live,2020/06/09,,
EMP11613,KEVIN.AHUJA64,Kevin Ahuja,Human Resource,Executive,Remote,WS-11613,DEV36293,A,2025-07-03 20:36:50,not available,manager447
EMP-10123,raksha.verma87,Raksha Verma,Marketing,Specialist,,VDR-10123.corp.local,,Live,12-27-2021 11:01:29 AM,,manager734
emp11251,AMRITA.BALAKRISHNAN89,Amrita Balakrishnan,Procurement,Director,,VDR-11251.corp.local,,Exited,,2025-03-25 19:36:58,manager251
EMP10220,,Priya Rajagopalan,IT Dept,Executive,REGIONAL OFFICE,WS-10220,dev72094,Active,2021-04-07 17:49:14,,manager627
EMP12994,zansi.dhar14,Zansi Dhar,Finance,Consultant,work from home,VDR-12994,,Working,2026-02-10T00:55:41,not available,manager716
EMP10358,  anirudh.kapoor37  ,Anirudh Kapoor,MKT,Consultant,Head Office,VDR-10358,DEV69866,ACTIVE,2021-09-15 11:07:33,,manager903
12218,lakshmi.nigam78,Lakshmi Nigam,Finance,Manager,HEAD OFFICE,VDR-12218,DEV98208,Disabled,26/06/2025 21:16,30/01/2026 15:01,manager829
EMP12123,chavvi.naidu26,Chavvi Naidu,RD,Specialist,Data Center,VDR_12123,dev25765,Deactivated,2023-04-02 12:28:55,2026/06/10,manager520
EMP12295,damini.prabhakar11,Damini Prabhakar,procurement team,Officer,WORK FROM HOME,WS-12295,DEV57454,Live,30/07/2022 23:59,NA,manager897
EMP10259,hemal.palla8,Hemal Palla,FINANCE,Officer,Remote,LPT-10259,DEV-85511,Live,31/01/2025,NA,NA
EMP 12855,YAHVI.SINHA85,Yahvi Sinha,OPERATIONS,Director,WORK FROM HOME,WS-12855,DEV63952,Live,2022/05/28,NA,manager373
EMP12830,JAIRAJ.BEN13,Jairaj Ben,operations dept,Director,head office,ws-12830,dev 79017,A,,NA,manager283
emp12465,thomas.majumdar70,Thomas Majumdar,MKT,Director,Data Center,VDR-12465,DEV16787,Working,2024-01-30 20:23:09,NA,
EMP12906,aishani.dayal71,Aishani Dayal,sales dept,Officer,REMOTE,VDR-12906,,Active,30-Sep-2021 00:58:36,NA,manager981
EMP 11675,jatin.narasimhan80,Jatin Narasimhan,People Team,Executive,,VDR_11675,dev 70393,Enabled,2022-10-25 01:44:23,,unknown
EMP12480,harita.dutta68,Harita Dutta,IT Support,Consultant,Remote,,DEV22156,Enabled,2023-11-11T20:44:53,not available,manager582
EMP 10194,ayush.dua87,Ayush Dua,RnD,Analyst,BRANCH OFFICE,LPT-10194,DEV-40932,ACTIVE,2023-02-12 03:25:50,not available,manager680
11845,rajeshri.shetty52,Rajeshri Shetty,legal,Engineer,,WS_11845,dev 97327,Working,1642444189,NA,  manager820  
EMP11536,lila.rege10,Lila Rege,Fin,Specialist,Remote,WS-11536,DEV79168,Blocked,04-16-2026 10:01:48 AM,09/07/2026 09:08,unknown
emp12857,edhitha.loyal90,Edhitha Loyal,Purchase,Trainee,regional office,vdr-12857,DEV80999,Live,01/02/2025 09:48,not available,
EMP-12397,manan.jayaraman61,Manan Jayaraman,Research and Development,Consultant,Work_From_Home,WS_12397,dev 64253,A,1739091402,not available,
EMP10456,daksh.kari74,Daksh Kari,Supply Chain,Engineer,regional office,WS-10456,,Active,,NA,  manager543  
EMP10462,  damyanti.barad71  ,Damyanti Barad,Information Technology,Manager,work from home,VDR-10462,DEV91142,Active,28/04/2024,,manager770
12292,keya.johal9,Keya Johal,Procurement,Director,DATA CENTER,LPT-12292,DEV-29770,Live,09-22-2021 06:34:14 PM,NA,NA
EMP11788,yadavi.kaur93,Yadavi Kaur,Mktg,Administrator,data center,LPT-11788,DEV40210,Active,2025-02-18 12:14:54,not available,manager373
EMP 11767,harita.kakar82,Harita Kakar,Support,Manager,Branch Office,VDR-11767,DEV-26640,DISABLED,2021/03/27,,
EMP10381,tanveer.sankar50,Tanveer Sankar,Ops,Executive,BRANCH OFFICE,lpt-10381,,Working,04-12-2026 05:06:18 AM,NA,manager705
EMP12525,oeshi.gara54,Oeshi Gara,R&D,Director,Remote,VDR-12525,dev 96412,Terminated,2025/05/01,NA,NA
EMP11444,nitesh.dugar65,Nitesh Dugar,HR,Director,DATA CENTER,WS-11444,,A,2020-03-29 17:13:41,,manager270
EMP11187,aarav_chakraborty53,Aarav Chakraborty,Call Center,Manager,Warehouse,LPT-11187,DEV-13104,Working,02-Apr-2023 04:18:57,not available,manager989
EMP 12607,alka.ranganathan93,Alka Ranganathan,finance dept,Engineer,WORK FROM HOME,,DEV25527,A,07-Jun-2020 07:40:54,not available,manager861
EMP12357,  vasana.singhal7  ,Vasana Singhal,IT Dept,Executive,Data Center,VDR-12357,dev70852,ACTIVE,18/08/2022 14:38,,  manager880  
EMP-11842,harita.parekh10,Harita Parekh,Purchase,Administrator,BRANCH OFFICE,LPT-11842,DEV70599,Live,1647625246,,MANAGER894
EMP11554,charles.shah45,Charles Shah,sales dept,Manager,data center,LPT-11554,dev 24733,LWP,,,NA
EMP10059,warjas.sachar28,Warjas Sachar,Human Resources,Director,DATA CENTER,ws-10059,dev 81121,ACTIVE,,,manager530
EMP-11608,  ati.chana43  ,Ati Chana,SALES,Specialist,Work_From_Home,VDR-11608,DEV-63364,Working,03-Aug-2024 12:25:57,,
EMP12638,rachana.tank4,Rachana Tank,R&D,Engineer,,VDR-12638,DEV70797,A,08/04/2023 21:33,not available,unknown
11364,vrinda.ratta87,Vrinda Ratta,RnD,Director,REMOTE,WS-11364,DEV-33163,ACTIVE,01-01-2025 02:29:19 AM,,manager891
EMP 11505,caleb.khurana94,Caleb Khurana,hr dept,Engineer,Remote,WS-11505,DEV70204,ACTIVE,07/06/2025 04:11,,
emp12876,  faqid.gaba42  ,Faqid Gaba,hr dept,Executive,BRANCH OFFICE,WS_12876,dev 49654,Active,,,manager726
EMP12359,rachana.sibal12,Rachana Sibal,LEGAL,Engineer,Data Center,WS-12359,dev65919,A,2020-04-14 22:25:32,,manager438
emp_12928,waida.raju48,Waida Raju,HR,Officer,Remote,VDR-12928,dev43330,ACTIVE,,NA,manager498
EMP11480,,Indali Saraf,Mktg,Executive,Work_From_Home,LPT-11480,DEV62575,Live,1672332688,not available,NA
EMP-10542,jhalak.toor65,Jhalak Toor,marketing dept,Consultant,head office,VDR-10542,dev 43776,L,,2025-10-31T01:00:00,
EMP11133,BRIJESH.HEGDE76,Brijesh Hegde,FINANCE,Engineer,Head Office,,DEV62596,Working,1629424025,NA,
11764,charles.subramaniam30,Charles Subramaniam,sales team,Executive,remote,LPT-11764,DEV-61211,Working,05/07/2020 09:28,not available,manager112
emp_12610,VASUDHA.RAJ58,Vasudha Raj,CS,Specialist,Warehouse,VDR-12610,,Live,1651931020,NA,MANAGER113
EMP11880,yashvi.din95,Yashvi Din,MKT,Director,Head Office,LPT-11880,DEV47375,Enabled,01-20-2026 11:40:41 AM,not available,  manager240  
emp10845,abeer.kashyap41,Abeer Kashyap,Operations,Specialist,Regional Office,WS-10845,dev40924,Terminated,1636357980,,manager381
EMP-12494,dayita.bhatia69,Dayita Bhatia,SALES,Consultant,Branch_Office,LPT-12494,DEV-21139,ACTIVE,2023-06-26T13:53:47,not available,manager397
emp12655,agastya.sarraf35,Agastya Sarraf,Customer Support,Director,Warehouse,VDR-12655,DEV40499,Working,29-Jun-2021 22:44:18,not available,
EMP11475,aarush_din90,Aarush Din,Finance,Director,Remote,WS-11475,dev 14229,Enabled,2024-11-10 00:12:23,NA,unknown
emp11839,OWEN.RAU90,Owen Rau,FINANCE,Analyst,Head_Office,WS-11839,,ACTIVE,,NA,
EMP-12980,girik_pingle83,Girik Pingle,Innovation,Director,BRANCH OFFICE,VDR-12980,DEV-91958,Active,2021-11-28 19:48:13,NA,manager317
EMP11801,ekiya.jaggi5,Ekiya Jaggi,LEGAL,Consultant,Head Office,LPT-11801,DEV-21792,Live,08-May-2021 05:31:54,,manager812
emp11766,indali.pandey62,Indali Pandey,SALES,Engineer,Regional_Office,WS_11766,,A,,,MANAGER666
EMP12493,ojasvi.vohra89,Ojasvi Vohra,information tech,Manager,Head Office,VDR-12493,dev 88063,ACTIVE,30/01/2024,,manager117
EMP11786,garima.arora7,Garima Arora,information tech,Manager,REMOTE,LPT_11786,dev 81891,Live,30/01/2021 21:16,,
EMP11018,  edhitha.saini50  ,Edhitha Saini,finance dept,Specialist,HEAD OFFICE,WS-11018,DEV-15723,A,1620231408,not available,manager743
EMP10435,triveni.palla12,Triveni Palla,finance dept,Specialist,Data_Center,vdr-10435,DEV66283,Live,1705987960,,manager138
EMP 11114,  anamika.iyengar53  ,Anamika Iyengar,OPERATIONS,Manager,Regional_Office,LPT_11114,dev20052,Active,2020-10-17 21:49:41,,  manager158  
EMP10237,naksh.anand12,Naksh Anand,Procurement,Engineer,warehouse,vdr-10237,dev14888,Terminated,,26-Dec-2022 01:31:53,NA
EMP 11075,gopal.uppal74,Gopal Uppal,Purchase,Manager,Regional Office,WS-11075,dev59415,Terminated,,,manager903
EMP10109,warda.raju69,Warda Raju,Legal,Consultant,Regional_Office,VDR-10109,DEV73956,LEFT,21/04/2020 12:49,2022/04/20,manager394
EMP-10781,,Rohan Wali,Innovation,Consultant,Head Office,WS-10781,DEV17213,Live,2021/08/29,,manager327
emp12119,niharika.bal84,Niharika Bal,marketing dept,Specialist,,VDR-12119,dev 82356,A,,not available,MANAGER816
EMP 10163,ojasvi.bansal8,Ojasvi Bansal,R&D,Manager,Work From Home,ws-10163,,Working,06-20-2021 02:55:30 AM,NA,MANAGER824
emp10288,jyoti_guha56,Jyoti Guha,finance dept,Specialist,REGIONAL OFFICE,WS-10288,DEV21232,Enabled,06-Jul-2022 17:05:25,not available,unknown
emp10252,darsh.bal9,Darsh Bal,R&D,Analyst,remote,,DEV-33590,Enabled,,NA,manager846
EMP11073,rachit.shanker56,Rachit Shanker,IT Support,Executive,Remote,WS-11073,dev 46747,Active,1646993435,NA,manager786
EMP12588,,Raksha Gokhale,Business Sales,Executive,Warehouse,vdr-12588,,Working,26/12/2022,,
EMP 12350,chatura.chowdhury52,Chatura Chowdhury,information tech,Specialist,Warehouse,WS-12350,DEV38261,Active,,not available,manager595
emp_10767,pallavi.kunda48,Pallavi Kunda,Operations,Trainee,Data Center,VDR-10767,DEV79033,D,2023/12/31,2026-04-07T12:14:56,
EMP10787,lipika.kumer68,Lipika Kumer,OPERATIONS,Manager,,ws-10787,DEV21593,Enabled,,not available,
EMP11378,chasmum.sachdeva79,Chasmum Sachdeva,Compliance,Specialist,,VDR_11378,DEV55705,Active,2025-08-03T01:04:07,,unknown
EMP11027,ABHA.MANDA57,Abha Manda,information tech,Specialist,Head Office,lpt-11027,DEV59465,Enabled,14/02/2022 18:57,,MANAGER344
emp_11037,abdul.baral80,Abdul Baral,People Team,Analyst,Branch_Office,WS-11037,DEV-75369,A,1618550562,not available,manager757
emp_10869,krishna.chaudry17,Krishna Chaudry,Human Resource,Consultant,REGIONAL OFFICE,VDR-10869,DEV66744,Active,12-29-2020 12:22:31 AM,,manager230
EMP12957,liam.saran13,Liam Saran,IT,Specialist,Regional_Office,ws-12957,,Enabled,07/08/2023 23:24,NA,manager438
EMP-12405,netra.madan80,Netra Madan,Marketing,Consultant,Branch_Office,VDR-12405,DEV51725,A,02-Jul-2026 15:41:18,NA,MANAGER204
EMP11980,eta.saran85,Eta Saran,MKT,Officer,Regional Office,VDR-11980,,Working,,not available,MANAGER974
EMP12159,mitesh_chaudhry88,Mitesh Chaudhry,RnD,Consultant,Branch_Office,VDR-12159,dev 60002,Exited,1589779073,2020-12-22 21:29:02,MANAGER532
EMP-12801,ishwar.bose49,Ishwar Bose,MKT,Director,Regional_Office,VDR-12801,DEV-37085,Left,,2026-07-12 07:30:08,  manager304  
EMP12908,yahvi.mangal15,Yahvi Mangal,Supply Chain,Analyst,regional office,,,Active,25-Aug-2024 22:03:50,not available,
EMP-12053,joshua.setty16,Joshua Setty,Human Resources,Director,remote,LPT-12053.corp.local,DEV27842,LEFT,2020/01/20,not available,manager920
EMP12472,qadim.lalla39,Qadim Lalla,Customer Support,Administrator,REGIONAL OFFICE,ws-12472,DEV-58806,Live,2025-02-09 13:34:22,,manager274
EMP 10461,nidra.mahal64,Nidra Mahal,Research and Development,Consultant,head office,,DEV95638,Live,2023-06-07 10:38:28,,manager670
EMP10911,unnati.krishnan27,Unnati Krishnan,Ops,Executive,Regional_Office,WS-10911,dev 67870,Active,2024/03/28,not available,manager201
EMP 12772,gauri.sabharwal56,Gauri Sabharwal,IT,Administrator,Head Office,lpt-12772,dev43398,Active,31/05/2020 18:56,NA,manager987
EMP-10157,raghav.dutt31,Raghav Dutt,Human Resource,Executive,remote,LPT_10157,dev 32740,Active,19/06/2026 21:45,NA,unknown
EMP10930,,Janani Dasgupta,Legal,Executive,Branch Office,vdr-10930,,Working,2023-11-23T01:32:25,,
12138,anita.varughese46,Anita Varughese,sales dept,Manager,Remote,LPT-12138,DEV-86149,Enabled,06/01/2023 17:38,NA,manager606
EMP-12164,ekansh.mangal49,Ekansh Mangal,marketing dept,Officer,Warehouse,ws-12164,dev 66536,ACTIVE,04/06/2020,NA,manager546
emp_10677,aashi.nadig72,Aashi Nadig,Call Center,Manager,Branch_Office,VDR-10677,,Working,2022/04/22,,manager821
EMP12827,OSCAR.CHHABRA40,Oscar Chhabra,customer care,Director,HEAD OFFICE,WS-12827,dev11374,A,1749728633,NA,manager531
EMP11255,yochana.choudhary64,Yochana Choudhary,information tech,Engineer,head office,VDR-11255.corp.local,DEV38329,Active,11/04/2023,not available,manager207
EMP 10238,sanya_narang5,Sanya Narang,legal,Trainee,,vdr-10238,dev47941,L,2020-01-29T19:00:36,2025-03-16T13:45:56,manager443
EMP11052,lajita.dhingra55,Lajita Dhingra,sales dept,Engineer,data center,LPT-11052.corp.local,,Working,2025-10-02 13:56:55,not available,
11532,anmol.dugar63,Anmol Dugar,IT,Officer,head office,VDR_11532,DEV58952,Active,2023/09/20,NA,NA
emp10243,fariq_atwal39,Fariq Atwal,Procurement,Specialist,Head_Office,WS-10243,,Working,1641268790,not available,  manager221  
EMP10100,turvi.nigam12,Turvi Nigam,SALES,Manager,data center,LPT-10100,DEV94896,DISABLED,28/03/2024 09:34,not available,manager822
EMP10315,girindra.pathak40,Girindra Pathak,hr dept,Executive,remote,VDR-10315,dev 28528,ACTIVE,2023-07-23 10:10:04,NA,manager688
EMP12409,omya.mukherjee26,Omya Mukherjee,sales dept,Administrator,Remote,WS-12409,dev68041,L,1582808676,26/07/2024 16:04,manager713
EMP12513,chakradev.chakraborty45,Chakradev Chakraborty,Call Center,Specialist,data center,VDR-12513.corp.local,DEV-42157,Live,21-Jan-2022 20:25:01,,
emp_11041,sara.raj57,Sara Raj,information tech,Manager,,WS-11041,dev19173,ON_LEAVE,2020-06-10 21:22:08,not available,manager244
emp_11064,yadavi_seshadri1,Yadavi Seshadri,Compliance,Specialist,,ws-11064,DEV73691,Live,2022-11-13T02:46:32,,manager444
EMP10261,pavani.atwal76,Pavani Atwal,Fin,Director,Warehouse,ws-10261,DEV-16145,ON_LEAVE,2025/06/21,not available,manager904
EMP11655,gautam.sama21,Gautam Sama,LEGAL,Officer,Data_Center,LPT-11655,DEV-68062,Enabled,,NA,manager783
EMP12966,veer.lal49,Veer Lal,Finance,Analyst,head office,VDR-12966,,A,22-Aug-2020 15:36:02,NA,MANAGER312
EMP10195,tanay.karnik5,Tanay Karnik,Supply Chain,Executive,Regional_Office,WS-10195,DEV58623,A,,NA,manager240
EMP11941,yatan.chander61,Yatan Chander,information tech,Director,Branch Office,LPT-11941,,Enabled,,not available,manager732
emp11078,  dayita.apte69  ,Dayita Apte,sales dept,Director,data center,WS-11078,dev57844,DISABLED,27/01/2021,2026-03-11 14:01:18,manager209
EMP11847,vinaya.lal10,Vinaya Lal,marketing dept,Consultant,REGIONAL OFFICE,WS-11847,DEV-85926,Live,2024-02-05T06:27:27,not available,  manager225  
EMP10179,ridhi.kadakia61,Ridhi Kadakia,FINANCE,Trainee,DATA CENTER,VDR-10179,dev10688,Terminated,1582938117,07/06/2021,manager844
EMP11412,  praneel.panchal28  ,Praneel Panchal,marketing dept,Executive,REMOTE,vdr-11412,dev23411,ACTIVE,10-Jun-2024 18:50:17,NA,manager884
EMP 10842,  mason.garg83  ,Mason Garg,IT Support,Trainee,work from home,LPT-10842.corp.local,DEV17251,Deactivated,09-17-2020 06:14:25 PM,01/04/2023 13:10,
12389,ryan.borah18,Ryan Borah,Ops Team,Director,warehouse,LPT-12389,,Live,01-31-2020 10:43:58 PM,,MANAGER324
EMP11510,yashoda.kapur75,Yashoda Kapur,R&D,Trainee,Head Office,VDR_11510,dev 16695,Working,1747999567,not available,  manager589  
EMP11995,  dhriti.sami98  ,Dhriti Sami,Compliance,Officer,Branch_Office,LPT-11995,dev20644,Active,2025/03/16,not available,manager943
EMP-10340,prisha.venkataraman28,Prisha Venkataraman,Fin,Director,Warehouse,VDR-10340,dev67984,Disabled,,not available,
11134,GANGA.YOGI55,Ganga Yogi,IT Dept,Specialist,Branch_Office,LPT-11134,dev16678,Working,,NA,manager748
EMP12364,RIA.YADAV87,Ria Yadav,sales team,Director,Remote,LPT-12364,dev20271,D,2025/03/22,04/05/2026,manager673
EMP10748,faqid.kuruvilla95,Faqid Kuruvilla,IT,Officer,Branch Office,LPT-10748,dev13809,Enabled,2020-12-26 14:26:24,NA,manager340
EMP12936,  orinder.karpe99  ,Orinder Karpe,IT Support,Executive,Data Center,VDR-12936,DEV-55597,OOO,2026/05/16,not available,MANAGER843
EMP10662,watika.sant81,Watika Sant,Human Resource,Engineer,WORK FROM HOME,,dev64346,ACTIVE,2022-11-03T01:21:16,,manager925
EMP 10480,kamya.taneja57,Kamya Taneja,SALES,Consultant,Work From Home,vdr-10480,,Enabled,09-02-2021 09:47:47 AM,not available,unknown
10803,  aarna.menon15  ,Aarna Menon,Human Resources,Analyst,work from home,WS-10803,dev66524,Enabled,2020-11-30 23:26:48,not available,manager775
EMP12204,upasna_batra71,Upasna Batra,finance dept,Engineer,Remote,WS-12204,dev 63564,Resigned,2025-01-03T00:46:20,12/06/2026 07:34,
EMP10998,lopa.sarin4,Lopa Sarin,FINANCE,Trainee,,WS-10998,dev 94587,Working,2020-09-13 01:34:11,NA,manager613
EMP11431,diya.dutt12,Diya Dutt,Procurement,Trainee,HEAD OFFICE,LPT-11431,DEV21870,Live,25/09/2020 11:46,,  manager705  
12509,zarna.pall69,Zarna Pall,Accounts,Specialist,Data_Center,WS-12509,dev 27616,Active,06/09/2022,not available,manager349
EMP10549,inaya.garg98,Inaya Garg,Support,Analyst,Work From Home,WS-10549,dev 58653,ACTIVE,2024-03-09 15:33:32,,
EMP11210,warda.bora45,Warda Bora,sales team,Engineer,regional office,VDR-11210,DEV-11883,Working,2023/02/04,,manager414
EMP10783,bahadurjit.ramaswamy51,Bahadurjit Ramaswamy,sales dept,Trainee,REMOTE,VDR-10783,DEV-89308,A,,,unknown
emp12791,rehaan.kothari61,Rehaan Kothari,Information Technology,Officer,,ws-12791,DEV21773,Enabled,1641963956,not available,NA
12007,rajata.sem34,Rajata Sem,Purchase,Analyst,regional office,LPT_12007,dev85865,A,2021-03-13 14:37:17,not available,unknown
EMP10742,bhanumati.tella99,Bhanumati Tella,Innovation,Executive,,LPT-10742.corp.local,DEV-93863,A,2023/10/31,,manager278
emp12488,jhalak.ben53,Jhalak Ben,Operations,Engineer,,VDR-12488,DEV39678,Working,,not available,manager624
EMP12733,nilima.basak27,Nilima Basak,PURCH,Director,BRANCH OFFICE,WS-12733,dev 99094,D,2025-12-03 13:31:37,1785502562,NA
EMP12910,noah.ray4,Noah Ray,RD,Analyst,,ws-12910,DEV88117,Live,2021-01-02 22:09:42,NA,MANAGER700
emp_11642,samesh_tandon65,Samesh Tandon,People Team,Engineer,BRANCH OFFICE,VDR_11642,DEV-35472,A,02-18-2026 03:09:33 PM,not available,manager992
EMP-12033,jason.lanka36,Jason Lanka,Support,Executive,Work_From_Home,vdr-12033,DEV-54909,Deactivated,2022-04-13T15:34:17,08-17-2025 04:42:08 AM,manager503
EMP11239,benjamin.bhatia78,Benjamin Bhatia,Call Center,Consultant,Data_Center,,dev 25027,Active,,NA,manager290
EMP12208,sarthak_zacharia39,Sarthak Zacharia,hr dept,Manager,REGIONAL OFFICE,lpt-12208,dev46987,Working,1697833071,not available,manager202
EMP12967,zilmil.sankaran33,Zilmil Sankaran,CS,Administrator,,lpt-12967,dev 85481,A,08/12/2021 19:51,not available,manager472
EMP10247,aadhya.shan11,Aadhya Shan,Support,Trainee,WAREHOUSE,VDR-10247.corp.local,DEV-57419,ACTIVE,2024-10-18T19:28:08,not available,manager948
10871,,Aahana Chaudhary,Ops Team,Director,Branch Office,,DEV74392,Active,04-14-2021 11:07:01 PM,NA,  manager773  
emp10952,januja.yadav88,Januja Yadav,Legal Dept,Consultant,WORK FROM HOME,VDR-10952.corp.local,dev 37886,Enabled,2024-05-04 12:50:42,not available,manager265
emp12262,damyanti_lal3,Damyanti Lal,information tech,Director,,ws-12262,DEV-59411,Live,05-03-2021 07:51:26 AM,,MANAGER108
EMP 12803,,Yuvraj Sachar,Legal Dept,Trainee,HEAD OFFICE,VDR-12803,,Live,2020-05-12 05:30:44,NA,  manager142  
emp_10626,  sara.bhattacharyya47  ,Sara Bhattacharyya,Human Resource,Analyst,Remote,VDR-10626,dev 60662,Live,03-28-2023 07:08:21 PM,not available,manager826
EMP10347,jacob.chadha82,Jacob Chadha,Support,Officer,,LPT-10347,dev46368,Active,09-02-2020 12:16:28 PM,NA,manager308
10278,david.lad68,David Lad,FINANCE,Engineer,Branch Office,VDR-10278.corp.local,,ACTIVE,06/01/2023 05:02,NA,manager506
emp11600,gagan.mitter67,Gagan Mitter,PURCH,Director,Regional_Office,VDR_11600,dev 60738,ACTIVE,04/01/2026 18:47,NA,NA
EMP 12689,,Chameli Deol,Human Resources,Officer,Warehouse,,dev 43341,Enabled,29/09/2025,,manager652
emp10655,eshana.bala7,Eshana Bala,Human Resource,Director,,LPT-10655,dev 98092,Enabled,08-15-2025 10:06:38 AM,NA,manager709
EMP11298,harrison.varughese13,Harrison Varughese,Procurement,Trainee,remote,VDR-11298,DEV-46068,ACTIVE,1765111521,,NA
EMP10962,aarav.sankaran82,Aarav Sankaran,LEGAL,Manager,work from home,WS-10962,DEV-84593,Active,2021/06/13,NA,manager775
EMP12706,  inaya.rastogi36  ,Inaya Rastogi,LEGAL,Manager,REGIONAL OFFICE,VDR-12706,DEV64786,Deactivated,19-Jun-2020 13:06:40,03-04-2024 10:08:32 PM,unknown
EMP 12667,ansh.bose59,Ansh Bose,Fin,Officer,Regional_Office,WS-12667,DEV56648,ON_LEAVE,01/01/2025 04:49,NA,manager738
EMP11091,  nathaniel.wadhwa89  ,Nathaniel Wadhwa,Human Resources,Trainee,work from home,vdr-11091,,Working,22/07/2025 09:47,,manager111
emp11820,lipika.ramaswamy9,Lipika Ramaswamy,Ops,Consultant,BRANCH OFFICE,WS-11820,,Enabled,2020/11/10,NA,manager828
10632,dayita.malhotra55,Dayita Malhotra,Brand Team,Specialist,REMOTE,WS-10632,dev 81071,Live,1752983592,not available,manager654
EMP11178,mason.goyal5,Mason Goyal,Purchase,Executive,,LPT-11178,DEV-11424,Live,2023/08/09,not available,manager996
EMP 10445,charvi.mann64,Charvi Mann,sales dept,Specialist,Branch_Office,ws-10445,DEV78569,ON_LEAVE,2023-01-17 00:35:10,NA,MANAGER402
EMP10617,gaurav.rajagopal62,Gaurav Rajagopal,Customer Support,Engineer,data center,WS-10617,,ACTIVE,2024-10-09 11:41:23,NA,manager853
EMP11915,jasmit.panchal36,Jasmit Panchal,IT,Director,REGIONAL OFFICE,WS-11915,dev 56779,Live,2024/09/24,not available,manager127
EMP12922,brijesh.karpe81,Brijesh Karpe,MKT,Consultant,Data_Center,VDR-12922,DEV48262,Working,09/01/2024 15:34,not available,manager400
emp12792,hemal.anne22,Hemal Anne,CS,Specialist,remote,,dev45125,Live,2021-08-21 08:13:40,not available,
EMP11207,DHRITI.CHOUDHARY42,Dhriti Choudhary,operations dept,Analyst,,WS-11207,dev 29331,Working,10/09/2022,not available,manager790
emp12014,YADAVI.KARAN30,Yadavi Karan,Procurement,Trainee,regional office,LPT-12014,DEV74595,D,,,MANAGER797
emp10844,saksham.vohra67,Saksham Vohra,Supply Chain,Officer,Remote,WS-10844.corp.local,DEV-21829,Active,,NA,
EMP12631,shivani.madan32,Shivani Madan,sales team,Specialist,Work_From_Home,WS-12631,,A,08/10/2020 20:13,,manager433
emp_10547,tristan.mukherjee88,Tristan Mukherjee,Business Sales,Trainee,Regional_Office,,dev 40783,Enabled,04-Apr-2022 14:03:33,NA,
EMP11889,atharv.shukla79,Atharv Shukla,Legal Dept,Engineer,work from home,VDR-11889,dev48365,Working,10-Jun-2023 19:14:29,not available,NA
EMP10942,,Udarsh Chokshi,RnD,Manager,WORK FROM HOME,VDR-10942,dev 89541,Live,03-Jan-2025 15:02:48,,manager982
EMP11011,adya.divan78,Adya Divan,Research and Development,Analyst,BRANCH OFFICE,LPT-11011,DEV19108,Resigned,2023-04-13T22:21:03,,manager636
EMP10263,tanish.issac29,Tanish Issac,Brand Team,Executive,work from home,,DEV-17552,Enabled,2023-07-18 01:04:38,not available,MANAGER237
EMP11393,rishi.iyengar51,Rishi Iyengar,sales team,Specialist,work from home,WS-11393,dev52431,ACTIVE,04-28-2026 10:08:14 PM,,manager380
EMP12425,jeet.rajagopalan64,Jeet Rajagopalan,RnD,Officer,data center,lpt-12425,dev 51114,ACTIVE,,not available,unknown
EMP11933,balendra.madan83,Balendra Madan,operations dept,Analyst,work from home,VDR-11933,dev89281,Live,10/04/2021,,
emp_10353,lajita.rao81,Lajita Rao,People Team,Trainee,DATA CENTER,VDR-10353,DEV57202,Enabled,27-Oct-2024 06:05:36,,manager261
emp12923,,Lohit Kulkarni,Sales,Director,Regional_Office,WS-12923,DEV-49080,DISABLED,,2021-09-16 19:33:57,  manager591  
10208,liam.agate34,Liam Agate,sales dept,Specialist,data center,VDR-10208,,A,,NA,manager757
emp_10613,pavani.bansal82,Pavani Bansal,Legal,Analyst,Remote,,dev 15397,Active,21/10/2024,not available,manager614
EMP11710,  advaith.barman92  ,Advaith Barman,Fin,Trainee,HEAD OFFICE,LPT-11710,dev 28338,A,06-12-2024 05:20:44 AM,not available,manager830
11780,  radha.gour60  ,Radha Gour,Procurement,Officer,,,DEV48202,Enabled,10-01-2021 04:37:33 AM,,manager748
EMP11844,anamika.ben86,Anamika Ben,Accounts,Trainee,WORK FROM HOME,WS-11844,dev57022,ON_LEAVE,09-Aug-2022 22:44:51,,manager822
EMP11572,peter.chowdhury40,Peter Chowdhury,SALES,Specialist,Warehouse,LPT-11572,,A,11/03/2021 21:46,,manager942
EMP-12702,SAMUEL.DUBEY7,Samuel Dubey,Supply Chain,Consultant,data center,LPT-12702,,Active,04/06/2022,not available,manager119
EMP12113,akshay.dugal56,Akshay Dugal,Accounts,Consultant,,VDR-12113,DEV98652,Enabled,,NA,manager710
EMP12307,saksham.rege93,Saksham Rege,Brand Team,Consultant,,WS-12307,DEV41447,Working,1729319671,not available,manager977
EMP10057,nimrat.nair32,Nimrat Nair,Mktg,Officer,Data_Center,vdr-10057,DEV-41358,Enabled,28/08/2020 17:34,,manager340
emp_12312,RANBIR.KUMAR36,Ranbir Kumar,Accounts,Engineer,Remote,vdr-12312,DEV87136,Leave,,,manager225
EMP10811,diya.ratta6,Diya Ratta,Human Resource,Consultant,,LPT_10811,dev60434,A,2025-02-08 08:17:11,NA,manager803
EMP 12260,patrick.salvi50,Patrick Salvi,RnD,Trainee,REMOTE,LPT-12260,DEV-41671,Leave,2024-04-05 09:49:33,NA,manager796
emp_10561,RAGHAV.NANDA23,Raghav Nanda,marketing dept,Consultant,Remote,VDR_10561,,Live,07/04/2026 07:22,NA,manager180
EMP12112,,Forum Palla,Marketing,Engineer,Work From Home,WS-12112,dev 32935,Active,09-02-2021 04:05:53 PM,not available,manager678
EMP10229,bhavna.dass88,Bhavna Dass,Brand Team,Specialist,,,dev 42311,Live,2022-07-16 09:42:39,,manager404
EMP12586,sai.mitra8,Sai Mitra,Innovation,Specialist,branch office,LPT-12586,dev17258,Live,22-Jun-2023 20:24:01,NA,MANAGER187
EMP11833,janya.wagle29,Janya Wagle,SALES,Trainee,BRANCH OFFICE,lpt-11833,dev 81068,Live,2023/07/06,,manager529
EMP 11080,pavani.rout64,Pavani Rout,RD,Executive,Warehouse,ws-11080,dev 29119,A,2025/12/24,NA,manager427
EMP10538,indali.dora66,Indali Dora,Customer Support,Engineer,,LPT-10538,dev98345,ACTIVE,13/01/2022 08:16,,manager261
EMP11320,QASIM.MUNSHI11,Qasim Munshi,customer care,Trainee,,WS-11320,,Active,2024-03-22 20:56:06,,manager765
EMP11674,sudiksha.shenoy74,Sudiksha Shenoy,Business Sales,Manager,Work_From_Home,LPT-11674,DEV-11264,Live,04-07-2026 05:40:59 AM,NA,
EMP12881,nirja.virk29,Nirja Virk,IT,Specialist,WORK FROM HOME,ws-12881,dev 19065,A,1757144550,NA,manager697
EMP11110,  meera.banik95  ,Meera Banik,Customer Support,Officer,Warehouse,WS-11110.corp.local,dev 72503,ACTIVE,2022-03-15 20:59:27,not available,manager625
EMP-11842,harita.parekh10,Harita Parekh,Purchase,Administrator,BRANCH OFFICE,LPT-11842,DEV70599,Live,1647625246,,MANAGER894
EMP11128,PRATYUSH.DESHPANDE35,Pratyush Deshpande,hr dept,Director,,VDR-11128,dev74955,DISABLED,2026-01-28 07:37:53,07-02-2026 02:44:45 PM,  manager859  
emp10707,raksha.mahal36,Raksha Mahal,marketing dept,Executive,,WS_10707,,DISABLED,2020-02-14T03:03:10,2025-04-04T03:15:00,manager705
emp10424,eesha.basu78,Eesha Basu,Brand Team,Administrator,regional office,LPT_10424,dev73142,Active,09/05/2022 00:05,NA,  manager982  
emp10069,brijesh.arora88,Brijesh Arora,Procurement,Manager,WORK FROM HOME,VDR-10069,dev 15383,Working,1692828646,NA,
EMP-12817,suhani.dhar2,Suhani Dhar,Purchase,Officer,,LPT-12817,DEV11435,Deactivated,27-Dec-2024 15:10:23,03-29-2025 11:48:14 AM,unknown
emp_12059,qushi.sandhu96,Qushi Sandhu,IT Support,Executive,REMOTE,VDR-12059.corp.local,,Exited,13/06/2022 12:22,11-Jul-2026 18:58:56,MANAGER323
10647,vedant.kumer4,Vedant Kumer,finance dept,Trainee,Warehouse,VDR-10647,DEV-36467,L,2020-10-07 04:16:59,26/08/2026 06:28,manager828
12975,warjas.barman48,Warjas Barman,Sales,Officer,head office,vdr-12975,dev 64598,A,2020-11-22T22:14:53,NA,manager901
emp_12051,warda.dey18,Warda Dey,R&D,Consultant,Warehouse,WS-12051,,Live,18/05/2025 02:11,NA,MANAGER702
EMP12382,girik.shere27,Girik Shere,People Team,Analyst,Remote,LPT-12382,DEV-96938,Working,2024-12-05 06:35:35,,manager859
EMP11743,,Warhi Dugar,legal,Engineer,Warehouse,WS_11743,DEV-63477,Active,2020-11-26 15:44:40,,manager759
EMP-12683,meghana.grewal81,Meghana Grewal,Legal,Administrator,Data_Center,LPT-12683,dev28594,Working,1744484438,NA,manager559
EMP 11453,aadi.sharma83,Aadi Sharma,Sales,Executive,,LPT-11453,,ACTIVE,14/09/2023 17:49,NA,manager493
EMP12519,chaaya.mody33,Chaaya Mody,Marketing,Manager,Work_From_Home,vdr-12519,DEV-99516,Active,18-Apr-2020 14:56:58,,
emp_10620,udyati.basu22,Udyati Basu,Ops Team,Specialist,WORK FROM HOME,WS_10620,dev91681,Live,2020-05-19 10:18:45,,
12682,YUVRAJ.TALWAR62,Yuvraj Talwar,Ops,Engineer,regional office,WS-12682.corp.local,dev26791,Terminated,01/05/2022 12:06,08-14-2023 02:16:20 AM,manager620
emp_11407,zashil.menon96,Zashil Menon,finance dept,Executive,Warehouse,VDR-11407,DEV72111,Working,17/07/2023 09:47,not available,manager581
EMP11977,rudra.gokhale89,Rudra Gokhale,IT,Specialist,work from home,lpt-11977,dev76505,ACTIVE,2024-10-19 17:19:14,NA,  manager166  
emp_11105,neel.soman20,Neel Soman,operations dept,Director,DATA CENTER,LPT-11105,,Live,19/04/2022 05:59,,manager212
EMP11618,,Hemangini Sathe,IT,Specialist,head office,VDR-11618,dev25765,DISABLED,2022-08-26T07:27:09,not available,manager799
emp11580,hemangini.goda47,Hemangini Goda,Sales,Trainee,work from home,VDR-11580,DEV66685,Active,05-Jun-2025 09:11:42,,manager888
EMP-12321,bhavani.khare8,Bhavani Khare,information tech,Consultant,WORK FROM HOME,lpt-12321,dev67583,LEFT,14/07/2020 08:48,,manager631
emp12746,neha.pal10,Neha Pal,RnD,Officer,Head_Office,,DEV71797,Active,2020-01-18 08:06:13,NA,manager485
EMP12320,warinder.pai74,Warinder Pai,Legal Dept,Director,regional office,ws-12320,DEV63311,Live,,,manager385
EMP 10279,rayaan.kari11,Rayaan Kari,Operations,Director,,VDR_10279,dev 41877,On Leave,02/12/2021,,manager947
EMP12250,jyoti.rajagopal11,Jyoti Rajagopal,Operations,Manager,REMOTE,LPT-12250.corp.local,DEV-33998,LEFT,14/12/2022 04:01,,manager802
EMP12242,adya_deep36,Adya Deep,Information Technology,Director,,WS-12242,DEV91248,Live,2020/09/05,,manager506
EMP11606,manya.kale19,Manya Kale,People Team,Consultant,HEAD OFFICE,VDR-11606,,ACTIVE,2026-03-11T01:45:22,NA,manager712
EMP-10166,omkaar.balan50,Omkaar Balan,Mktg,Administrator,REGIONAL OFFICE,,DEV-88997,L,1667322991,2025/08/28,manager458
emp_11242,reva.cherian68,Reva Cherian,Sales,Manager,warehouse,WS-11242,,Terminated,2025-09-16T19:06:33,29/08/2026 11:20,  manager798  
EMP11756,  zaid.goel6  ,Zaid Goel,Marketing,Specialist,remote,WS-11756,DEV24375,Live,08-26-2020 04:09:47 PM,not available,manager597
EMP10553,nirja.kar42,Nirja Kar,Ops,Specialist,work from home,WS_10553,DEV34530,A,01-06-2022 06:22:37 PM,not available,manager727
EMP 10834,warda_rege61,Warda Rege,Compliance,Engineer,,LPT-10834,DEV-95398,Deactivated,2024/04/16,2026-02-18 08:43:23,manager420
EMP10657,,Kala Contractor,Ops,Director,,LPT-10657.corp.local,DEV-66010,Blocked,2020-07-20 17:13:24,2021/09/11,manager980
EMP10596,wishi.dixit15,Wishi Dixit,HR,Officer,REGIONAL OFFICE,,dev15737,DISABLED,07-Feb-2021 04:40:14,2021/05/15,
EMP12828,siddharth.cheema52,Siddharth Cheema,IT,Executive,branch office,WS-12828,DEV18242,A,02-08-2023 12:44:43 PM,,manager483
EMP10802,panini.gokhale89,Panini Gokhale,Finance,Engineer,Remote,lpt-10802,,A,,not available,manager881
EMP12203,yashodhara.de11,Yashodhara De,PURCH,Officer,work from home,LPT-12203.corp.local,dev 73253,Enabled,22/05/2026,NA,NA
EMP10695,charita_dhingra41,Charita Dhingra,Legal,Director,data center,ws-10695,dev81449,A,2021/06/22,NA,manager292
EMP11811,ISHANI.BHARDWAJ87,Ishani Bhardwaj,Legal,Officer,WAREHOUSE,VDR-11811.corp.local,DEV62939,Resigned,20-Dec-2023 17:43:28,NA,unknown
EMP12802,  fariq.sanghvi8  ,Fariq Sanghvi,Business Sales,Specialist,DATA CENTER,WS-12802,dev 44556,Disabled,2024-04-12 04:39:17,,NA
emp10440,laksh.kari28,Laksh Kari,IT Support,Specialist,WAREHOUSE,,,A,14/07/2025,,NA
EMP 10508,nandini.kade65,Nandini Kade,IT,Specialist,WAREHOUSE,WS-10508,,Active,,,manager656
EMP10076,yamini.tata89,Yamini Tata,RD,Trainee,,LPT_10076,dev 22196,ACTIVE,,NA,manager413
EMP12986,ekaja.dugar99,Ekaja Dugar,Information Technology,Manager,REMOTE,VDR-12986.corp.local,dev90418,Active,06/02/2024 10:33,,
EMP11948,kamya.ram56,Kamya Ram,SALES,Manager,REMOTE,WS-11948.corp.local,dev20769,A,06/05/2020,NA,NA
EMP10649,tejas.narula94,Tejas Narula,Support,Specialist,Branch_Office,WS-10649,,Working,07-14-2026 09:38:31 PM,,MANAGER443
EMP10522,widisha.seshadri22,Widisha Seshadri,Business Sales,Director,Warehouse,lpt-10522,,Disabled,2021/07/19,2025/11/22,manager841
EMP11586,gunbir.goda45,Gunbir Goda,RD,Trainee,Warehouse,VDR-11586,dev 14885,Resigned,2025-05-05 11:53:55,,
EMP11117,yagnesh.bhardwaj90,Yagnesh Bhardwaj,Call Center,Consultant,branch office,VDR-11117,,On Leave,,,manager143
EMP12383,gaurangi.natarajan89,Gaurangi Natarajan,Legal,Officer,Work From Home,LPT-12383,dev 14282,Active,07-15-2025 11:24:25 PM,not available,  manager824  
EMP11593,,Kiaan Palan,Accounts,Executive,Remote,LPT-11593,dev 24611,Enabled,2022-08-22T18:36:53,not available,NA
EMP10654,vamakshi.ravel8,Vamakshi Ravel,Ops,Analyst,,LPT-10654,dev97424,Working,1739780008,not available,MANAGER189
EMP11375,ijaya.sachar81,Ijaya Sachar,IT Dept,Engineer,Branch Office,,DEV59310,Left,15/11/2021 04:00,2024-02-17T09:10:31,  manager596  
EMP11644,ayushman.dara8,Ayushman Dara,hr dept,Manager,data center,VDR-11644,dev80028,ACTIVE,16/02/2026,not available,manager429
emp_12131,chaaya_sodhi94,Chaaya Sodhi,CS,Officer,REGIONAL OFFICE,VDR-12131,dev 47980,L,1714260396,08-15-2024 03:57:07 PM,NA
EMP-10976,  michael.dhillon14  ,Michael Dhillon,IT Dept,Specialist,Regional Office,LPT-10976,dev 87710,Blocked,2021-08-24 12:56:47,not available,manager621
EMP11760,kashvi.shere48,Kashvi Shere,Call Center,Manager,DATA CENTER,WS-11760,dev 14395,Enabled,2024-09-27T09:55:29,,
EMP10630,,Banjeet Vyas,Mktg,Director,Work_From_Home,LPT-10630,DEV-82737,Left,1638391195,2025/04/05,manager189
EMP11340,ranbir.tak34,Ranbir Tak,FINANCE,Trainee,,LPT-11340,DEV-67659,Active,2020-04-24T23:12:00,,unknown
EMP11609,,Kavya Rout,OPERATIONS,Analyst,Warehouse,LPT-11609,dev 56969,A,08/08/2020 15:08,not available,manager642
EMP12728,ekaraj.jaggi47,Ekaraj Jaggi,legal,Director,head office,WS-12728,dev14784,ACTIVE,09/02/2022 10:37,NA,manager535
EMP10482,zayyan.pal49,Zayyan Pal,information tech,Director,remote,VDR-10482,,Live,2024-12-19T09:09:23,not available,
EMP10560,jasmit_ramaswamy33,Jasmit Ramaswamy,OPERATIONS,Analyst,,LPT-10560,dev56018,L,24/02/2025 11:01,2026-05-17T18:28:20,manager651
EMP11192,vamakshi.divan13,Vamakshi Divan,information tech,Executive,work from home,WS-11192,DEV81714,Terminated,09-27-2020 07:41:37 PM,08-10-2024 08:37:31 PM,manager402
EMP12642,jalsa.nagy51,Jalsa Nagy,customer care,Director,,WS-12642,DEV-34371,Active,21/07/2022,not available,unknown
EMP12032,alka.jayaraman50,Alka Jayaraman,Legal,Specialist,remote,VDR-12032,DEV69852,ACTIVE,2020-04-05T04:14:49,,manager271
EMP10438,urmi.gulati6,Urmi Gulati,Marketing,Administrator,,VDR-10438,,ACTIVE,15/11/2022,not available,manager803
EMP12151,MANYA.MOHANTY64,Manya Mohanty,Accounts,Administrator,head office,vdr-12151,DEV-22761,Working,,,manager297
emp11947,xalak.handa21,Xalak Handa,Information Technology,Engineer,DATA CENTER,VDR-11947,dev27106,Working,03-03-2026 04:57:35 AM,,NA
EMP12634,samarth.brar15,Samarth Brar,Finance,Officer,WORK FROM HOME,LPT-12634,,LEFT,2022-10-20 18:28:43,2023-05-16 21:51:14,manager481
EMP10856,odika.shanker32,Odika Shanker,Support,Executive,work from home,VDR-10856,DEV99883,Enabled,19/09/2022 08:07,NA,manager994
EMP10530,  indali.toor53  ,Indali Toor,Ops,Manager,Branch_Office,WS-10530.corp.local,dev95403,ACTIVE,1647979760,NA,
EMP11818,triveni.ranganathan7,Triveni Ranganathan,sales dept,Executive,,LPT-11818,DEV48721,Live,2022-12-25 03:17:00,not available,manager495
10049,luke.walia87,Luke Walia,FINANCE,Specialist,WAREHOUSE,WS-10049,dev63225,Working,02/01/2020 06:16,,manager315
EMP10858,aditya.bhakta49,Aditya Bhakta,Supply Chain,Engineer,head office,LPT-10858,DEV83207,Active,2025-04-30T20:43:20,NA,manager191
emp10719,chanakya.taneja17,Chanakya Taneja,legal,Specialist,Work From Home,LPT-10719,DEV-24528,Live,,NA,manager776
EMP 12256,charvi.mannan37,Charvi Mannan,hr dept,Manager,Warehouse,WS-12256,dev92163,ACTIVE,18/10/2020 09:52,,
emp11366,jagat.mohanty55,Jagat Mohanty,MKT,Consultant,DATA CENTER,WS-11366.corp.local,,LWP,10/05/2020 06:51,,NA
EMP12318,  jacob.karnik59  ,Jacob Karnik,MKT,Administrator,Work_From_Home,VDR-12318,dev95260,LEFT,27/03/2024,05-08-2026 07:24:17 PM,  manager267  
EMP12770,azad.ahluwalia77,Azad Ahluwalia,Finance,Specialist,regional office,VDR-12770,dev 81848,A,23/09/2022 02:52,NA,unknown
EMP11559,girish.jayaraman91,Girish Jayaraman,RD,Specialist,Warehouse,VDR-11559,DEV85650,LWP,1649435481,,NA
EMP12194,waida.dyal18,Waida Dyal,R&D,Manager,,WS-12194,dev99263,ACTIVE,2023-03-16T19:23:18,not available,  manager929  
EMP-11374,vyanjana.ahuja87,Vyanjana Ahuja,HR,Consultant,HEAD OFFICE,WS-11374.corp.local,dev 23164,L,06-07-2024 02:42:25 PM,01-Aug-2024 23:19:12,unknown
EMP12593,rudra.madan20,Rudra Madan,Marketing,Engineer,Remote,VDR-12593,DEV-65293,Working,2023-06-27T07:18:43,,  manager267  
emp11321,arin.rattan45,Arin Rattan,legal,Trainee,remote,LPT-11321,dev 12810,Exited,22/03/2020,11-22-2021 08:53:52 AM,manager980
emp11068,yasti.swamy25,Yasti Swamy,IT Dept,Consultant,head office,VDR-11068,dev 57212,Resigned,04-05-2026 02:11:46 AM,1782809326,manager596
EMP11711,kai.chatterjee31,Kai Chatterjee,Human Resource,Consultant,remote,WS-11711,dev 20637,Enabled,05-21-2026 07:29:09 PM,not available,manager510
EMP12606,ishani.mitra6,Ishani Mitra,FINANCE,Manager,BRANCH OFFICE,WS-12606,,ACTIVE,05-18-2026 09:33:07 AM,NA,manager921
emp_12711,,Chanchal Tiwari,Innovation,Executive,DATA CENTER,WS_12711,DEV96309,Exited,,2026/03/28,
emp11577,yashodhara_sen16,Yashodhara Sen,Customer Support,Specialist,,LPT-11577.corp.local,DEV-19227,Resigned,2026-06-01 08:58:31,,manager378
EMP10297,  simon.dara84  ,Simon Dara,Supply Chain,Executive,REMOTE,WS-10297,dev 89064,Left,,21/03/2023 22:10,NA
EMP-11269,ekavir.kalita10,Ekavir Kalita,Finance,Analyst,WAREHOUSE,WS-11269,dev 72105,Working,26/02/2024 02:50,,NA
emp_12111,CHATRESH.KRISH60,Chatresh Krish,sales team,Consultant,Head Office,lpt-12111,DEV47712,ACTIVE,1720293921,,NA
EMP10958,azaan.sampath86,Azaan Sampath,R&D,Manager,REMOTE,WS-10958,DEV-88815,A,04/07/2021 11:59,not available,unknown
EMP 11263,anirudh.warrior56,Anirudh Warrior,Human Resource,Analyst,regional office,LPT-11263,dev24559,ACTIVE,2020-06-14 02:14:20,,unknown
EMP11288,urvashi.rege4,Urvashi Rege,Compliance,Manager,WORK FROM HOME,LPT-11288,dev90636,Exited,2022-01-23 20:58:17,03-28-2025 02:09:19 AM,manager656
EMP10349,vedant.kashyap40,Vedant Kashyap,LEGAL,Engineer,Head Office,LPT-10349,DEV-21300,Resigned,1608971711,03-01-2026 10:25:16 PM,manager782
emp11326,aarini.rajan41,Aarini Rajan,OPERATIONS,Specialist,regional office,LPT-11326.corp.local,DEV48327,Enabled,20/05/2023 23:30,not available,manager225
EMP10643,abeer.lad5,Abeer Lad,customer care,Manager,Data_Center,WS_10643,DEV15559,Resigned,02-02-2022 10:20:03 AM,2025-06-15T13:14:33,unknown
EMP11330,  vyanjana.chawla67  ,Vyanjana Chawla,sales team,Administrator,Regional_Office,VDR-11330,,Working,2026-03-02T05:15:48,not available,unknown
EMP12901,advay.jayaraman98,Advay Jayaraman,legal,Consultant,Work_From_Home,WS-12901,DEV81061,Active,23/10/2023 22:52,,manager665
EMP12972,yadavi.taneja61,Yadavi Taneja,Business Sales,Administrator,REGIONAL OFFICE,VDR-12972,,Live,2023-01-25T02:33:29,NA,manager583
EMP11322,agastya.subramanian49,Agastya Subramanian,IT Dept,Officer,DATA CENTER,LPT-11322,dev60741,Live,2025-11-30T15:48:17,,manager818
EMP11106,  veer.batra88  ,Veer Batra,Call Center,Director,head office,WS-11106,,A,02/11/2022,NA,
emp12213,VIDHI.SABHARWAL85,Vidhi Sabharwal,RnD,Specialist,head office,WS-12213.corp.local,DEV-14015,Active,2025-01-11 07:08:22,NA,manager471
EMP11123,samesh.tak93,Samesh Tak,Accounts,Director,Remote,LPT-11123,dev 23282,Working,2021-09-05T17:58:51,,manager626
EMP12447,umang.sharma23,Umang Sharma,Information Technology,Executive,REGIONAL OFFICE,,dev 59397,Enabled,25-May-2023 10:31:09,,manager882
EMP12410,samar.tank75,Samar Tank,Operations,Analyst,remote,WS-12410,DEV-12727,Blocked,2020-02-02 01:50:33,,manager486
EMP11637,daniel.raj34,Daniel Raj,People Team,Manager,data center,LPT-11637,DEV-21338,Working,2024-03-27 03:07:36,NA,manager630
10786,GAVIN.SAMRA37,Gavin Samra,Accounts,Director,Regional Office,WS-10786,DEV-28293,DISABLED,2025-01-31T17:19:05,12/07/2025 02:41,manager988
EMP 12776,ABEER.BHATT30,Abeer Bhatt,IT Dept,Administrator,Regional_Office,VDR-12776,dev 19269,Live,02/01/2021,NA,manager628
EMP10140,finn.gupta86,Finn Gupta,marketing dept,Consultant,Branch_Office,vdr-10140,dev72163,Live,22/09/2020 05:13,NA,manager198
EMP10788,TARAK.SOM54,Tarak Som,FINANCE,Officer,data center,VDR_10788,,Working,01/03/2021 10:01,,manager952
EMP11949,nirja_munshi38,Nirja Munshi,Compliance,Executive,REMOTE,ws-11949,dev48091,LEFT,05-11-2020 11:32:53 AM,2022-04-23 04:55:14,manager477
EMP12097,rachit.balan30,Rachit Balan,R&D,Manager,Branch Office,WS_12097,dev35002,Working,20/01/2023 10:10,not available,manager652
emp_10714,matthew.prabhu13,Matthew Prabhu,CS,Consultant,WORK FROM HOME,WS-10714,DEV90017,Resigned,2022-04-26 21:49:40,,
EMP11869,oni_varkey46,Oni Varkey,FINANCE,Director,WORK FROM HOME,LPT-11869,dev81474,L,2026-03-03 11:25:29,2026-08-27 22:24:48,MANAGER912
EMP11640,meghana.chana6,Meghana Chana,CS,Engineer,Work_From_Home,LPT-11640,dev 51670,Enabled,2020-02-14 03:39:32,NA,
emp_11918,lekha.dhawan29,Lekha Dhawan,Purchase,Executive,Head_Office,LPT-11918,,A,06-08-2026 03:23:37 PM,,unknown
EMP12987,owen_vala92,Owen Vala,IT,Officer,Branch_Office,WS-12987,,A,01/01/2021 01:38,not available,manager225
emp_10618,yuvraj.ganesan68,Yuvraj Ganesan,sales dept,Engineer,,WS-10618,DEV66369,A,,not available,manager787
emp10406,  vedhika.goda56  ,Vedhika Goda,Sales,Executive,Work From Home,vdr-10406,DEV-43801,Enabled,09/03/2026 00:43,,NA
emp_11791,zehaan.comar63,Zehaan Comar,Human Resource,Manager,branch office,ws-11791,,Live,2025-03-08 23:36:29,NA,manager277
EMP11226,tanveer.dugar93,Tanveer Dugar,Legal Dept,Administrator,REGIONAL OFFICE,LPT-11226,dev46040,ACTIVE,22/03/2021,,manager753
EMP11146,tanay.halder50,Tanay Halder,LEGAL,Specialist,,LPT-11146,,Live,11/11/2024,,  manager813  
EMP12275,INDRAJIT.CHANDER47,Indrajit Chander,procurement team,Manager,Data Center,,dev 24688,ACTIVE,2021-10-18 21:48:39,not available,manager440
EMP12462,CHAVVI.PRASHAD2,Chavvi Prashad,IT,Analyst,Branch Office,,,A,2023-04-27T20:38:37,not available,
emp10497,viraj.saha85,Viraj Saha,information tech,Trainee,Branch Office,VDR-10497,DEV38818,Active,29/04/2023 18:31,not available,unknown
EMP-10342,HARITA.BHASIN77,Harita Bhasin,Supply Chain,Specialist,Remote,VDR-10342,dev 13515,Disabled,2025-08-07 14:15:44,NA,manager721
EMP-11957,noah.tailor28,Noah Tailor,Finance,Director,regional office,,dev 39585,Live,2023-06-17 09:47:33,not available,unknown
EMP12338,geetika.biswas80,Geetika Biswas,operations dept,Engineer,REMOTE,VDR-12338,DEV-16463,Left,22-Jan-2022 14:57:34,2026-02-18T04:00:50,NA
EMP10782,benjamin.sahota99,Benjamin Sahota,marketing dept,Engineer,Head Office,LPT-10782,DEV80570,Disabled,04-Oct-2025 13:30:19,2025-11-07 11:55:02,unknown
EMP11557,oscar.kari74,Oscar Kari,SALES,Executive,BRANCH OFFICE,VDR-11557,dev27014,D,03-19-2021 12:41:37 AM,29/11/2021,manager834
EMP10303,yashvi.more14,Yashvi More,Sales,Consultant,BRANCH OFFICE,VDR-10303,dev 90304,A,,NA,
EMP11765,anirudh.shukla15,Anirudh Shukla,Support,Administrator,WAREHOUSE,VDR-11765.corp.local,DEV11160,Active,1614629045,NA,manager349
emp10664,yauvani.bajwa71,Yauvani Bajwa,operations dept,Analyst,,VDR-10664,DEV-53684,ACTIVE,2026-02-28T14:55:42,NA,manager129
EMP12243,pratyush.thaman21,Pratyush Thaman,Business Sales,Specialist,Branch_Office,,DEV11275,Enabled,08-07-2024 08:06:49 AM,NA,NA
emp_11551,pavani.choudhary20,Pavani Choudhary,Finance,Consultant,Head_Office,LPT-11551,DEV-13929,A,08/08/2022 21:50,,manager482
EMP11797,  chatura.rajagopalan46  ,Chatura Rajagopalan,Legal,Administrator,BRANCH OFFICE,VDR-11797,DEV48099,LEFT,24/03/2023 21:23,03-23-2025 01:34:12 PM,
12858,devansh.sen33,Devansh Sen,PURCH,Officer,DATA CENTER,LPT_12858,DEV87237,A,2022-09-05 15:39:34,NA,NA
emp_10084,PAVANI.MITTER20,Pavani Mitter,Accounts,Specialist,,LPT-10084,,Enabled,,NA,manager710
emp_12281,omkaar.mital79,Omkaar Mital,Marketing,Officer,Branch_Office,VDR-12281,DEV39968,Live,28/04/2021 01:57,,  manager190  
EMP 10941,tanveer.murty16,Tanveer Murty,customer care,Executive,head office,WS-10941,DEV36975,ACTIVE,2026-01-01 06:40:09,,
EMP10961,samar.deep47,Samar Deep,Information Technology,Administrator,data center,VDR-10961,DEV-89433,A,,,
EMP10841,luke.mohan55,Luke Mohan,IT,Engineer,,ws-10841,DEV27882,ACTIVE,2022-05-13 00:10:50,not available,manager280
EMP11562,upkaar.chaudhary2,Upkaar Chaudhary,procurement team,Trainee,DATA CENTER,WS-11562,DEV34608,ACTIVE,2024/11/28,not available,manager319
emp12847,faraj.shanker29,Faraj Shanker,Human Resources,Analyst,,VDR-12847,DEV61556,Blocked,02/02/2022 20:16,29/05/2023,manager876
EMP12529,KALA.ARORA16,Kala Arora,Human Resources,Director,,WS-12529.corp.local,dev 14602,Working,2021-10-09T01:19:59,not available,manager878
EMP 11352,umang.chaudry16,Umang Chaudry,CS,Analyst,WAREHOUSE,WS-11352,dev 96402,Enabled,2023/10/02,,manager299
emp10290,lakshit.sule41,Lakshit Sule,Ops Team,Manager,Head_Office,LPT-10290.corp.local,,A,1782209193,,manager235
emp11907,wridesh.wable13,Wridesh Wable,Legal Dept,Trainee,Warehouse,LPT-11907,dev 42097,Live,,,MANAGER877
11190,yuvraj.mistry78,Yuvraj Mistry,Support,Consultant,DATA CENTER,LPT-11190,,Enabled,21-Apr-2025 01:20:59,,
EMP10604,,Brinda Wali,Customer Support,Consultant,WORK FROM HOME,WS-10604,DEV64046,Live,2023-08-30T18:58:24,NA,
emp_12471,azad_bal82,Azad Bal,marketing dept,Trainee,,LPT_12471,DEV43897,Working,2024/02/01,not available,NA
EMP10916,chavvi.thaman9,Chavvi Thaman,Human Resource,Consultant,REMOTE,WS-10916,dev 31538,Working,05-06-2023 08:03:28 PM,,unknown
EMP11569,lakshit_dutt68,Lakshit Dutt,Accounts,Consultant,Branch_Office,LPT-11569,DEV-99180,A,2025-05-24T17:46:37,NA,
EMP11740,faris.chowdhury96,Faris Chowdhury,Accounts,Specialist,Branch_Office,LPT-11740,,Active,25/07/2023 17:07,NA,
EMP11099,aashi.kapadia1,Aashi Kapadia,SALES,Administrator,head office,VDR-11099,DEV-48456,Live,2023-10-14 07:39:40,not available,manager602
EMP11088,mohini_kalla19,Mohini Kalla,Legal Dept,Director,,LPT-11088,,Live,2024-01-12 06:44:14,NA,manager153
EMP12378,rachita.narayan1,Rachita Narayan,CS,Director,Work From Home,LPT-12378,DEV-85191,A,2020-08-01 16:55:53,NA,manager469
EMP11377,yutika.sheth56,Yutika Sheth,Human Resources,Trainee,Warehouse,VDR-11377,,Working,,NA,manager369
EMP-10821,LIBNI.AURORA70,Libni Aurora,customer care,Analyst,,LPT-10821,DEV-66414,Exited,05-Jan-2021 03:16:58,2023/09/09,
emp_12543,zayan.gole8,Zayan Gole,Accounts,Analyst,HEAD OFFICE,VDR_12543,DEV53938,Enabled,2022-01-04T14:40:09,NA,manager921
EMP11000,chanakya.bali26,Chanakya Bali,Ops,Engineer,,ws-11000,DEV42771,A,2026-07-15 14:14:04,not available,manager381
EMP11427,NIHARIKA.MURTY3,Niharika Murty,OPERATIONS,Consultant,Regional Office,LPT-11427,dev86919,Enabled,2023-02-11T22:04:09,,manager780
EMP10018,orinder.bera98,Orinder Bera,Call Center,Executive,branch office,VDR-10018,dev72296,Terminated,,1784994044,MANAGER316
emp_12575,nandini.kothari89,Nandini Kothari,marketing dept,Consultant,warehouse,LPT-12575.corp.local,dev85147,LWP,2022-08-18 04:08:03,not available,MANAGER118
11450,radha.bera98,Radha Bera,Accounts,Director,Work_From_Home,WS-11450,DEV47118,Deactivated,19/03/2026,NA,
EMP11746,nimrat.chhabra38,Nimrat Chhabra,HR,Engineer,,vdr-11746,dev 19350,Enabled,11-07-2023 04:15:15 AM,,NA
EMP11360,osha.dutta17,Osha Dutta,Call Center,Officer,,WS_11360,DEV-56447,A,12-05-2025 06:46:12 AM,NA,manager829
EMP-11641,chakrika.garde44,Chakrika Garde,Mktg,Executive,Remote,WS-11641,dev36299,LEFT,2020-06-24T07:35:18,10-12-2021 11:21:58 PM,unknown
EMP12785,,Yauvani Bal,RD,Trainee,Branch Office,vdr-12785,DEV-32224,ACTIVE,22-Dec-2022 04:56:59,NA,manager529
11729,anvi.biswas59,Anvi Biswas,sales dept,Manager,Regional Office,VDR-11729,dev99368,Deactivated,01-20-2024 10:46:27 AM,,manager340
EMP11582,aadi.bhasin11,Aadi Bhasin,information tech,Manager,Regional Office,ws-11582,dev 41816,Active,2021/11/18,,manager781
EMP12083,mohini.minhas94,Mohini Minhas,PURCH,Manager,Head Office,LPT-12083,DEV94267,A,17/03/2026 07:21,,unknown
12726,kamya.rana5,Kamya Rana,Information Technology,Executive,data center,WS-12726,,ACTIVE,2020/12/07,not available,manager629
EMP12024,IMARAN.NARASIMHAN79,Imaran Narasimhan,Call Center,Officer,,LPT-12024,DEV-94839,Working,13/12/2022 09:44,,  manager658  
EMP 10360,  nitara.bedi94  ,Nitara Bedi,Support,Engineer,Branch Office,LPT-10360,dev 63744,Enabled,08-09-2024 12:32:12 PM,NA,manager959
EMP-12636,CHANDANI.PANT6,Chandani Pant,Purchase,Trainee,Branch_Office,LPT-12636,DEV60246,A,,not available,unknown
emp11922,william.rajan75,William Rajan,operations dept,Trainee,BRANCH OFFICE,VDR-11922,DEV-79841,ACTIVE,31/10/2021 19:22,not available,unknown
EMP12992,sathvik.agrawal90,Sathvik Agrawal,Compliance,Administrator,WAREHOUSE,WS-12992,DEV21590,ACTIVE,11-03-2023 06:07:05 PM,NA,
EMP11334,varsha.ramanathan85,Varsha Ramanathan,Mktg,Analyst,warehouse,WS-11334,DEV-13406,Left,06-02-2026 01:57:44 AM,not available,NA
11670,  vritti.badal80  ,Vritti Badal,information tech,Specialist,,,DEV-59895,Working,,,manager136
10344,frado.sheth77,Frado Sheth,Human Resources,Officer,Head Office,WS-10344,dev51480,Enabled,10-31-2024 09:30:49 PM,,manager659
emp_10986,RAKSHA.SETHI26,Raksha Sethi,sales dept,Administrator,BRANCH OFFICE,LPT-10986,,A,21/11/2022 18:37,not available,
emp12221,faris.shukla14,Faris Shukla,Customer Support,Consultant,REGIONAL OFFICE,,DEV-58869,Working,2020-05-20 23:08:21,NA,MANAGER898
EMP12421,MANAN.SAVANT11,Manan Savant,Finance,Executive,Head_Office,LPT_12421,dev 19996,Live,08/07/2022 20:46,,manager215
EMP-11410,YAGNESH.JAYARAMAN45,Yagnesh Jayaraman,Information Technology,Engineer,remote,WS-11410,dev65858,ACTIVE,07/08/2022 22:23,NA,manager885
emp_12019,fariq.mammen10,Fariq Mammen,CS,Executive,Head_Office,VDR-12019.corp.local,DEV-28185,ACTIVE,1684655438,not available,NA
EMP-12983,vyanjana.gour79,Vyanjana Gour,Supply Chain,Officer,WORK FROM HOME,VDR-12983,DEV20114,Active,06/01/2023,not available,unknown
EMP 12287,vritti.rajagopalan54,Vritti Rajagopalan,operations dept,Analyst,DATA CENTER,WS-12287,,ACTIVE,2025-10-20 11:10:16,NA,NA
emp_12460,reyansh.chana86,Reyansh Chana,IT,Consultant,DATA CENTER,WS-12460,dev 97393,Deactivated,2024/09/08,,
EMP10085,maya.gola80,Maya Gola,Business Sales,Officer,Data_Center,WS-10085,,Enabled,01-02-2025 11:36:52 AM,not available,unknown
EMP12129,praneel.raju81,Praneel Raju,marketing dept,Manager,work from home,VDR-12129,dev20969,A,10-27-2025 04:32:52 AM,,manager729
EMP 10668,,Oliver Suresh,operations dept,Consultant,Head Office,LPT-10668,DEV46760,Blocked,19/11/2022 17:02,,  manager962  
EMP-11014,farhan.khanna40,Farhan Khanna,Compliance,Trainee,,VDR-11014,dev85378,Exited,,10-Jul-2026 00:10:28,MANAGER382
EMP10128,adweta.bhagat28,Adweta Bhagat,Research and Development,Trainee,Branch Office,WS-10128,DEV23022,On Leave,15/02/2023,,manager760
EMP11993,yashodhara.baria35,Yashodhara Baria,information tech,Analyst,work from home,LPT-11993,DEV72707,Enabled,,NA,manager972
emp11229,aahana.rao53,Aahana Rao,People Team,Trainee,,LPT-11229,,Active,11/03/2023 20:59,,NA
EMP-10891,  eiravati.mahal58  ,Eiravati Mahal,PURCH,Administrator,remote,LPT-10891,DEV-37665,A,1778365954,not available,NA
EMP-11937,omya.arya6,Omya Arya,Support,Director,DATA CENTER,LPT-11937,DEV-15786,Active,01-09-2020 04:27:15 PM,NA,manager351
EMP10307,gavin.rama19,Gavin Rama,Ops Team,Administrator,Remote,WS-10307,dev 37114,ACTIVE,2022-12-18 03:09:08,not available,manager548
EMP10383,krishna.oak8,Krishna Oak,sales dept,Specialist,Branch Office,LPT_10383,,ACTIVE,,not available,
emp11952,  kavya.char72  ,Kavya Char,customer care,Officer,,WS-11952,,Live,21/02/2021,not available,manager951
emp_11208,utkarsh.tata53,Utkarsh Tata,Marketing,Officer,regional office,LPT-11208,dev69055,Left,,03-Jul-2026 15:12:47,unknown
emp10426,banjeet.mishra77,Banjeet Mishra,legal,Consultant,Regional_Office,LPT-10426,dev 13336,A,07/07/2022 09:52,,manager528
EMP10494,anvi_chakrabarti53,Anvi Chakrabarti,legal,Trainee,,WS-10494,,Enabled,2023/04/25,NA,  manager647  
EMP11671,viraj.chaudhuri89,Viraj Chaudhuri,Marketing,Director,,WS-11671,dev77185,Disabled,,,  manager454  
EMP12506,tanveer.sachdev72,Tanveer Sachdev,legal,Director,Warehouse,LPT-12506,DEV-38968,D,2023-03-06T22:46:00,,manager616
EMP-12629,wahab.gupta10,Wahab Gupta,Information Technology,Consultant,work from home,LPT-12629,dev16140,A,02-18-2023 06:30:35 AM,not available,
EMP 11337,siddharth.brahmbhatt93,Siddharth Brahmbhatt,Supply Chain,Officer,Remote,LPT-11337,,A,01-10-2022 03:29:09 AM,NA,MANAGER115
EMP11385,dalaja.bakshi40,Dalaja Bakshi,R&D,Director,Branch_Office,VDR_11385,dev31828,A,04-26-2025 04:44:28 PM,not available,manager728
EMP 10275,IRA.RAVI81,Ira Ravi,sales dept,Manager,Regional Office,,,Live,11-17-2023 06:32:41 PM,,manager732
EMP10489,henry.ganesan99,Henry Ganesan,Ops,Officer,WORK FROM HOME,,dev68400,ACTIVE,07-09-2022 11:43:06 PM,,NA
EMP11578,  henry.sami6  ,Henry Sami,Legal,Administrator,,VDR-11578,DEV71148,Working,07-Jun-2021 08:59:24,not available,
emp10690,umang.sahni49,Umang Sahni,Operations,Trainee,,VDR_10690,,A,07/03/2021 14:22,,
EMP11402,gagan.devan62,Gagan Devan,Customer Support,Officer,work from home,VDR-11402,DEV20673,Terminated,15-Aug-2023 14:38:36,21-Mar-2025 05:14:04,manager113
EMP12630,darpan.kadakia49,Darpan Kadakia,RD,Consultant,,VDR-12630,dev 82096,On Leave,2025-12-09T11:58:11,,  manager830  
11273,krisha.natarajan39,Krisha Natarajan,Ops Team,Officer,work from home,VDR-11273,dev 88085,Active,18/04/2022 15:59,,manager845
emp12273,ekaraj.kumar45,Ekaraj Kumar,finance dept,Engineer,Regional_Office,VDR-12273,dev10802,ACTIVE,1693653031,not available,manager272
12691,meera.hora64,Meera Hora,Legal Dept,Specialist,Branch_Office,,DEV-40733,Active,03/01/2025 16:26,,manager671
EMP11058,,Udyati Sankar,Finance,Trainee,HEAD OFFICE,LPT-11058,DEV19154,Enabled,07-22-2023 04:22:45 AM,NA,manager770
emp10118,sneha.prakash29,Sneha Prakash,Sales,Specialist,remote,VDR-10118,DEV96400,Active,28/02/2021,NA,manager742
emp11024,ubika.koshy18,Ubika Koshy,Innovation,Administrator,Work From Home,LPT-11024,dev32359,D,02-28-2025 08:20:51 PM,2025-10-15 07:36:04,
EMP 11423,krishna.sama90,Krishna Sama,MKT,Administrator,Regional Office,lpt-11423,DEV-84996,DISABLED,02-08-2026 08:09:38 PM,NA,unknown
EMP10281,wazir.tak22,Wazir Tak,People Team,Trainee,work from home,ws-10281,dev 94529,Blocked,10-24-2024 01:19:41 AM,NA,NA
EMP12681,abha.borah44,Abha Borah,Purchase,Manager,Warehouse,LPT_12681,DEV-33699,Active,,not available,manager202
emp12407,chavvi_chakrabarti3,Chavvi Chakrabarti,Ops,Administrator,,,dev24809,A,2023-03-16 22:31:14,,manager801
emp_10968,raksha.johal11,Raksha Johal,Supply Chain,Analyst,,LPT-10968,,Leave,02-15-2022 04:10:13 PM,,manager437
EMP11231,raagini.bail16,Raagini Bail,operations dept,Consultant,,VDR-11231,DEV88642,Working,07-May-2021 02:17:06,not available,manager360
EMP11660,naksh.ramachandran75,Naksh Ramachandran,Innovation,Trainee,Remote,VDR-11660.corp.local,,ACTIVE,2020-11-11 08:21:01,not available,
emp11709,bhavna.patel98,Bhavna Patel,information tech,Administrator,remote,VDR-11709,DEV-84518,Active,08/05/2024,NA,manager834
EMP10155,QABIL.CHANDA52,Qabil Chanda,Customer Support,Manager,data center,WS-10155,,Enabled,1622969581,,manager748
emp_10304,tanay.bandi97,Tanay Bandi,Operations,Director,head office,LPT-10304,DEV22924,Working,05/05/2024 14:46,not available,manager671
EMP11963,sanya.ram80,Sanya Ram,SALES,Director,remote,VDR-11963,DEV55323,Working,29/06/2020 00:41,NA,manager718
EMP11448,aishani.mandal32,Aishani Mandal,Fin,Officer,Work From Home,WS-11448,dev 10648,Live,06/12/2022,,manager663
EMP11610,daksh.dhar53,Daksh Dhar,FINANCE,Engineer,Branch_Office,VDR-11610.corp.local,DEV-33506,DISABLED,2020-04-01 14:45:05,17/06/2024 10:45,  manager439  
EMP12308,omaja.bhalla35,Omaja Bhalla,LEGAL,Director,regional office,VDR-12308,dev 75901,Working,07-16-2020 01:01:40 PM,not available,manager387
EMP 11457,noah.sood63,Noah Sood,Legal,Director,Work_From_Home,LPT-11457,,Active,2026/04/24,not available,manager718
EMP10575,mahika_choudhary53,Mahika Choudhary,customer care,Director,,LPT-10575.corp.local,dev31400,Live,2025-06-30 00:33:54,NA,manager487
EMP11991,harsh.talwar88,Harsh Talwar,Fin,Engineer,Work From Home,VDR-11991,DEV51116,Live,2026-05-20T11:30:13,NA,  manager963  
EMP12651,aishani.pillai56,Aishani Pillai,hr dept,Specialist,regional office,LPT-12651,DEV-41619,Deactivated,2024/06/25,1743577595,MANAGER980
emp12704,vedhika.khatri69,Vedhika Khatri,procurement team,Executive,branch office,LPT-12704,DEV49043,Blocked,2020/10/17,2025-10-30T21:00:00,manager972
EMP12188,sai.puri51,Sai Puri,RD,Trainee,,WS-12188,dev 77395,LEFT,2023/08/13,06/05/2024 23:05,manager360
emp11264,NITESH.DUGAR74,Nitesh Dugar,Mktg,Engineer,Head Office,vdr-11264,DEV23242,A,,not available,manager514
EMP10843,amol.dayal53,Amol Dayal,Operations,Manager,Data Center,VDR-10843,DEV-28423,Active,,,manager223
EMP11344,zayyan.krishnan75,Zayyan Krishnan,Ops Team,Analyst,Warehouse,VDR-11344,dev 39878,Active,2026-01-29 00:40:36,NA,
EMP10269,alexander.sachar64,Alexander Sachar,R&D,Manager,Work From Home,VDR-10269,DEV71537,Working,21-Sep-2022 22:19:27,,unknown
EMP-10629,ojasvi.majumdar45,Ojasvi Majumdar,operations dept,Consultant,Regional Office,WS-10629,,ON_LEAVE,06/04/2024 08:01,not available,manager163
EMP-11033,ayushman.andra77,Ayushman Andra,RnD,Manager,,VDR-11033,DEV-84606,ACTIVE,2020/10/21,NA,manager746
EMP-10286,hamsini.bandi7,Hamsini Bandi,Human Resources,Director,Branch_Office,LPT-10286,,Live,22-Mar-2025 05:06:33,not available,
EMP12279,fiyaz.talwar66,Fiyaz Talwar,Supply Chain,Trainee,branch office,vdr-12279,dev46190,ACTIVE,24/08/2022 05:13,not available,NA
EMP10300,adweta.kaur27,Adweta Kaur,RnD,Administrator,,VDR-10300,DEV-19064,Deactivated,25-Jun-2023 03:48:29,01-27-2024 08:46:54 AM,manager347
12248,DARSH.CHOUDHRY88,Darsh Choudhry,Accounts,Analyst,HEAD OFFICE,VDR-12248,dev 27725,Enabled,,not available,
11929,jagat_gulati29,Jagat Gulati,People Team,Officer,,VDR-11929,DEV67979,Active,17/02/2026 19:40,,manager182
11979,noah_dhar52,Noah Dhar,procurement team,Specialist,Warehouse,VDR-11979,dev 65146,Enabled,1731573880,NA,
EMP10065,chandresh_prashad29,Chandresh Prashad,HR,Analyst,,LPT-10065,dev 42411,A,2020-03-04 07:38:39,,manager344
EMP12288,vasatika.ravi8,Vasatika Ravi,operations dept,Specialist,branch office,WS-12288,DEV69889,Active,05-21-2023 04:21:20 AM,not available,unknown
EMP 10890,utkarsh.mand24,Utkarsh Mand,Legal Dept,Analyst,Head Office,WS-10890,DEV49013,A,2026-02-27T16:24:46,NA,manager786
EMP10014,ridhi.saini2,Ridhi Saini,People Team,Officer,work from home,WS_10014,DEV94012,Active,2022/06/30,not available,  manager564  
EMP 11882,sai.garde41,Sai Garde,Human Resource,Executive,Warehouse,LPT-11882,,Deactivated,20/12/2021 07:20,2024-08-14T01:36:13,
EMP12841,ekavir.menon22,Ekavir Menon,RD,Trainee,Branch Office,VDR-12841,dev 30899,Working,19/07/2024 22:20,,NA
EMP11898,hemani.dada38,Hemani Dada,sales dept,Director,Head_Office,WS-11898,dev 28441,ACTIVE,07-04-2021 02:33:23 AM,,manager114
emp10230,SARTHAK.RAJAGOPALAN99,Sarthak Rajagopalan,Brand Team,Engineer,,VDR-10230,dev74094,Enabled,19/12/2022,,manager914
EMP10503,girish.dyal84,Girish Dyal,sales team,Manager,Remote,VDR-10503,dev19149,L,09-14-2022 07:50:12 AM,02-06-2024 09:27:56 AM,manager413
emp11399,rehaan.trivedi61,Rehaan Trivedi,customer care,Specialist,Work_From_Home,LPT-11399,DEV-17724,Live,2022-02-22 00:15:37,,manager858
EMP11442,reyansh.keer59,Reyansh Keer,PURCH,Specialist,regional office,WS-11442,dev 62341,Enabled,2022-01-26 19:17:30,,manager482
EMP11602,ekavir_nigam18,Ekavir Nigam,Ops Team,Engineer,Work From Home,VDR-11602,DEV85885,Enabled,,NA,manager648
EMP11313,gautami.sodhi74,Gautami Sodhi,R&D,Officer,remote,WS-11313,DEV-91065,Terminated,03-04-2021 08:35:44 AM,1732657377,manager485
EMP11004,yamini.baral97,Yamini Baral,Research and Development,Trainee,REMOTE,LPT-11004,DEV-51035,DISABLED,2023-08-25 05:07:16,13/08/2026 10:15,manager549
EMP10836,  mahika.dube81  ,Mahika Dube,Customer Support,Executive,WAREHOUSE,WS-10836.corp.local,dev 37912,Active,2026-04-24 23:02:24,NA,NA
emp12093,aadhya.bahri88,Aadhya Bahri,Legal Dept,Officer,,WS-12093,DEV11145,A,2022/10/11,not available,
EMP10374,hemani_venkataraman88,Hemani Venkataraman,Legal Dept,Executive,REMOTE,LPT-10374,dev 34530,Working,2023-10-17 17:01:21,not available,
EMP11336,darpan.batra94,Darpan Batra,IT Dept,Manager,warehouse,WS-11336,DEV98862,Enabled,19/07/2024,NA,manager686
emp12177,,Tanish Jaggi,PURCH,Director,Work_From_Home,VDR-12177,,A,2022/12/24,,unknown
EMP11902,,Forum Bala,customer care,Administrator,regional office,LPT-11902,dev 45626,L,2024/05/23,09/02/2026,manager680
EMP11921,WARDA.BHATT30,Warda Bhatt,Finance,Administrator,regional office,VDR-11921.corp.local,dev82744,Terminated,2024-07-07T08:13:23,not available,NA
EMP12755,wriddhish_barad18,Wriddhish Barad,IT Support,Engineer,Warehouse,LPT-12755.corp.local,DEV-69806,ACTIVE,,,NA
EMP10751,robert.cherian10,Robert Cherian,RnD,Specialist,,lpt-10751,DEV67129,Enabled,08/03/2025,,manager496
EMP 10099,dev.kanda57,Dev Kanda,RnD,Manager,head office,VDR-10099.corp.local,,Disabled,2026-01-14T05:14:36,2026/08/16,manager517
11835,yashoda.nair8,Yashoda Nair,legal,Director,WORK FROM HOME,,dev30191,Active,2020-04-05 01:22:01,not available,manager479
emp10866,ayush.sami8,Ayush Sami,IT Support,Consultant,Branch Office,WS-10866,,OOO,,NA,NA
emp10910,arya.srivastava79,Arya Srivastava,Purchase,Manager,WORK FROM HOME,,dev15501,Live,02/06/2021,,MANAGER991
EMP11411,zaid.raval52,Zaid Raval,Brand Team,Officer,WAREHOUSE,VDR-11411,DEV-96424,Enabled,2025-01-15T06:22:35,NA,MANAGER848
EMP-10529,gagan.dyal1,Gagan Dyal,Procurement,Officer,Head Office,VDR-10529.corp.local,dev 10942,Enabled,,not available,
EMP10636,udyati.dubey36,Udyati Dubey,Finance,Engineer,head office,lpt-10636,dev34215,Active,2025-03-16T08:39:19,not available,manager720
EMP10185,ojasvi.char85,Ojasvi Char,People Team,Specialist,regional office,WS-10185,DEV-27486,ACTIVE,1724406248,not available,manager758
EMP 11271,krishna.hayre68,Krishna Hayre,Support,Executive,,LPT-11271,DEV22308,Working,2026-04-06T06:02:29,not available,MANAGER602
EMP11498,LAKSHMI.BISWAS36,Lakshmi Biswas,PURCH,Analyst,Work From Home,LPT-11498,dev29401,ACTIVE,,NA,  manager479  
EMP10931,sanaya.chaudhary66,Sanaya Chaudhary,customer care,Manager,Regional_Office,LPT-10931,,ACTIVE,1778222877,,manager672
EMP 12115,omaja.peri26,Omaja Peri,PURCH,Director,Branch_Office,WS-12115,dev 43321,D,2023-05-07 22:44:16,1703486295,manager699
EMP12367,rushil_contractor40,Rushil Contractor,procurement team,Manager,data center,VDR-12367,DEV-89099,Active,,,MANAGER953
EMP11808,qasim.balasubramanian51,Qasim Balasubramanian,FINANCE,Executive,HEAD OFFICE,ws-11808,DEV30435,D,21/01/2022,,
EMP12473,anmol.bajwa13,Anmol Bajwa,Business Sales,Officer,BRANCH OFFICE,WS-12473,DEV10800,Live,2020-09-11T06:06:33,,unknown
EMP 12134,ayush.mital70,Ayush Mital,FINANCE,Analyst,Work From Home,LPT-12134,dev 44013,ACTIVE,25-Jul-2023 03:03:55,NA,manager584
EMP10607,atharv.saran18,Atharv Saran,Marketing,Analyst,Remote,LPT-10607,dev 38157,Deactivated,03-08-2020 10:10:17 AM,2026/01/19,NA
EMP12900,jai.bora58,Jai Bora,Supply Chain,Officer,warehouse,LPT-12900,DEV29857,Exited,2021-12-09 08:50:12,2022-06-03T06:17:03,manager932
EMP 10151,anmol.shroff99,Anmol Shroff,finance dept,Administrator,REMOTE,WS-10151,DEV-25726,ACTIVE,,,manager232
EMP11694,abhiram.badal81,Abhiram Badal,Mktg,Specialist,DATA CENTER,VDR-11694,DEV25970,Active,2024-07-03 12:34:35,not available,manager842
EMP12210,sarthak.dhillon72,Sarthak Dhillon,sales team,Director,,VDR-12210,DEV36516,Active,03-13-2021 12:48:03 PM,not available,manager843
EMP-10731,charles.dash57,Charles Dash,Sales,Executive,,lpt-10731,,Active,16/01/2025 05:12,not available,MANAGER498
EMP-11429,peter_agarwal6,Peter Agarwal,Marketing,Specialist,Branch Office,VDR_11429,DEV76252,A,1748373767,not available,manager957
EMP-12719,hamsini.dhar94,Hamsini Dhar,Marketing,Manager,Regional Office,LPT-12719,DEV10421,Active,06/12/2021 16:31,,manager445
EMP-12812,abdul.shankar63,Abdul Shankar,legal,Director,Branch_Office,ws-12812,DEV33567,Live,12-24-2025 12:39:05 PM,not available,unknown
EMP10023,tara.talwar25,Tara Talwar,Human Resources,Manager,REGIONAL OFFICE,WS-10023,,Enabled,2023-12-21 23:52:59,,NA
EMP11770,PRANIT.GOEL51,Pranit Goel,Research and Development,Specialist,Work From Home,,DEV26688,ACTIVE,2024-05-02 02:35:57,NA,NA
EMP10158,tristan.subramaniam10,Tristan Subramaniam,Accounts,Trainee,data center,VDR-10158,DEV85952,ACTIVE,19/10/2024 19:33,NA,  manager739  
EMP10861,  gagan.gandhi59  ,Gagan Gandhi,Innovation,Manager,BRANCH OFFICE,VDR-10861,DEV36626,A,2022/04/07,not available,manager606
EMP10902,  meghana.wali56  ,Meghana Wali,information tech,Executive,REMOTE,VDR-10902,dev 35192,ACTIVE,2023-09-23 03:54:02,,manager324
EMP12241,charvi.khare49,Charvi Khare,MKT,Director,,VDR-12241,DEV16217,A,2020-06-13 21:24:27,NA,manager554
EMP11230,  urishilla.dewan82  ,Urishilla Dewan,Research and Development,Executive,,WS-11230.corp.local,DEV-11329,Terminated,2025/08/11,,
EMP12325,,Laban Sankar,Human Resources,Engineer,Data Center,VDR-12325,,Enabled,24/04/2021 00:05,not available,manager500
EMP10444,vedika.krishnamurthy18,Vedika Krishnamurthy,Legal,Manager,warehouse,VDR-10444,dev 90962,A,20-Dec-2020 05:23:30,not available,
EMP11360,osha.dutta17,Osha Dutta,Call Center,Officer,,WS_11360,DEV-56447,A,12-05-2025 06:46:12 AM,NA,manager829
EMP10754,ekalinga.keer78,Ekalinga Keer,Accounts,Specialist,Branch Office,VDR-10754,DEV-82450,DISABLED,09-25-2020 03:59:36 PM,03-04-2025 05:53:36 PM,manager321
EMP10923,aryan_pillay15,Aryan Pillay,IT Dept,Consultant,,VDR-10923,DEV-76518,Working,28-May-2020 07:13:14,,
EMP10718,anamika.radhakrishnan8,Anamika Radhakrishnan,Purchase,Engineer,warehouse,VDR-10718,dev25963,Live,07-Jan-2021 18:08:31,,manager719
emp12001,naksh.virk96,Naksh Virk,Research and Development,Trainee,DATA CENTER,LPT-12001.corp.local,,Live,2025-02-12 17:19:32,,manager896
EMP10311,lakshmi.golla58,Lakshmi Golla,procurement team,Director,Data_Center,LPT-10311,dev 38153,Enabled,05-26-2026 09:27:17 AM,NA,MANAGER915
EMP10548,prisha.bhattacharyya32,Prisha Bhattacharyya,procurement team,Consultant,,LPT-10548,,Exited,1759248735,not available,manager106
emp_10322,bakhshi.dora47,Bakhshi Dora,Support,Analyst,Work From Home,VDR-10322,dev 67850,Live,2023-08-13 21:49:53,,manager949
EMP11552,dalbir.sharaf34,Dalbir Sharaf,Supply Chain,Consultant,Head Office,lpt-11552,DEV-53461,ACTIVE,01-Jan-2024 19:11:47,not available,manager992
EMP10306,saanvi.loke20,Saanvi Loke,Ops Team,Analyst,data center,LPT-10306,dev48722,Live,,not available,manager847
emp_10287,  edhitha.muni51  ,Edhitha Muni,Ops,Analyst,REGIONAL OFFICE,ws-10287,DEV69054,ACTIVE,10-Jan-2023 11:12:21,not available,manager484
10694,,Ekaja Bhagat,customer care,Consultant,HEAD OFFICE,WS-10694,dev14087,Working,12-21-2025 05:27:31 PM,NA,manager740
EMP10308,teerth.seshadri93,Teerth Seshadri,R&D,Consultant,Head_Office,WS-10308,,Disabled,2020-12-23 13:22:46,11-24-2023 11:07:31 AM,manager793
EMP12392,jagvi.baral41,Jagvi Baral,sales team,Analyst,Branch Office,WS_12392,DEV94116,Live,23-Jun-2020 03:23:38,not available,manager277
EMP-10749,  madhav.khosla93  ,Madhav Khosla,Innovation,Specialist,Warehouse,ws-10749,DEV-64927,ACTIVE,2025/10/03,NA,unknown
EMP11803,yashawini.salvi36,Yashawini Salvi,Fin,Engineer,data center,WS-11803,dev 31840,ACTIVE,21-Dec-2021 05:25:35,,unknown
11978,krishna.prashad38,Krishna Prashad,MKT,Specialist,Branch_Office,LPT-11978,DEV69389,ON_LEAVE,16/12/2024,NA,
EMP11614,lucky.goda58,Lucky Goda,HR,Officer,REMOTE,LPT-11614,,Enabled,26-Sep-2024 22:30:12,,
10908,bhavya.shah29,Bhavya Shah,RnD,Administrator,REMOTE,WS-10908,dev 16117,Working,2024/09/26,NA,MANAGER254
12402,oni.mander24,Oni Mander,People Team,Executive,,LPT-12402,dev16179,A,2023-11-23 14:43:25,NA,
EMP12452,hritik.raman63,Hritik Raman,IT,Officer,head office,VDR-12452,DEV-88025,Live,2025-11-01 07:59:27,NA,manager361
11370,eiravati.devi70,Eiravati Devi,Call Center,Engineer,head office,WS-11370,DEV-13378,Active,25-May-2022 15:19:43,NA,NA
emp12570,ekiya.dube95,Ekiya Dube,finance dept,Engineer,Branch_Office,VDR-12570,dev 74811,A,2023/11/20,not available,manager695
emp10970,geetika.palla32,Geetika Palla,Human Resources,Trainee,,WS-10970,DEV-17134,D,1717336007,1727121933,NA
EMP 10013,azaan.bhagat20,Azaan Bhagat,FINANCE,Director,,LPT-10013,DEV-60432,Enabled,12-25-2023 04:19:44 AM,not available,
EMP10873,jack.kamdar91,Jack Kamdar,RD,Director,HEAD OFFICE,ws-10873,,Live,,NA,
emp10808,CHAKRIKA.WABLE69,Chakrika Wable,Information Technology,Manager,,VDR-10808,DEV72221,A,05/01/2025 03:24,,manager789
EMP 12657,gagan.boase71,Gagan Boase,IT,Manager,,lpt-12657,dev98946,Live,2024/03/19,not available,
EMP10514,,Abhiram Rajagopal,Mktg,Administrator,warehouse,VDR-10514,,Enabled,23-Jul-2025 21:33:51,,manager701
EMP12486,charvi_om72,Charvi Om,HR,Consultant,WORK FROM HOME,lpt-12486,,ACTIVE,09-01-2021 09:08:01 PM,NA,manager947
EMP 10409,nihal.balasubramanian98,Nihal Balasubramanian,People Team,Manager,Warehouse,LPT-10409.corp.local,DEV47498,L,04/12/2022,not available,manager770
EMP11455,leena_hayer23,Leena Hayer,Accounts,Director,,VDR-11455,DEV-23950,Working,09-13-2020 06:07:12 PM,,MANAGER850
EMP12765,zayyan.chatterjee30,Zayyan Chatterjee,Legal Dept,Analyst,DATA CENTER,WS_12765,dev 70764,ACTIVE,25/04/2025 14:06,NA,
EMP11397,kalpit.palla51,Kalpit Palla,SALES,Trainee,,,,Active,23/08/2022,NA,  manager929  
emp_11862,,Falguni Parikh,CS,Officer,remote,lpt-11862,dev40780,L,23/04/2023,1726367562,manager771
EMP12215,osha.butala17,Osha Butala,Compliance,Consultant,DATA CENTER,VDR-12215,,Active,03/08/2021 06:43,not available,manager409
emp11805,liam.sarma22,Liam Sarma,Sales,Analyst,work from home,LPT-11805,dev 88988,A,28/07/2020,NA,NA
EMP10382,janani.deep4,Janani Deep,Ops,Specialist,Warehouse,LPT-10382,DEV-83807,Terminated,2024-03-09 07:05:05,,manager192
EMP-11677,sachi.bains24,Sachi Bains,People Team,Manager,HEAD OFFICE,WS-11677,DEV-99863,A,2020-06-04 08:10:04,,manager496
EMP-12953,qadim.saxena42,Qadim Saxena,Brand Team,Engineer,DATA CENTER,WS-12953,dev 95279,A,21/10/2020 09:42,NA,manager153
EMP11506,charvi.bera96,Charvi Bera,customer care,Engineer,Regional_Office,LPT-11506,DEV-57652,Enabled,05-23-2023 01:39:32 AM,,manager437
EMP12269,eesha_pant59,Eesha Pant,Ops Team,Specialist,,VDR-12269,dev69132,Live,23-Oct-2024 05:43:10,,unknown
EMP11446,mekhala.varughese7,Mekhala Varughese,HR,Administrator,Work_From_Home,lpt-11446,DEV-55364,Active,2021-05-28T16:47:57,,manager774
EMP10552,xalak.tiwari59,Xalak Tiwari,hr dept,Officer,,WS-10552,DEV-11103,Active,2021/10/16,not available,MANAGER203
emp10222,sachi.bhargava76,Sachi Bhargava,OPERATIONS,Officer,work from home,VDR_10222,DEV-79774,Enabled,2024-10-14T22:40:30,not available,manager935
EMP11096,aishani.madan27,Aishani Madan,People Team,Executive,Work_From_Home,VDR-11096,,Active,21/10/2023 12:06,NA,
emp12677,vincent.hayre30,Vincent Hayre,hr dept,Executive,WORK FROM HOME,WS-12677,dev 45418,Enabled,2024-12-06 08:05:31,,manager898
emp_10008,wakeeta.joshi82,Wakeeta Joshi,Fin,Officer,Regional_Office,LPT-10008,DEV-31417,Live,18-Apr-2022 16:46:07,not available,NA
EMP11575,suhani.gupta20,Suhani Gupta,SALES,Trainee,,vdr-11575,DEV46106,Working,2020/02/03,not available,manager633
EMP10316,keya.basu50,Keya Basu,Legal,Executive,Data_Center,VDR-10316,DEV-80435,Working,27-Jun-2025 18:04:46,,
EMP10427,MAHIKA.SURA52,Mahika Sura,legal,Analyst,warehouse,VDR-10427,DEV-84978,Blocked,2022-12-02 04:23:23,12-Nov-2023 14:41:25,manager753
EMP12167,isaiah.salvi78,Isaiah Salvi,IT Dept,Director,branch office,LPT-12167,,Enabled,2023-06-10 12:58:32,not available,NA
EMP10105,  quincy.kunda53  ,Quincy Kunda,IT Support,Consultant,regional office,WS-10105,DEV-59968,Live,2025/08/24,not available,
EMP 11476,chameli.bajwa81,Chameli Bajwa,Research and Development,Officer,,LPT-11476,dev37204,Working,2024/07/03,not available,manager398
emp_10142,wishi.balay53,Wishi Balay,Operations,Director,Work From Home,VDR-10142,DEV-16743,LWP,08/02/2025,,manager206
EMP10121,MASON.SARNA33,Mason Sarna,RnD,Administrator,Regional_Office,WS_10121,DEV25095,Working,21/08/2020,NA,manager331
EMP-12443,chanakya.raj3,Chanakya Raj,legal,Trainee,Data_Center,WS-12443,,Working,2023-08-05T15:16:54,,NA
EMP 12951,urvi.golla88,Urvi Golla,Innovation,Administrator,warehouse,LPT-12951,dev29505,A,2020-12-21 14:30:38,NA,
EMP11189,kai.chhabra30,Kai Chhabra,sales dept,Executive,Work From Home,VDR-11189,DEV-31108,On Leave,07/04/2024 11:29,not available,manager846
EMP12023,BALVEER.BABU77,Balveer Babu,Brand Team,Officer,remote,,dev27037,Enabled,24/02/2025 12:37,not available,MANAGER853
EMP-12679,eiravati.venkatesh64,Eiravati Venkatesh,Legal,Engineer,Head_Office,WS-12679,dev 70265,Enabled,28/02/2023 19:36,NA,  manager167  
EMP11459,yagnesh.solanki69,Yagnesh Solanki,Legal,Manager,Branch_Office,lpt-11459,,Left,,25/03/2026 01:44,manager729
emp10115,anay.prabhu39,Anay Prabhu,sales team,Director,Work From Home,WS-10115,DEV23979,Active,11-Nov-2024 21:38:49,NA,manager402
EMP-12102,gaurang.cheema44,Gaurang Cheema,Operations,Administrator,work from home,LPT-12102,dev99712,ACTIVE,2020-01-24T13:01:03,NA,manager827
EMP-11611,SARA.GANESH12,Sara Ganesh,hr dept,Director,Warehouse,VDR-11611,DEV99830,A,2023-06-20 06:56:02,NA,  manager585  
12211,samar.bal73,Samar Bal,Purchase,Specialist,Data Center,LPT-12211.corp.local,dev 60910,Live,17-Feb-2020 22:17:34,,manager652
EMP12882,hemangini.dhaliwal99,Hemangini Dhaliwal,legal,Manager,Work_From_Home,vdr-12882,DEV72341,Enabled,1732417074,not available,
emp_12144,krishna_gala53,Krishna Gala,marketing dept,Officer,WAREHOUSE,lpt-12144,dev 10044,Live,,,
EMP11703,jagdish.mammen94,Jagdish Mammen,information tech,Engineer,WAREHOUSE,VDR-11703,,Live,2023/03/14,,manager938
EMP-11913,darpan.randhawa69,Darpan Randhawa,Business Sales,Analyst,Data Center,vdr-11913,,Working,04/08/2025 03:37,not available,NA
EMP10672,leena.kale20,Leena Kale,sales team,Consultant,Data Center,VDR-10672,dev 78632,Working,14/10/2022 00:05,not available,manager992
EMP 12786,,Lucky Chand,procurement team,Executive,,LPT-12786,DEV53715,Deactivated,01/05/2026,,manager704
EMP11737,fitan.rana52,Fitan Rana,Ops Team,Trainee,Remote,WS-11737,DEV29350,DISABLED,1779608787,not available,manager517
EMP11616,arunima.sampath73,Arunima Sampath,OPERATIONS,Manager,branch office,LPT-11616.corp.local,DEV-93424,A,1626634796,NA,manager453
EMP10591,fariq.chhabra6,Fariq Chhabra,RD,Trainee,,WS_10591,DEV81137,ACTIVE,2021-08-12 14:42:42,,  manager656  
EMP12800,pooja.sani57,Pooja Sani,Support,Officer,Head_Office,LPT-12800,dev 61346,Live,03-04-2025 05:46:04 AM,NA,manager192
EMP10888,VEDANT.PARMER66,Vedant Parmer,Human Resource,Officer,Data_Center,WS_10888,dev22384,Active,15-Feb-2026 22:12:23,NA,manager359
EMP11868,jagvi.acharya69,Jagvi Acharya,Research and Development,Officer,Head_Office,WS-11868,DEV-97555,ACTIVE,2020/09/15,NA,manager194
EMP11779,hardik.pathak18,Hardik Pathak,Mktg,Engineer,Regional Office,VDR_11779,,ACTIVE,13/09/2024,not available,manager917
emp_11972,yochana.vyas99,Yochana Vyas,Business Sales,Administrator,remote,WS-11972,dev16822,DISABLED,04-30-2024 03:26:39 PM,,manager597
10213,DARPAN.TRIPATHI54,Darpan Tripathi,Sales,Executive,Work_From_Home,WS-10213,dev 85718,A,08-12-2021 07:03:23 PM,NA,
EMP-10778,gaurang.de59,Gaurang De,operations dept,Executive,HEAD OFFICE,VDR-10778,dev 81584,Leave,1666764270,not available,manager402
EMP 11777,anusha.contractor42,Anusha Contractor,SALES,Specialist,branch office,WS-11777,,Active,06-Nov-2022 19:17:50,NA,manager521
EMP-10800,naveen.bains15,Naveen Bains,Fin,Analyst,Data_Center,WS-10800,,Enabled,03-07-2021 09:38:00 PM,,unknown
emp_12603,  gautam.dass68  ,Gautam Dass,Finance,Trainee,BRANCH OFFICE,LPT-12603,dev 97646,Active,2022-08-10T22:55:29,,  manager793  
EMP11732,andrew.tiwari53,Andrew Tiwari,Finance,Analyst,WAREHOUSE,LPT-11732.corp.local,dev 96063,Enabled,07-18-2026 08:32:35 PM,,unknown
EMP12083,mohini.minhas94,Mohini Minhas,PURCH,Manager,Head Office,LPT-12083,DEV94267,A,17/03/2026 07:21,,unknown
EMP12355,jai.sehgal30,Jai Sehgal,hr dept,Executive,Head_Office,LPT-12355,DEV25866,Active,2022/12/29,,
EMP-12744,wakeeta.dubey69,Wakeeta Dubey,R&D,Engineer,head office,WS-12744,DEV-43877,ON_LEAVE,07-06-2024 05:05:30 AM,,manager378
12794,,Madhav Char,People Team,Consultant,WORK FROM HOME,WS-12794,DEV-44153,Live,1744039835,NA,manager474
EMP11343,sanaya.dara84,Sanaya Dara,IT,Engineer,Head Office,VDR-11343,DEV-15046,A,1713858195,not available,NA
emp10273,reva.parsa46,Reva Parsa,finance dept,Executive,Regional Office,VDR-10273,DEV-74004,Working,2024/08/11,,unknown
EMP 10071,ronith.varkey59,Ronith Varkey,Finance,Director,Branch_Office,vdr-10071,,LWP,19/04/2022 02:48,not available,manager651
EMP 12276,dev.munshi71,Dev Munshi,Support,Manager,regional office,VDR-12276,dev 51018,ACTIVE,12-11-2023 07:42:22 PM,NA,manager581
EMP 11087,,Andrew Date,Sales,Engineer,regional office,vdr-11087,dev 11197,Active,23/11/2024 13:58,,manager904
EMP10394,kiaan.suri21,Kiaan Suri,Human Resource,Officer,HEAD OFFICE,WS-10394,DEV-87860,Leave,,not available,manager541
EMP10583,peter.johal99,Peter Johal,RD,Engineer,,LPT_10583,DEV36106,ACTIVE,23-Jul-2026 09:37:34,not available,manager781
EMP12080,ojas.bala91,Ojas Bala,Operations,Officer,Remote,LPT_12080,dev 41037,A,2023-05-10T04:33:04,NA,
emp12961,chatura.char56,Chatura Char,Ops Team,Consultant,REGIONAL OFFICE,LPT-12961,DEV98510,Working,05/03/2021,,manager858
EMP10500,  irya.prakash40  ,Irya Prakash,Sales,Consultant,branch office,WS_10500,dev94663,Blocked,18-Mar-2021 14:13:24,,manager358
EMP 12098,caleb.pandit47,Caleb Pandit,Compliance,Administrator,WORK FROM HOME,LPT-12098,DEV37788,DISABLED,,NA,unknown
EMP12291,bina.sem68,Bina Sem,Business Sales,Manager,Work From Home,LPT-12291,dev 44559,ACTIVE,2026-04-23 22:08:18,NA,MANAGER382
EMP10521,damyanti.nayak82,Damyanti Nayak,IT,Administrator,Head_Office,LPT-10521,dev 68877,Live,01-04-2024 03:08:05 PM,,unknown
emp_12823,harinakshi.badami29,Harinakshi Badami,Support,Manager,Head_Office,VDR-12823,DEV-12135,A,2021-01-10T05:40:57,not available,MANAGER709
EMP11567,HARDIK.KATA71,Hardik Kata,HR,Officer,BRANCH OFFICE,WS-11567,,Enabled,15/10/2025,,manager117
EMP-11259,kashish.chaudhari74,Kashish Chaudhari,Human Resource,Executive,DATA CENTER,,,ACTIVE,12-02-2023 07:13:47 PM,,manager129
11714,ekaraj.nagar7,Ekaraj Nagar,Sales,Trainee,head office,LPT-11714,,Live,04-19-2021 04:58:23 AM,,NA
EMP12091,chakrika.mittal44,Chakrika Mittal,SALES,Officer,Head Office,,dev 33440,Working,1756384978,,
EMP 10205,ekapad.chacko29,Ekapad Chacko,OPERATIONS,Officer,Remote,LPT-10205,dev42847,Live,1725702167,NA,
EMP10733,vivaan.choudhry44,Vivaan Choudhry,information tech,Director,Head_Office,LPT-10733,DEV-95701,Live,2023-11-25 02:34:16,NA,unknown
emp_11867,balveer.bandi35,Balveer Bandi,finance dept,Manager,work from home,WS-11867,,A,2026-07-07T21:05:02,NA,
emp_10526,  tanveer.reddy70  ,Tanveer Reddy,IT,Director,WAREHOUSE,WS-10526,,Exited,2025/12/07,06/03/2026 14:59,unknown
emp11467,  balhaar.chahal52  ,Balhaar Chahal,Information Technology,Executive,,WS_11467,dev95576,A,,NA,
EMP10898,UDYATI.SAGAR51,Udyati Sagar,information tech,Consultant,head office,LPT_10898,dev 92629,Deactivated,03/09/2023 12:26,,NA
EMP10377,,Balvan Sodhi,Business Sales,Officer,,LPT-10377,dev 60134,D,,2026-05-18 15:21:07,manager679
EMP12428,mekhala.devan19,Mekhala Devan,FINANCE,Manager,Branch_Office,LPT-12428,dev 12242,Working,2020/07/17,not available,MANAGER267
EMP-12764,urmi.dey32,Urmi Dey,Customer Support,Consultant,REMOTE,VDR-12764,dev 62437,Working,05/09/2021 21:02,NA,unknown
12870,yochana_goda80,Yochana Goda,Research and Development,Executive,Branch_Office,ws-12870,DEV25640,Working,,NA,manager244
EMP10386,ikshita.bains18,Ikshita Bains,Finance,Director,WORK FROM HOME,VDR-10386,,Enabled,1624598972,,manager675
EMP10198,  ansh.barad37  ,Ansh Barad,Innovation,Engineer,head office,LPT-10198,dev 19706,ACTIVE,,not available,manager189
EMP11050,RADHIKA.UPPAL16,Radhika Uppal,LEGAL,Specialist,branch office,,,LWP,2026-07-24 06:05:14,NA,unknown
EMP10590,aarav.rajagopalan83,Aarav Rajagopalan,Ops,Trainee,Regional Office,lpt-10590,dev 12798,A,1673981655,not available,manager356
EMP10519,joshua.modi3,Joshua Modi,Business Sales,Analyst,Branch_Office,vdr-10519,DEV87640,Working,2025-05-09 21:56:10,not available,  manager686  
EMP-12087,FAQID.SHUKLA15,Faqid Shukla,sales dept,Executive,head office,VDR-12087,DEV70338,Enabled,05-27-2026 10:23:11 AM,NA,manager154
EMP12107,dalbir_kale66,Dalbir Kale,HR,Analyst,,LPT-12107.corp.local,dev64076,Active,07/11/2020 20:39,not available,manager382
EMP10429,dominic.sood93,Dominic Sood,CS,Executive,Regional Office,ws-10429,dev 95778,ACTIVE,2023-01-08T19:51:01,,manager992
emp11083,dipta.muni23,Dipta Muni,RD,Director,,vdr-11083,dev 30865,ON_LEAVE,1724924105,NA,manager532
10207,tanveer.dutt80,Tanveer Dutt,Purchase,Consultant,work from home,VDR-10207,DEV15399,Disabled,29/03/2020 03:40,2025/09/12,
EMP10491,lekha.wadhwa81,Lekha Wadhwa,Human Resource,Engineer,Regional Office,VDR-10491.corp.local,DEV37941,L,,25/06/2024 07:54,manager819
emp11425,  hemang.desai79  ,Hemang Desai,FINANCE,Executive,Work From Home,LPT_11425,dev 20855,Working,,not available,manager752
emp12998,aryan.talwar5,Aryan Talwar,Human Resources,Administrator,WAREHOUSE,LPT-12998.corp.local,DEV23596,A,29/05/2022 00:28,NA,manager827
EMP10792,zayan.khanna77,Zayan Khanna,Operations,Specialist,,VDR-10792,dev 67156,Exited,05/05/2025 02:46,2025-08-05T23:58:49,manager850
EMP12618,mohini.kaul61,Mohini Kaul,FINANCE,Executive,Branch_Office,VDR-12618,DEV88082,L,2025/01/01,2025/10/26,manager602
11186,CHRISTOPHER.CHAUDHARY51,Christopher Chaudhary,Support,Engineer,,WS-11186.corp.local,dev56640,LWP,2025-12-23T01:53:21,,manager439
11185,abhiram.iyengar62,Abhiram Iyengar,information tech,Analyst,Remote,LPT-11185,dev 50449,Active,2023-01-13T01:41:15,not available,unknown
emp_12344,keya.khatri85,Keya Khatri,Human Resource,Consultant,Head_Office,WS-12344,DEV-45083,ACTIVE,,,NA
EMP11432,VASUDHA.DASS81,Vasudha Dass,IT Support,Executive,WORK FROM HOME,LPT-11432,DEV-38511,Active,01-Dec-2023 06:07:00,,manager841
EMP12739,manan.choudhary21,Manan Choudhary,RnD,Manager,warehouse,LPT-12739,,Working,2026-07-18 15:25:25,not available,manager923
EMP10083,hemang.pingle33,Hemang Pingle,Research and Development,Manager,,,DEV-62521,Live,27/11/2024,not available,manager154
EMP12441,varenya.gala92,Varenya Gala,Supply Chain,Executive,,VDR-12441,DEV-80852,DISABLED,2026/03/21,NA,
EMP-12641,christopher.sandhu42,Christopher Sandhu,Innovation,Executive,data center,LPT-12641,,Working,,,  manager869  
EMP10020,pranit.raja29,Pranit Raja,HR,Consultant,head office,VDR-10020,DEV82603,Working,2021/11/15,not available,  manager824  
EMP12643,yash.madan58,Yash Madan,LEGAL,Director,,LPT-12643.corp.local,,Working,18-Mar-2023 01:34:16,,manager247
emp_12821,nicholas.thakur60,Nicholas Thakur,OPERATIONS,Trainee,Remote,vdr-12821,DEV-52163,A,04-29-2022 06:46:35 AM,NA,
EMP11405,yug.modi93,Yug Modi,Brand Team,Officer,remote,VDR-11405,dev 58710,Enabled,2021/05/30,NA,MANAGER635
EMP12058,girindra.goyal89,Girindra Goyal,Business Sales,Director,Data_Center,vdr-12058,dev 67811,Live,2022-06-28 06:55:18,,manager253
EMP12775,azad.dara84,Azad Dara,Research and Development,Director,,VDR-12775.corp.local,DEV-18826,ON_LEAVE,05/08/2022 11:26,,manager777
EMP12057,orinder.sachdev68,Orinder Sachdev,Purchase,Director,,VDR-12057,dev 91259,Leave,04/03/2024,NA,manager970
EMP10973,VARENYA.WALI14,Varenya Wali,Information Technology,Officer,Head_Office,WS-10973,,Active,04-01-2025 09:22:17 PM,not available,NA
EMP 12874,dayita.kannan36,Dayita Kannan,information tech,Analyst,head office,WS-12874,dev78652,Active,2024/06/06,not available,NA
10883,daniel.rattan78,Daniel Rattan,Accounts,Consultant,regional office,LPT-10883,,A,03-01-2024 04:56:22 AM,,manager497
11098,rajeshri_uppal5,Rajeshri Uppal,hr dept,Manager,Warehouse,WS-11098.corp.local,dev 57652,Leave,2021-06-17T03:39:43,not available,manager773
EMP10156,laban.muni15,Laban Muni,Support,Officer,Branch_Office,WS-10156,DEV56019,A,2025-06-28 07:42:58,NA,
EMP 12348,indrajit.sangha86,Indrajit Sangha,Information Technology,Manager,,VDR-12348,DEV-75028,Enabled,03-14-2026 07:30:21 PM,NA,manager253
EMP10886,veda_dani92,Veda Dani,Fin,Trainee,WAREHOUSE,VDR-10886,,Working,06-22-2022 04:23:18 AM,,manager181
EMP12477,mitali.madan32,Mitali Madan,procurement team,Consultant,Warehouse,WS-12477,DEV98487,Active,,NA,
emp12979,megha.sant38,Megha Sant,sales dept,Director,Data_Center,,DEV29757,Active,18/11/2022 11:23,not available,MANAGER260
12554,shivansh.bail27,Shivansh Bail,Accounts,Director,,vdr-12554,DEV-56284,Working,2021-11-28T23:03:57,NA,unknown
EMP 11596,avi.kant18,Avi Kant,Legal,Manager,Work_From_Home,VDR-11596,dev48523,Working,12/09/2020 10:08,not available,
EMP12851,kamala.raman22,Kamala Raman,Supply Chain,Officer,Work_From_Home,WS-12851.corp.local,dev27730,Enabled,1600603977,,MANAGER138
EMP 11945,ira.shukla68,Ira Shukla,Human Resources,Director,,LPT-11945,dev30297,A,15/03/2021 15:04,,manager733
EMP12339,neel.kade32,Neel Kade,Human Resource,Manager,warehouse,LPT-12339,DEV-45593,ACTIVE,2024-03-07 21:29:56,,manager947
EMP-12730,maya.bava52,Maya Bava,RnD,Manager,Warehouse,lpt-12730,DEV-33990,Live,2023-07-30T20:25:24,NA,manager978
EMP-10458,  christopher.khanna72  ,Christopher Khanna,Supply Chain,Analyst,,VDR-10458,dev30568,Enabled,2023-12-29T00:43:09,NA,
EMP12016,darsh.deshpande19,Darsh Deshpande,information tech,Consultant,work from home,LPT-12016,dev59298,Enabled,09-19-2020 01:46:43 AM,NA,manager275
EMP10078,dakshesh_joshi90,Dakshesh Joshi,Research and Development,Administrator,Remote,ws-10078,dev 40217,A,1629533252,,manager860
EMP11801,ekiya.jaggi5,Ekiya Jaggi,LEGAL,Consultant,Head Office,LPT-11801,DEV-21792,Live,08-May-2021 05:31:54,,manager812
EMP11056,yashoda_chada85,Yashoda Chada,LEGAL,Specialist,Remote,VDR-11056,dev63950,A,2026-03-10T17:40:16,not available,NA
EMP 10906,  libni.dave64  ,Libni Dave,Marketing,Engineer,Branch_Office,VDR-10906.corp.local,DEV-16166,On Leave,2023/01/19,NA,unknown
emp_12144,krishna_gala53,Krishna Gala,marketing dept,Officer,WAREHOUSE,lpt-12144,dev 10044,Live,,,
EMP12282,chaitaly.prashad36,Chaitaly Prashad,Marketing,Trainee,REMOTE,VDR_12282,dev 37711,Working,2026-05-17T00:18:37,NA,NA
EMP-12778,,Ethan Babu,operations dept,Director,remote,LPT-12778,DEV97441,Resigned,2021/02/24,1617240130,manager826
emp10380,THOMAS.BARAD31,Thomas Barad,Mktg,Officer,Work_From_Home,VDR-10380,,Live,2021-11-12 16:30:48,NA,manager916
EMP10947,VANSHA.CHOUDHURY76,Vansha Choudhury,Business Sales,Trainee,Warehouse,VDR_10947,DEV60469,Terminated,,30/03/2026 19:17,manager167
EMP12148,ridhi.kota93,Ridhi Kota,Business Sales,Consultant,Regional_Office,VDR-12148,DEV-93898,Disabled,27/09/2021,2022-08-29 00:02:25,manager586
emp12768,harita.divan53,Harita Divan,PURCH,Specialist,branch office,LPT-12768,dev 60309,Working,2020/08/13,NA,unknown
EMP10715,FORUM.VYAS33,Forum Vyas,PURCH,Director,DATA CENTER,VDR-10715.corp.local,DEV-41692,ACTIVE,2025-01-03 02:27:52,not available,unknown
EMP12037,aayush.sha44,Aayush Sha,RnD,Executive,Remote,WS-12037,,ON_LEAVE,17/06/2021 22:36,,manager703
EMP10686,rajeshri.shah80,Rajeshri Shah,Business Sales,Officer,,,DEV-60307,Live,2021-10-08T23:21:40,NA,unknown
EMP-12644,yashvi.chatterjee62,Yashvi Chatterjee,Human Resource,Engineer,REMOTE,lpt-12644,,OOO,05-30-2023 12:16:53 PM,,manager808
EMP 11293,upasna.gade39,Upasna Gade,MKT,Analyst,WORK FROM HOME,WS-11293,dev91744,Live,12-22-2020 09:18:46 AM,not available,  manager256  
EMP10305,raagini.naidu75,Raagini Naidu,Purchase,Engineer,Data Center,WS-10305,,Live,1760253586,not available,manager612
10209,anirudh.kaul39,Anirudh Kaul,Research and Development,Engineer,work from home,VDR-10209,DEV-63227,ACTIVE,14/08/2020 17:15,NA,manager261
EMP11584,INDALI.WALLA86,Indali Walla,Compliance,Analyst,Warehouse,LPT-11584,dev 87377,Deactivated,2025-06-19T17:31:41,not available,manager220
EMP12289,ryan.warrior13,Ryan Warrior,Purchase,Officer,Branch_Office,LPT-12289,dev19311,A,2025-07-17T22:50:37,,manager712
11195,christopher.toor37,Christopher Toor,legal,Director,work from home,VDR-11195,DEV99205,Enabled,02-13-2023 09:32:23 AM,,manager739
EMP12272,ekta.lal33,Ekta Lal,RnD,Trainee,Head_Office,VDR-12272,dev 88097,A,2023/10/14,,manager920
EMP 10885,tara.dash81,Tara Dash,LEGAL,Manager,HEAD OFFICE,VDR-10885,dev 54793,OOO,02-Oct-2025 15:01:28,NA,manager802
EMP11739,edhitha.bala97,Edhitha Bala,customer care,Executive,Head Office,ws-11739,dev 76368,Left,,16/01/2026,manager951
EMP10917,  abha.chaudhary85  ,Abha Chaudhary,FINANCE,Specialist,Head_Office,vdr-10917,dev96554,Resigned,2022/07/07,04-13-2026 07:11:21 PM,manager666
EMP11775,harita.padmanabhan74,Harita Padmanabhan,Fin,Trainee,REMOTE,LPT-11775,DEV-74182,Leave,13-Jul-2024 03:54:26,,manager746
EMP11769,  jeremiah.sastry53  ,Jeremiah Sastry,Information Technology,Director,Head_Office,WS-11769,,Enabled,,,manager482
EMP10191,banjeet.baral14,Banjeet Baral,HR,Consultant,,WS-10191,dev 50173,Live,07/02/2026,NA,manager806
EMP11860,gautami.johal58,Gautami Johal,sales team,Director,,WS-11860,dev 16260,On Leave,2022-04-30 03:40:56,not available,manager659
EMP12103,,Turvi Chada,Information Technology,Engineer,Head_Office,LPT-12103,DEV12209,ACTIVE,13-Jun-2023 23:15:15,,unknown
11265,gayathri.mangal51,Gayathri Mangal,legal,Manager,BRANCH OFFICE,vdr-11265,DEV-45162,ACTIVE,1623747078,NA,
EMP-10483,theodore.oommen1,Theodore Oommen,Ops,Trainee,,LPT-10483,dev15235,Enabled,29/09/2022,NA,manager892
EMP 10915,DAKSH.CHAUDHRY59,Daksh Chaudhry,Support,Consultant,HEAD OFFICE,WS-10915,dev 29082,Active,02-07-2026 02:03:10 PM,,unknown
EMP12678,AADHYA.SARAF43,Aadhya Saraf,Procurement,Director,Remote,VDR-12678,dev 88793,ACTIVE,06-24-2020 08:36:29 AM,not available,MANAGER348
10277,januja.gera68,Januja Gera,Marketing,Officer,Remote,LPT-10277,DEV75826,Deactivated,25/09/2025 03:32,12-03-2025 06:25:40 PM,manager198
EMP10988,kalpit_savant15,Kalpit Savant,Ops Team,Engineer,REMOTE,WS-10988,,Enabled,03-02-2023 08:26:50 PM,,MANAGER639
emp11697,gautami.batra90,Gautami Batra,sales team,Executive,REMOTE,VDR-11697,dev 85009,On Leave,2021-12-12T06:00:43,NA,manager724
12018,darpan.koshy47,Darpan Koshy,IT,Consultant,Warehouse,ws-12018,DEV23749,Active,06-12-2023 02:07:06 AM,,manager850
12950,idika.dhawan31,Idika Dhawan,sales team,Manager,Remote,WS-12950,,Live,14-Apr-2026 19:08:41,not available,MANAGER482
emp_10571,amol.saran73,Amol Saran,legal,Officer,regional office,,dev79964,Active,14-Dec-2022 14:44:40,NA,manager332
EMP11435,kalpit.das34,Kalpit Das,Innovation,Administrator,,,dev56550,A,,,unknown
EMP10993,bhanumati.raja48,Bhanumati Raja,Research and Development,Officer,,LPT-10993,dev 52182,Working,2024-06-20 14:18:21,not available,manager832
11497,naveen.dubey63,Naveen Dubey,Business Sales,Administrator,,ws-11497,,Enabled,31/10/2023,not available,manager681
EMP 11494,zayan.kakar93,Zayan Kakar,information tech,Consultant,DATA CENTER,VDR-11494,DEV77051,Working,1695960696,not available,manager227
emp10585,jagdish.reddy67,Jagdish Reddy,Human Resource,Administrator,data center,vdr-10585,,Live,1591818934,not available,
EMP11226,tanveer.dugar93,Tanveer Dugar,Legal Dept,Administrator,REGIONAL OFFICE,LPT-11226,dev46040,ACTIVE,22/03/2021,,manager753
EMP11748,nicholas.aggarwal55,Nicholas Aggarwal,Purchase,Specialist,Data Center,VDR-11748,DEV90583,A,10/10/2025 22:39,,  manager132  
emp11820,lipika.ramaswamy9,Lipika Ramaswamy,Ops,Consultant,BRANCH OFFICE,WS-11820,,Enabled,2020/11/10,NA,manager828
EMP11349,widisha.basak76,Widisha Basak,IT Dept,Manager,warehouse,LPT-11349.corp.local,,A,2026-04-24 10:46:03,,manager695
emp_11007,  pushti.bhatia89  ,Pushti Bhatia,CS,Administrator,Remote,VDR-11007,DEV-13046,Enabled,2020-04-10T01:40:34,,NA
EMP10674,tripti.iyengar15,Tripti Iyengar,Information Technology,Administrator,,VDR-10674,DEV87894,L,01/11/2022 11:53,2023/01/12,manager884
emp11832,chakradev.vyas39,Chakradev Vyas,RD,Director,HEAD OFFICE,VDR-11832,dev 49366,DISABLED,03-11-2022 11:12:03 AM,14/06/2023,manager964
EMP10855,manthan.peri83,Manthan Peri,Fin,Analyst,data center,LPT-10855,DEV-92352,Enabled,23/11/2024 23:27,,manager261
10447,tristan_nazareth15,Tristan Nazareth,procurement team,Trainee,Branch Office,LPT-10447,DEV77070,Enabled,2026/02/26,not available,MANAGER362
EMP11921,WARDA.BHATT30,Warda Bhatt,Finance,Administrator,regional office,VDR-11921.corp.local,dev82744,Terminated,2024-07-07T08:13:23,not available,NA
emp_11776,amrita.hayer9,Amrita Hayer,Brand Team,Administrator,REMOTE,WS-11776,dev 87913,Working,2022-08-30 14:49:16,,
EMP11723,yashica.pandey33,Yashica Pandey,SALES,Officer,Head_Office,WS-11723.corp.local,dev 11620,Live,07-16-2021 02:18:32 AM,NA,unknown
12330,yochana.pai61,Yochana Pai,LEGAL,Manager,,VDR-12330,dev70177,A,08-05-2021 08:21:25 AM,not available,manager609
EMP12757,ishita_bhatt24,Ishita Bhatt,marketing dept,Consultant,WAREHOUSE,VDR-12757,,Left,2020/09/09,,NA
EMP12457,yashawini.chawla66,Yashawini Chawla,Compliance,Analyst,,LPT-12457,DEV25501,Deactivated,2020/04/07,15/06/2021 02:12,NA
EMP12503,GAUTAM.SASTRY56,Gautam Sastry,Support,Manager,Work_From_Home,LPT-12503,DEV-85775,Enabled,2024-03-07T14:37:27,not available,unknown
12753,tejas.swamy73,Tejas Swamy,FINANCE,Trainee,REGIONAL OFFICE,,dev 21641,ACTIVE,2024-08-04T05:09:25,not available,manager706
EMP11247,riya.khare41,Riya Khare,operations dept,Director,HEAD OFFICE,VDR-11247,dev 51048,ACTIVE,2020-05-26 06:00:01,not available,manager813
emp10294,EKAVIR.NATARAJAN35,Ekavir Natarajan,Research and Development,Executive,head office,LPT-10294,,Enabled,20/07/2022 07:08,,MANAGER178
EMP10588,gaurav.kibe32,Gaurav Kibe,Finance,Trainee,head office,VDR-10588,DEV-91087,Enabled,06-17-2026 08:54:38 PM,,manager161
emp_11281,amol.talwar85,Amol Talwar,Information Technology,Analyst,REMOTE,LPT-11281,DEV55903,Resigned,,27/08/2026 17:34,manager188
emp11518,vyanjana.chopra88,Vyanjana Chopra,MKT,Specialist,,VDR-11518,,Enabled,2021-04-30T21:06:50,,  manager505  
emp12183,faris.rama22,Faris Rama,Research and Development,Executive,,LPT-12183,DEV-82756,Working,29/10/2025 11:29,,manager174
emp_12244,ekiya_andra99,Ekiya Andra,operations dept,Manager,,WS-12244.corp.local,DEV-92436,Working,2026-03-19 22:57:58,not available,manager714
emp_12982,ekavir.karan53,Ekavir Karan,Human Resources,Director,,VDR-12982,DEV-29282,A,,,manager342
EMP11582,aadi.bhasin11,Aadi Bhasin,information tech,Manager,Regional Office,ws-11582,dev 41816,Active,2021/11/18,,manager781
EMP11417,faris.agarwal50,Faris Agarwal,R&D,Consultant,REMOTE,VDR_11417,dev 51546,Live,2025-02-23 20:28:43,,NA
EMP10425,shivani.bajaj36,Shivani Bajaj,MKT,Administrator,branch office,LPT-10425,DEV-77802,Live,25/06/2020,NA,unknown
EMP10534,liam.sidhu21,Liam Sidhu,People Team,Engineer,warehouse,WS-10534,DEV54359,Disabled,22/03/2025 17:02,2025-05-02 03:23:02,manager751
11054,leela.gill21,Leela Gill,IT Support,Manager,Work From Home,LPT-11054.corp.local,DEV94462,Live,04-09-2023 03:02:38 AM,NA,manager700
EMP-12375,benjamin.sama73,Benjamin Sama,legal,Administrator,,LPT-12375,DEV29448,A,25/11/2021 05:20,not available,manager942
EMP12581,sai.sani51,Sai Sani,finance dept,Analyst,Warehouse,WS_12581,,L,2024/03/23,10/08/2025 06:05,NA
EMP-11840,triya.singh47,Triya Singh,Ops Team,Specialist,Head_Office,LPT-11840,DEV-31655,LEFT,,04-15-2025 03:52:43 AM,manager140
emp_10132,EIRAVATI.PRABHU70,Eiravati Prabhu,Mktg,Executive,,VDR-10132,dev13379,ACTIVE,18/01/2023 00:28,NA,
EMP11956,damini.loke16,Damini Loke,Customer Support,Analyst,Warehouse,lpt-11956,DEV-41600,A,1747185641,NA,MANAGER604
emp12602,anmol.solanki37,Anmol Solanki,Human Resources,Manager,Head_Office,VDR-12602,DEV-90276,Active,30/08/2021,not available,manager182
EMP10421,omya.tailor99,Omya Tailor,IT Dept,Trainee,BRANCH OFFICE,,dev32701,Live,27/01/2020 07:06,not available,MANAGER722
12740,jasmit_madan30,Jasmit Madan,RD,Manager,,VDR_12740,dev10796,A,2022-08-14T19:14:05,not available,manager275
EMP12104,  ikbal.dewan73  ,Ikbal Dewan,RnD,Consultant,DATA CENTER,ws-12104,dev91645,ACTIVE,,not available,manager897
EMP12508,yashica.kumer96,Yashica Kumer,HR,Manager,Warehouse,LPT-12508,dev 86610,Active,2022-02-11 10:26:05,,unknown
EMP11368,hardik.sundaram36,Hardik Sundaram,R&D,Trainee,Branch Office,LPT-11368,,Left,2022/03/17,,unknown
EMP 10556,laksh.bala93,Laksh Bala,Marketing,Engineer,,WS-10556,DEV-59923,A,2026/04/13,not available,manager925
12108,yug.rajan98,Yug Rajan,Human Resource,Trainee,branch office,WS-12108,dev 77669,Working,1581361092,,  manager931  
EMP10289,jonathan.narayanan92,Jonathan Narayanan,Human Resource,Manager,remote,LPT-10289.corp.local,DEV-59807,Enabled,1747998273,not available,manager498
12761,yagnesh.agrawal38,Yagnesh Agrawal,Business Sales,Director,REMOTE,,DEV50414,Enabled,1673093755,not available,  manager882  
10570,  lila.rajagopalan71  ,Lila Rajagopalan,R&D,Executive,Regional_Office,VDR-10570,dev33204,A,11-19-2023 10:20:41 AM,NA,manager751
EMP10352,anya.bahl99,Anya Bahl,information tech,Consultant,Work From Home,WS-10352,dev45649,ACTIVE,2022-03-27 22:56:48,not available,manager690
EMP10091,aishani.parmer57,Aishani Parmer,Human Resource,Trainee,,WS-10091,dev 62757,Terminated,,2026-02-12T22:44:37,manager140
EMP 12189,,Neel Shankar,Operations,Administrator,Remote,WS-12189,,Deactivated,15-Oct-2021 06:34:13,2024-11-11T19:47:19,manager586
EMP12611,zaid.mangat27,Zaid Mangat,marketing dept,Trainee,Work From Home,LPT-12611.corp.local,dev41549,Live,13/11/2025,not available,manager201
EMP11170,UPASNA.KURUVILLA64,Upasna Kuruvilla,Call Center,Officer,WORK FROM HOME,LPT-11170,,Live,30-Jan-2026 04:22:39,NA,manager691
EMP11588,ati.choudhury94,Ati Choudhury,R&D,Administrator,Remote,VDR-11588,dev55095,ACTIVE,,,manager902
11285,azad.joshi75,Azad Joshi,Accounts,Engineer,Remote,,DEV64566,Active,24/07/2022 08:49,NA,  manager404  
EMP 11813,aarush.krishna22,Aarush Krishna,Customer Support,Trainee,Branch Office,LPT-11813,,Live,02-15-2023 06:52:49 PM,,
emp11565,aadi.arya44,Aadi Arya,customer care,Administrator,HEAD OFFICE,WS-11565,dev 65904,Working,15/08/2024,not available,manager332
EMP-11543,aarini.chandran27,Aarini Chandran,legal,Analyst,data center,ws-11543,DEV-62321,A,07-23-2026 08:42:50 AM,NA,manager934
EMP11576,timothy.maharaj40,Timothy Maharaj,Support,Manager,,VDR-11576,dev88439,A,2025-08-13 20:35:28,not available,manager941
EMP-10697,omisha.suri10,Omisha Suri,IT Support,Executive,regional office,WS-10697,dev 96235,Working,2021-02-25 20:10:24,not available,  manager757  
EMP12583,pallavi_dhingra3,Pallavi Dhingra,IT,Administrator,head office,LPT-12583,,Working,07-25-2026 05:53:07 AM,not available,
EMP10348,nirja.wable20,Nirja Wable,Customer Support,Consultant,Data_Center,VDR-10348,DEV-93138,Enabled,2025-07-11T23:32:50,not available,manager167
EMP12008,neel.balay38,Neel Balay,customer care,Analyst,Work From Home,LPT-12008,dev 66512,Enabled,06-13-2020 08:31:08 AM,not available,manager309
EMP12418,warda.dua80,Warda Dua,marketing dept,Executive,HEAD OFFICE,WS-12418,dev59411,ACTIVE,22/08/2025 15:09,NA,manager626
emp_12505,radhika.bath93,Radhika Bath,Procurement,Executive,Work_From_Home,LPT-12505,DEV-68365,ACTIVE,1590451676,NA,manager251
EMP12236,faris.garde11,Faris Garde,Business Sales,Manager,Head_Office,WS_12236,DEV-53553,Working,28/12/2022 23:44,NA,NA
EMP-11137,shivani.deol7,Shivani Deol,Ops,Engineer,REMOTE,WS-11137,dev 46721,LEFT,2020-11-09 01:20:12,01/01/2023 19:25,NA
EMP12043,WAKEETA.NIGAM43,Wakeeta Nigam,Purchase,Engineer,Remote,LPT-12043.corp.local,DEV21273,D,2021-10-15T00:35:38,07-16-2022 01:48:12 AM,manager564
EMP12752,  balendra.chander68  ,Balendra Chander,Operations,Analyst,Regional Office,LPT-12752,,A,,NA,manager447
EMP12921,kashvi.vala58,Kashvi Vala,procurement team,Trainee,warehouse,LPT-12921,dev 28628,Active,2022-07-28T23:59:54,not available,NA
emp12905,zayan.narayan72,Zayan Narayan,Purchase,Administrator,REMOTE,VDR-12905,DEV89760,Live,2025-05-02T14:29:26,,manager514
EMP11339,  mitesh.koshy47  ,Mitesh Koshy,Mktg,Administrator,WORK FROM HOME,VDR-11339,dev 89691,Live,08-11-2022 11:45:40 AM,NA,manager428
12566,,Upadhriti Wason,Innovation,Executive,Work_From_Home,lpt-12566,DEV57091,LEFT,05/01/2020 15:06,NA,unknown
10453,PRANIT.SASTRY21,Pranit Sastry,People Team,Director,Warehouse,WS-10453,DEV-84572,Enabled,2021-07-17 03:46:00,NA,manager897
EMP-10913,tanay.bains1,Tanay Bains,sales dept,Trainee,Remote,WS-10913,,Active,2022-04-06T11:33:47,,  manager872  
emp_11199,ikshita.mital60,Ikshita Mital,People Team,Manager,,VDR-11199,dev24201,LEFT,18/05/2023,2024/03/23,manager166
11274,,Balhaar Vaidya,IT,Executive,DATA CENTER,LPT_11274,DEV96424,On Leave,14-Jan-2023 18:20:43,,manager350
EMP12845,gaurika.tandon2,Gaurika Tandon,RD,Consultant,work from home,WS-12845.corp.local,DEV21023,Enabled,2022-04-14 21:53:12,,  manager229  
EMP10037,BHAVANI.KARAN34,Bhavani Karan,Customer Support,Trainee,,LPT-10037,dev 22097,ACTIVE,2022-05-09 14:46:23,NA,  manager441  
EMP10974,LAKSH.DANI30,Laksh Dani,Purchase,Specialist,HEAD OFFICE,,DEV60321,Enabled,2023-08-23T01:52:39,NA,
EMP12854,vaishnavi.wali56,Vaishnavi Wali,finance dept,Analyst,,lpt-12854,dev 42127,Live,16/08/2021 03:18,not available,unknown
EMP10983,  meghana.mani6  ,Meghana Mani,Research and Development,Engineer,head office,VDR-10983,dev 39232,Active,2023-12-20 11:30:06,NA,manager344
EMP 12938,ojasvi_gade59,Ojasvi Gade,People Team,Specialist,,WS-12938,DEV-64458,A,30/08/2020,,manager420
EMP12516,  dakshesh.agate15  ,Dakshesh Agate,Human Resource,Director,REMOTE,LPT-12516,DEV-61496,Leave,20/03/2025,NA,manager237
EMP11418,,Yutika Doctor,Marketing,Executive,Work From Home,WS-11418,DEV83464,Working,29-Nov-2025 14:23:39,,
EMP11284,charvi.dyal13,Charvi Dyal,marketing dept,Administrator,warehouse,WS-11284,DEV32715,Active,,,NA
11752,nachiket.singh59,Nachiket Singh,Legal Dept,Consultant,branch office,VDR_11752,dev71509,Enabled,08-20-2022 01:22:28 PM,,manager820
EMP10039,JANYA.TELLA10,Janya Tella,FINANCE,Officer,Head_Office,WS-10039,dev86350,Active,2023/08/28,NA,manager415
EMP-11486,  ethan.mukherjee77  ,Ethan Mukherjee,Purchase,Director,head office,,dev 89929,Enabled,03/11/2024,,manager800
emp_12003,nitara.bhargava30,Nitara Bhargava,HR,Executive,remote,WS-12003,,Live,,not available,manager657
EMP10169,anirudh.rai28,Anirudh Rai,Ops,Trainee,BRANCH OFFICE,LPT-10169.corp.local,dev28030,Enabled,07-Jul-2022 23:51:26,not available,
EMP11355,finn.bahl84,Finn Bahl,R&D,Specialist,Branch Office,WS-11355,dev 64899,Live,01-24-2021 05:38:51 AM,NA,NA
EMP10737,ayaan.mangat29,Ayaan Mangat,Human Resource,Engineer,DATA CENTER,ws-10737,dev98918,Working,10/01/2021 07:40,,NA
EMP11656,  qabil.sastry23  ,Qabil Sastry,MKT,Specialist,WORK FROM HOME,LPT-11656,dev 94048,Live,06-Sep-2021 13:45:51,NA,  manager424  
EMP12782,harsh.patla58,Harsh Patla,PURCH,Director,DATA CENTER,LPT-12782,DEV78969,Enabled,01/11/2022 05:36,not available,unknown
EMP11564,ikbal.bumb44,Ikbal Bumb,Operations,Executive,remote,,DEV73878,A,2023-11-18 17:23:14,NA,manager784
EMP12223,nidra.bhagat91,Nidra Bhagat,PURCH,Analyst,regional office,LPT-12223,DEV-18305,ACTIVE,1636773760,,
EMP10634,utkarsh.murty19,Utkarsh Murty,procurement team,Executive,Remote,LPT-10634,DEV-83051,Enabled,,NA,MANAGER425
EMP12925,isha.gokhale21,Isha Gokhale,Purchase,Executive,regional office,WS-12925,,Working,07/05/2023 13:41,,unknown
EMP12042,nikita.gala74,Nikita Gala,Human Resource,Manager,Data Center,vdr-12042,,Working,2021-09-10T17:32:15,not available,manager821
EMP11290,ati.patla67,Ati Patla,Innovation,Analyst,Head Office,,DEV45412,DISABLED,12-Jul-2025 02:33:39,2025-09-25 18:12:39,NA
EMP11380,chakrika.sehgal29,Chakrika Sehgal,hr dept,Administrator,Data_Center,WS-11380,DEV52650,A,08-13-2023 12:15:06 AM,NA,manager575
EMP10579,ekta.edwin69,Ekta Edwin,information tech,Executive,Head_Office,WS-10579.corp.local,DEV-45283,ACTIVE,1695523368,not available,manager338
EMP10328,radha.sidhu98,Radha Sidhu,Legal,Trainee,BRANCH OFFICE,VDR-10328,dev 92890,A,10/07/2023 22:51,,manager177
EMP12732,zehaan.dar65,Zehaan Dar,Compliance,Consultant,branch office,,dev53186,Enabled,25-May-2020 01:31:15,,manager869
EMP10892,,Vasana Behl,HR,Director,Warehouse,LPT-10892,DEV10766,ACTIVE,2020-02-11T08:03:46,NA,manager588
emp_12178,  orinder.gera82  ,Orinder Gera,Fin,Consultant,REMOTE,,DEV32915,Enabled,18/01/2021 09:48,not available,manager811
EMP10780,vrinda.guha94,Vrinda Guha,Innovation,Analyst,,VDR-10780,DEV82215,A,2020-03-18T00:53:36,,MANAGER961
EMP 10159,dayita_kant42,Dayita Kant,Ops Team,Executive,Data_Center,LPT-10159,dev71462,Live,29-Jul-2022 19:55:41,not available,unknown
EMP-11651,ethan.bhattacharyya54,Ethan Bhattacharyya,Legal Dept,Trainee,Regional_Office,WS-11651,DEV68181,Leave,,,manager433
EMP11807,waida.rai24,Waida Rai,Business Sales,Analyst,,LPT-11807,,ACTIVE,03-05-2020 08:50:34 AM,not available,manager158
12396,tanay.dani38,Tanay Dani,IT,Consultant,Head Office,WS-12396,dev 64209,LEFT,2022-03-15 12:13:37,2026-02-19 15:56:31,manager204
EMP 10061,bahadurjit.mishra54,Bahadurjit Mishra,CS,Officer,Work_From_Home,VDR-10061,dev 38906,ACTIVE,04-27-2022 11:31:55 PM,,manager129
EMP-10849,WIDISHA.KONDA86,Widisha Konda,Sales,Administrator,,ws-10849,DEV-50536,Enabled,16/12/2025 17:46,not available,manager931
EMP12196,vedika_loke72,Vedika Loke,sales dept,Specialist,data center,LPT-12196,DEV-78349,A,2024-10-30T18:07:55,not available,
emp_12978,ria.thakkar89,Ria Thakkar,legal,Executive,WORK FROM HOME,VDR-12978,DEV-85574,A,11-19-2022 11:55:37 AM,,manager257
EMP11716,samaksh.buch64,Samaksh Buch,IT,Director,WAREHOUSE,,dev15259,A,2020-04-21 20:46:16,,manager696
EMP11043,tripti.johal40,Tripti Johal,finance dept,Engineer,Branch_Office,,DEV-33125,A,1659199776,NA,manager559
EMP12930,harsh.lall96,Harsh Lall,PURCH,Consultant,Warehouse,WS-12930,dev 95236,ACTIVE,2025-05-02 08:49:36,NA,manager858
EMP11544,gautam.thakur16,Gautam Thakur,hr dept,Executive,,VDR-11544.corp.local,dev77698,ACTIVE,1780936772,NA,manager600
EMP-12816,umang.sidhu48,Umang Sidhu,Information Technology,Executive,REGIONAL OFFICE,VDR-12816,dev94026,Enabled,2025-05-21T13:19:46,NA,manager957
EMP11726,leena.virk4,Leena Virk,Purchase,Analyst,Work From Home,LPT_11726,dev45944,LEFT,2022-07-31 18:36:53,2025/09/05,manager263
11070,  megha.arya94  ,Megha Arya,legal,Administrator,,LPT-11070,DEV28764,Terminated,11/11/2024,2026-05-22T11:01:13,manager230
EMP10053,  yashodhara.arora79  ,Yashodhara Arora,People Team,Trainee,data center,vdr-10053,,Working,,NA,  manager509  
12517,  nakul.dave66  ,Nakul Dave,Sales,Trainee,data center,,DEV69891,ACTIVE,07-May-2021 03:45:10,not available,MANAGER531
EMP-10258,QASIM.MITTAL91,Qasim Mittal,IT Dept,Engineer,,LPT-10258,dev 62725,Working,08-03-2024 11:24:30 PM,NA,manager984
emp10505,agastya.pai92,Agastya Pai,Legal,Administrator,,WS-10505,,A,2022/10/27,NA,
emp10752,samuel.sarkar48,Samuel Sarkar,Finance,Trainee,Regional_Office,lpt-10752,DEV-92840,A,1650232374,,manager230
EMP 12084,vasudha.tata96,Vasudha Tata,Ops,Analyst,Head_Office,WS-12084,dev 36062,ACTIVE,24/07/2025 03:29,,NA
emp10217,  balvan.shere52  ,Balvan Shere,IT,Specialist,Warehouse,LPT-10217,,Active,,,manager561
EMP-10824,atharv.keer85,Atharv Keer,Support,Officer,,,dev 72378,Active,30/04/2021 15:23,NA,manager500
EMP11623,edhitha.khatri73,Edhitha Khatri,PURCH,Officer,WAREHOUSE,WS-11623,dev81615,Live,2022/05/27,,manager558
EMP11330,  vyanjana.chawla67  ,Vyanjana Chawla,sales team,Administrator,Regional_Office,VDR-11330,,Working,2026-03-02T05:15:48,not available,unknown
EMP12345,edhitha.dugal87,Edhitha Dugal,Operations,Consultant,Data_Center,WS-12345,,Live,,NA,manager838
EMP11389,aadhya.uppal43,Aadhya Uppal,Legal Dept,Engineer,Warehouse,vdr-11389,DEV42598,Resigned,22/04/2020 01:56,14/10/2024 00:45,manager507
EMP12579,balveer.nair93,Balveer Nair,Information Technology,Executive,Regional Office,VDR-12579,dev 22006,ACTIVE,17/04/2021 21:25,not available,unknown
EMP-11266,barkha.sahota45,Barkha Sahota,Brand Team,Specialist,,VDR-11266,DEV10407,Live,04-12-2024 12:18:19 PM,,
12540,kashvi_gulati39,Kashvi Gulati,Fin,Executive,remote,LPT-12540,dev44736,Disabled,2025/11/25,2026-02-16 23:12:36,MANAGER202
EMP11822,chatresh.cheema43,Chatresh Cheema,PURCH,Trainee,Remote,VDR-11822,,Live,2020-06-07 04:35:53,not available,NA
EMP11598,megha_shetty89,Megha Shetty,Business Sales,Engineer,Branch_Office,WS-11598,,Disabled,2021-03-27T16:04:21,04-23-2023 06:11:06 PM,unknown
emp11607,shivansh.chaudhry63,Shivansh Chaudhry,Legal Dept,Executive,,LPT-11607,dev 96743,Enabled,,,manager411
EMP-11747,darpan.sibal55,Darpan Sibal,OPERATIONS,Director,head office,VDR-11747,DEV-88323,A,19/04/2023,NA,manager411
10771,wriddhish.sachar57,Wriddhish Sachar,IT,Administrator,Branch Office,LPT-10771.corp.local,dev 12888,Exited,2021-12-22T19:38:09,2026-05-25T05:20:50,manager521
emp12887,gautam.ganguly1,Gautam Ganguly,Finance,Specialist,Remote,ws-12887,dev29285,Live,17/05/2020 14:52,NA,
EMP-11871,vedant.kar97,Vedant Kar,Ops,Analyst,remote,WS-11871,dev 66675,Enabled,11/05/2024 00:47,,
EMP11817,brinda.iyer33,Brinda Iyer,RD,Director,,vdr-11817,dev70975,Working,27/09/2021 22:58,NA,manager525
EMP11085,finn.kurian25,Finn Kurian,Support,Director,head office,LPT_11085,dev 52391,Active,2024-12-08T04:32:37,NA,NA
EMP11830,  atharv.peri95  ,Atharv Peri,Ops Team,Consultant,warehouse,LPT-11830,dev97523,ACTIVE,2026-02-04 06:53:30,,manager798
EMP-10144,yashica_rao48,Yashica Rao,Human Resources,Administrator,WAREHOUSE,LPT-10144,,Deactivated,,1784063134,manager773
EMP 11325,  vaishnavi.barad69  ,Vaishnavi Barad,Purchase,Analyst,WORK FROM HOME,LPT-11325,DEV42757,D,08-26-2020 12:34:51 AM,2024-05-19 13:40:40,manager144
12186,  yashvi.vasa30  ,Yashvi Vasa,Operations,Officer,,,dev 44965,Active,1639425894,NA,MANAGER335
EMP12875,darika_wali54,Darika Wali,Call Center,Executive,Remote,,,ACTIVE,12/07/2023 12:00,,  manager361  
EMP11825,dipta.bala82,Dipta Bala,Brand Team,Executive,Branch_Office,LPT-11825.corp.local,dev22214,Enabled,06/05/2022,,manager142
EMP11754,girindra.uppal4,Girindra Uppal,Customer Support,Trainee,HEAD OFFICE,VDR-11754,DEV33754,Live,2025-12-05 21:51:31,NA,manager920
emp12001,naksh.virk96,Naksh Virk,Research and Development,Trainee,DATA CENTER,LPT-12001.corp.local,,Live,2025-02-12 17:19:32,,manager896
EMP11789,,Hiral Devi,OPERATIONS,Engineer,Branch_Office,LPT-11789,dev 82575,ACTIVE,1782478898,not available,manager925
EMP11987,madhav.samra18,Madhav Samra,Support,Analyst,WORK FROM HOME,ws-11987,,Terminated,2023-06-19T23:19:39,not available,
EMP12662,charles.padmanabhan1,Charles Padmanabhan,CS,Engineer,WAREHOUSE,LPT-12662,DEV-62127,Active,07/10/2022 00:56,,manager260
11163,chameli.srinivas29,Chameli Srinivas,Compliance,Manager,,LPT-11163,dev 24435,Enabled,,NA,manager730
EMP10963,yash_boase95,Yash Boase,Supply Chain,Specialist,Warehouse,LPT-10963.corp.local,DEV-18566,Working,06/05/2026,NA,manager365
EMP12988,zinal.munshi37,Zinal Munshi,legal,Engineer,warehouse,WS-12988,DEV-67936,ACTIVE,2022-10-01T12:05:36,,  manager958  
EMP11771,gopal.walia83,Gopal Walia,Finance,Engineer,WAREHOUSE,VDR-11771,DEV-47699,Live,2020-08-21 04:32:13,NA,manager131
10398,lila.mall81,Lila Mall,procurement team,Trainee,Branch_Office,LPT-10398,,A,2025/06/05,NA,manager183
EMP 10584,rishi.suresh27,Rishi Suresh,Innovation,Director,Regional_Office,WS-10584,DEV-52344,Live,12/03/2026 13:17,NA,  manager662  
EMP10948,  yamini.dubey62  ,Yamini Dubey,information tech,Director,Regional_Office,LPT-10948,DEV-12440,Live,26/12/2024 04:12,NA,manager352
10704,pavani.wali74,Pavani Wali,Operations,Director,Remote,WS-10704,dev 47907,ACTIVE,,not available,NA
EMP10431,girik.salvi82,Girik Salvi,Purchase,Specialist,Warehouse,LPT-10431,DEV-71894,Left,2024-04-03T22:17:52,2025/11/17,
EMP10292,falguni.rajan71,Falguni Rajan,HR,Specialist,WAREHOUSE,WS-10292,DEV60493,ACTIVE,09/07/2023 15:54,,manager186
EMP10145,abhimanyu.dass89,Abhimanyu Dass,Marketing,Analyst,BRANCH OFFICE,WS-10145,dev 50499,Terminated,26/12/2022 14:12,06-Aug-2023 03:00:22,manager510
EMP10323,mohini.dani84,Mohini Dani,SALES,Administrator,Work_From_Home,LPT-10323,DEV-68947,Live,09-27-2020 05:55:22 AM,NA,
EMP12175,ira.kaul35,Ira Kaul,Innovation,Executive,,WS-12175,DEV-44487,Disabled,2025-06-07 01:01:25,08-05-2025 04:22:13 AM,MANAGER213
EMP11165,balhaar.thakkar24,Balhaar Thakkar,Legal Dept,Executive,Regional_Office,vdr-11165,,A,,NA,  manager206  
EMP 11452,bhanumati.anand48,Bhanumati Anand,operations dept,Consultant,,LPT-11452.corp.local,DEV90028,Active,2023/05/22,NA,
emp_10002,xalak.tiwari72,Xalak Tiwari,SALES,Officer,Data_Center,LPT-10002,dev 68878,A,,NA,NA
EMP 10576,NICHOLAS.GOLA29,Nicholas Gola,MKT,Manager,Data_Center,vdr-10576,dev 41399,Active,03-20-2025 04:42:54 AM,not available,unknown
emp12372,chavvi.dey98,Chavvi Dey,PURCH,Trainee,,LPT-12372,,ACTIVE,27/01/2024,NA,unknown
EMP10339,amara.mitter83,Amara Mitter,finance dept,Manager,warehouse,VDR_10339,DEV11110,A,24-May-2021 21:25:01,not available,manager839
EMP11897,bimala.khosla56,Bimala Khosla,IT Dept,Administrator,Head Office,WS-11897,dev 70762,Active,2020-07-04T03:31:31,,manager636
emp_12140,  neelima.koshy46  ,Neelima Koshy,Human Resources,Trainee,,VDR-12140,DEV-97821,Live,2021-07-18 14:25:00,NA,manager146
EMP10925,ranveer.kapadia75,Ranveer Kapadia,Purchase,Officer,Work From Home,VDR-10925,DEV-40649,Active,2022-06-03T00:30:14,NA,manager934
EMP10265,netra.wali12,Netra Wali,Customer Support,Engineer,,WS-10265,dev 59436,ACTIVE,1739682455,,manager174
emp10376,bhanumati.chandran62,Bhanumati Chandran,IT Support,Manager,REMOTE,WS_10376,dev27987,ACTIVE,2025-06-19 15:38:43,,
EMP11983,timothy.korpal25,Timothy Korpal,HR,Executive,WORK FROM HOME,LPT-11983,dev 48591,Deactivated,28/08/2023 13:46,2026-01-14T06:26:50,unknown
EMP11463,widisha.hari94,Widisha Hari,IT Support,Officer,Regional_Office,ws-11463,dev 42588,Working,2024-07-20T03:23:17,not available,manager844
EMP10271,,Widisha Nagy,LEGAL,Administrator,Branch_Office,LPT-10271,DEV53236,A,11-05-2024 06:35:07 AM,NA,NA
EMP10696,george_krishnamurthy72,George Krishnamurthy,legal,Consultant,Work From Home,WS-10696,,Working,2025/09/12,not available,
EMP-10266,abhimanyu.gade25,Abhimanyu Gade,procurement team,Officer,branch office,WS-10266,dev37379,Left,2022-10-31T11:37:06,2022-11-24T07:18:01,manager294
EMP 10244,BISHAKHA.CHOPRA60,Bishakha Chopra,Marketing,Executive,DATA CENTER,VDR-10244.corp.local,,Resigned,12-25-2025 09:00:52 PM,,manager402
emp_12898,unnati.kaur19,Unnati Kaur,Legal Dept,Consultant,WORK FROM HOME,WS-12898,DEV-83810,ACTIVE,19/04/2025 03:37,not available,manager956
EMP10476,jason.parmar97,Jason Parmar,finance dept,Administrator,REGIONAL OFFICE,WS-10476,DEV-29192,DISABLED,1763216942,2026-02-02 19:54:36,
EMP11804,tarak.hegde80,Tarak Hegde,Information Technology,Specialist,regional office,VDR-11804,dev33061,Enabled,1704068133,not available,unknown
EMP 12116,SAANVI.KONDA9,Saanvi Konda,customer care,Engineer,work from home,LPT-12116,,A,27-Jun-2020 21:32:30,not available,NA
EMP12314,URMI.GANDHI15,Urmi Gandhi,Brand Team,Consultant,remote,LPT-12314.corp.local,DEV-17318,Active,,NA,manager888
emp11812,ZINAL.VARTY46,Zinal Varty,procurement team,Specialist,,VDR-11812,dev 63110,Enabled,14-Jun-2024 08:46:59,NA,unknown
EMP12615,omkaar.upadhyay44,Omkaar Upadhyay,sales team,Consultant,warehouse,LPT-12615,DEV25647,A,06-01-2021 04:44:15 AM,not available,manager792
EMP12868,jason.goda96,Jason Goda,PURCH,Specialist,Warehouse,WS-12868,dev61303,Active,2025/10/11,NA,manager538
10063,IRA.TARA4,Ira Tara,People Team,Director,branch office,,DEV-33819,ACTIVE,,NA,manager565
EMP12678,AADHYA.SARAF43,Aadhya Saraf,Procurement,Director,Remote,VDR-12678,dev 88793,ACTIVE,06-24-2020 08:36:29 AM,not available,MANAGER348
12069,rishi.thaker79,Rishi Thaker,Sales,Director,BRANCH OFFICE,lpt-12069,DEV-65980,Disabled,2025-08-03 23:53:44,not available,manager410
EMP10250,vritti_bhalla72,Vritti Bhalla,Research and Development,Administrator,Regional Office,LPT-10250,,A,10-Jan-2020 08:50:59,NA,manager692
EMP10413,rushil.sunder88,Rushil Sunder,People Team,Engineer,,WS-10413,,A,23/09/2022,not available,manager526
EMP10545,,Zayyan Mohan,OPERATIONS,Officer,Warehouse,lpt-10545,DEV44517,A,15-Oct-2020 23:17:09,,manager866
emp11193,nikita.rao21,Nikita Rao,Human Resource,Administrator,WAREHOUSE,WS-11193,dev 56316,Active,07-10-2021 05:05:43 PM,NA,manager571
emp10738,wazir.parsa74,Wazir Parsa,Call Center,Executive,REMOTE,LPT-10738,DEV-15975,Active,08/11/2022 08:58,not available,  manager380  
EMP-10310,gabriel.trivedi30,Gabriel Trivedi,Legal,Executive,BRANCH OFFICE,VDR-10310,dev 96154,A,2020-03-31 16:44:00,NA,manager302
EMP11798,jack.madan88,Jack Madan,Purchase,Engineer,,VDR-11798,DEV18479,Working,1583709983,NA,  manager453  
EMP10893,YASH.SAWHNEY59,Yash Sawhney,Compliance,Specialist,regional office,WS-10893,DEV49688,ACTIVE,2025/03/31,not available,manager789
EMP11131,  nilima.gour98  ,Nilima Gour,Legal,Engineer,warehouse,,DEV77009,A,,,
EMP11449,geetika.gaba88,Geetika Gaba,Compliance,Engineer,Data_Center,VDR-11449.corp.local,DEV-59321,Blocked,01-03-2026 03:53:08 AM,09-Feb-2026 09:02:16,manager425
EMP12993,OMAJA.MANN4,Omaja Mann,legal,Officer,Branch_Office,LPT-12993,,Live,12-10-2020 04:06:12 PM,NA,manager498
emp_10015,isaiah.swaminathan1,Isaiah Swaminathan,marketing dept,Officer,WORK FROM HOME,LPT-10015,dev 76542,Resigned,2025-04-26 17:45:42,,  manager256  
EMP10203,samaksh.subramanian60,Samaksh Subramanian,Call Center,Consultant,Branch Office,VDR-10203,,A,13/07/2026 09:56,,NA
EMP10721,chameli.rama10,Chameli Rama,Mktg,Analyst,,WS-10721,DEV-53601,LWP,2022-03-13T07:39:56,NA,NA
EMP11420,ayush.yogi99,Ayush Yogi,Ops,Director,Branch Office,VDR-11420,dev83373,Terminated,16-Aug-2021 08:48:01,23/02/2023,NA
EMP12715,  arin.sant37  ,Arin Sant,CS,Engineer,DATA CENTER,WS-12715.corp.local,DEV44944,Enabled,08-29-2020 02:54:26 PM,NA,unknown
emp10981,jasmit.apte26,Jasmit Apte,Business Sales,Manager,Remote,LPT-10981,,ACTIVE,2025/11/19,,unknown
emp_12184,manan_sharaf61,Manan Sharaf,Ops Team,Analyst,REGIONAL OFFICE,VDR-12184.corp.local,DEV-17966,Deactivated,,1699786064,NA
EMP11539,aradhana.korpal74,Aradhana Korpal,Ops Team,Specialist,BRANCH OFFICE,,DEV-29435,Enabled,2021-07-18 04:05:15,NA,manager646
EMP12608,nimrat.natt68,Nimrat Natt,Compliance,Analyst,work from home,LPT-12608,dev 75099,Enabled,25/01/2026 20:39,NA,manager993
EMP 11550,,Gabriel Mukhopadhyay,Mktg,Consultant,Warehouse,WS-11550,DEV-30641,Working,06-26-2021 01:54:51 PM,,NA
EMP 12495,CHANDANI.JAIN37,Chandani Jain,finance dept,Administrator,DATA CENTER,ws-12495,dev77449,Enabled,2022-07-13 10:15:00,,manager959
EMP 10363,chatura.krishnan67,Chatura Krishnan,LEGAL,Consultant,,vdr-10363,DEV21128,Active,04-19-2024 07:25:32 AM,,manager939
EMP10982,eta.aurora77,Eta Aurora,Ops,Specialist,,WS-10982.corp.local,dev 90753,A,17/10/2022 23:36,NA,manager565
emp10182,gagan.edwin92,Gagan Edwin,Fin,Administrator,DATA CENTER,LPT-10182,,Working,07/11/2024 23:46,,manager780
EMP10985,maanas.nori15,Maanas Nori,Fin,Administrator,Data Center,LPT-10985,DEV92750,ACTIVE,2026/07/06,NA,
EMP 12089,,Yahvi Raghavan,hr dept,Specialist,Regional_Office,lpt-12089,,Live,01-Dec-2022 11:22:48,not available,manager641
emp11194,shivani.pal34,Shivani Pal,Research and Development,Administrator,Work_From_Home,WS_11194,dev 95235,Left,20-Jan-2021 03:35:28,NA,manager472
EMP12797,idika.badal3,Idika Badal,Sales,Specialist,Work_From_Home,VDR-12797,dev 81556,ACTIVE,2020-09-10T00:13:34,NA,
EMP11784,nandini.rajan36,Nandini Rajan,Customer Support,Specialist,data center,LPT-11784,dev44825,Active,21/08/2023 20:10,NA,
EMP11121,divya.narain73,Divya Narain,Compliance,Engineer,,VDR_11121,DEV-77571,Deactivated,20-Apr-2020 01:47:13,NA,
EMP10187,samar.khare6,Samar Khare,Sales,Analyst,Remote,WS_10187,DEV77552,Enabled,2024/08/14,not available,manager137
EMP-10619,qabil.dhaliwal53,Qabil Dhaliwal,Legal Dept,Consultant,Remote,LPT_10619,DEV-52039,Live,29/07/2025,not available,manager412
emp_12329,sara.puri61,Sara Puri,Business Sales,Consultant,Branch Office,LPT_12329,DEV39705,Live,2020/09/27,not available,manager135
emp11175,david.jayaraman10,David Jayaraman,R&D,Specialist,,LPT-11175,DEV13956,Enabled,2021-03-14 22:24:48,not available,  manager178  
EMP11182,ethan.madan49,Ethan Madan,Finance,Analyst,work from home,WS-11182,,Live,2022-04-18 14:39:40,not available,manager179
EMP12456,IRA.SHROFF38,Ira Shroff,Procurement,Officer,,WS-12456,,Active,2025-02-22 10:42:06,,manager755
emp_12268,,Krishna Parsa,SALES,Executive,,LPT-12268,,Terminated,11-05-2022 07:00:09 AM,NA,NA
emp_10614,radha.dash90,Radha Dash,sales dept,Executive,head office,VDR-10614,DEV-61495,OOO,27/05/2026,NA,manager616
EMP11513,vedika.mandal79,Vedika Mandal,RD,Analyst,REMOTE,WS-11513,DEV-88820,Enabled,2025/05/14,NA,manager619
EMP11466,eta.bajwa82,Eta Bajwa,Human Resources,Director,warehouse,,DEV-20323,Enabled,06-01-2025 06:51:19 AM,NA,manager532
EMP10401,bhavna.sandal34,Bhavna Sandal,sales dept,Administrator,WAREHOUSE,LPT-10401,,ACTIVE,,,manager784
emp_10994,GAURAV.KONDA64,Gaurav Konda,RD,Administrator,Warehouse,WS_10994,DEV-93637,Exited,2024/12/19,29-May-2025 07:22:50,manager307
EMP10934,  triveni.kohli19  ,Triveni Kohli,PURCH,Director,head office,WS-10934,DEV47156,ACTIVE,17-Apr-2026 01:04:17,NA,MANAGER225
EMP10371,oviya.wason29,Oviya Wason,finance dept,Engineer,work from home,WS-10371,DEV-58790,Live,25-Jun-2025 23:11:57,not available,MANAGER700
emp_12046,PUSHTI.MISRA35,Pushti Misra,Fin,Manager,Remote,LPT-12046,DEV14612,Live,2021-07-04 22:17:30,,manager730
emp12233,MANAN.APTE72,Manan Apte,Ops,Administrator,BRANCH OFFICE,VDR-12233,DEV-28461,DISABLED,09/06/2024,,unknown
EMP10593,christopher.mital34,Christopher Mital,Support,Consultant,Data_Center,LPT-10593,dev 93627,Working,1774776550,,manager119
EMP12034,  lohit.toor26  ,Lohit Toor,Accounts,Consultant,,VDR-12034,dev48556,Active,05-Feb-2022 05:40:39,NA,manager236
EMP10726,orinder.sanghvi74,Orinder Sanghvi,information tech,Officer,Regional_Office,ws-10726,,A,,,unknown
EMP10826,nihal.garde76,Nihal Garde,Information Technology,Executive,WORK FROM HOME,WS-10826,,D,19/12/2024 07:44,18-Apr-2026 21:25:50,manager199
11783,suhani.lanka71,Suhani Lanka,Legal Dept,Analyst,HEAD OFFICE,lpt-11783,dev 43398,Terminated,,NA,MANAGER940
EMP 10687,vaishnavi.dora76,Vaishnavi Dora,Legal,Director,Warehouse,WS-10687,,Active,06-21-2021 06:11:13 PM,,
emp_12283,veer.ramanathan96,Veer Ramanathan,hr dept,Manager,DATA CENTER,WS-12283,,Active,2021-09-01T19:55:39,,  manager789  
EMP10136,aishani.chanda55,Aishani Chanda,People Team,Trainee,Regional_Office,WS-10136,dev 19632,LEFT,27/09/2022 18:23,2023-01-07 19:12:33,manager739
emp_12754,brijesh.dube88,Brijesh Dube,Human Resource,Specialist,data center,LPT_12754,dev 32477,Deactivated,2023/06/15,,MANAGER643
EMP-10628,nathan_taneja72,Nathan Taneja,IT,Analyst,BRANCH OFFICE,VDR-10628,dev49967,Live,07/05/2023 06:00,,manager118
emp_10334,waida.arora17,Waida Arora,MKT,Executive,Work From Home,WS-10334,,Enabled,16/02/2022,,MANAGER780
EMP 10390,  girish.balakrishnan22  ,Girish Balakrishnan,People Team,Consultant,,LPT-10390,dev 44761,Enabled,2025-11-23 14:57:17,not available,manager362
EMP12381,lucky_sarkar95,Lucky Sarkar,Accounts,Analyst,Work_From_Home,LPT-12381.corp.local,,Active,28/06/2022 13:24,NA,manager516
emp11109,ekapad.murthy37,Ekapad Murthy,Call Center,Administrator,Warehouse,LPT-11109.corp.local,dev16286,Working,2026-05-24T23:42:28,NA,manager453
11849,  yochana.talwar9  ,Yochana Talwar,Information Technology,Analyst,work from home,WS-11849,dev61060,Enabled,26/03/2024 01:00,not available,manager507
emp12781,,Rachit Dugal,Information Technology,Consultant,Data Center,VDR-12781,dev27263,Resigned,21-Sep-2020 15:06:47,10-29-2023 01:51:21 AM,manager102
10710,hamsini.bassi31,Hamsini Bassi,R&D,Executive,Branch_Office,VDR-10710,dev55229,A,2022-04-01T10:45:24,NA,
EMP11039,vritti.khalsa6,Vritti Khalsa,customer care,Director,,WS-11039,dev13105,Working,2026-03-26 22:58:52,,manager348
EMP12737,kashish.raman24,Kashish Raman,Information Technology,Manager,data center,LPT-12737,dev 85743,LEFT,2025-10-01 18:35:36,not available,  manager296  
EMP12751,william.narang20,William Narang,customer care,Executive,WAREHOUSE,,dev82124,ACTIVE,2026-07-21T12:45:22,,manager406
emp12674,geetika.khurana37,Geetika Khurana,Ops,Analyst,branch office,WS-12674,DEV86139,Enabled,2024-09-18T09:52:01,not available,
emp11561,aradhana.sarraf50,Aradhana Sarraf,IT Support,Engineer,BRANCH OFFICE,,DEV-28737,ACTIVE,2022-01-08 21:50:25,,manager430
EMP12840,anmol.jaggi24,Anmol Jaggi,Call Center,Executive,REMOTE,LPT-12840,DEV-31478,DISABLED,30/11/2023 18:12,2026/06/10,
emp11594,vrinda.ganesan90,Vrinda Ganesan,Customer Support,Administrator,work from home,VDR-11594,dev80550,Live,04-05-2025 12:32:19 PM,NA,manager303
EMP12933,aarav.ben13,Aarav Ben,SALES,Administrator,,WS-12933,DEV-97509,Live,1765486733,,
emp12837,  amara.kade96  ,Amara Kade,Innovation,Trainee,Work From Home,VDR-12837,dev21626,Live,1643431862,not available,unknown
emp11112,  umang.raval82  ,Umang Raval,operations dept,Engineer,Regional_Office,VDR-11112,DEV-64820,A,1626988546,NA,manager462
EMP10465,chakradev.krishnan38,Chakradev Krishnan,Customer Support,Officer,Remote,vdr-10465,,Live,1621901920,,manager941
EMP11560,osha.nadig17,Osha Nadig,Ops Team,Director,REMOTE,vdr-11560,dev 29034,ACTIVE,04-16-2020 08:01:26 AM,,manager918
EMP11223,gauri.kannan81,Gauri Kannan,Mktg,Officer,Branch Office,WS-11223,DEV-36707,Enabled,20/03/2020,NA,manager743
12067,qarin.bhagat83,Qarin Bhagat,Research and Development,Executive,Head Office,WS-12067,dev 38189,Active,2026/02/06,NA,manager678
11359,gaurika.patla96,Gaurika Patla,Human Resources,Executive,Work From Home,LPT-11359,dev 66547,Enabled,02/06/2021 15:37,,NA
emp_12420,fitan.natarajan6,Fitan Natarajan,IT Dept,Administrator,,VDR-12420,,A,1619990272,not available,
emp_11508,qarin.prabhu95,Qarin Prabhu,Accounts,Engineer,Branch_Office,VDR-11508,DEV69777,Active,2025-03-07 12:35:58,not available,manager384
EMP11885,bhavika.kalla13,Bhavika Kalla,Purchase,Analyst,Head Office,WS-11885,DEV-15573,Working,26/01/2023 23:40,,manager209
EMP11104,jack.chacko10,Jack Chacko,Marketing,Engineer,regional office,WS-11104,DEV-83877,A,07-May-2024 22:47:38,not available,manager529
EMP10660,maanav.oak34,Maanav Oak,Customer Support,Specialist,,WS-10660,,Live,,,MANAGER747
EMP10338,kamya.chopra12,Kamya Chopra,Human Resource,Manager,Remote,ws-10338,DEV-49223,ACTIVE,2026/05/28,not available,
10215,anirudh.das28,Anirudh Das,procurement team,Consultant,head office,LPT-10215,DEV-46877,A,2025-07-25 17:09:51,NA,manager392
EMP-11615,akshay.maharaj13,Akshay Maharaj,FINANCE,Analyst,WAREHOUSE,LPT-11615,DEV10610,Active,2022-08-09 12:41:27,NA,MANAGER681
emp12040,warjas.ratta50,Warjas Ratta,Customer Support,Consultant,Head Office,,dev52000,Working,2026-07-29 15:17:56,NA,manager944
12592,saanvi_kalita43,Saanvi Kalita,sales team,Analyst,REMOTE,WS-12592,dev92040,LWP,2026-03-23 21:35:56,,manager965
emp12889,ekaja.d’alia3,Ekaja D’Alia,RnD,Engineer,work from home,,,ACTIVE,1603705667,not available,manager550
EMP11592,manthan.badal24,Manthan Badal,Legal Dept,Engineer,Remote,VDR-11592.corp.local,dev73627,Live,22/09/2023 02:25,,NA
EMP12118,diya.sidhu15,Diya Sidhu,information tech,Trainee,Warehouse,ws-12118,DEV97364,Enabled,2022-02-22 22:05:29,NA,manager866
EMP 11793,NATHAN.MALL50,Nathan Mall,Innovation,Engineer,BRANCH OFFICE,LPT_11793,dev20747,Enabled,11/10/2023 20:57,,manager856
EMP-12600,aarnav.kaul95,Aarnav Kaul,LEGAL,Officer,BRANCH OFFICE,LPT-12600.corp.local,,Live,2025-06-02 16:56:32,not available,  manager358  
EMP-10816,panini.sachdev98,Panini Sachdev,Supply Chain,Specialist,,VDR-10816.corp.local,dev 62459,Working,2025/09/02,not available,manager514
EMP-11067,ekta.ray68,Ekta Ray,Brand Team,Engineer,remote,WS_11067,dev91048,ACTIVE,2024-01-16T09:26:15,not available,manager776
emp12121,aishani.raja23,Aishani Raja,IT,Administrator,Warehouse,VDR-12121,,Live,2025-01-05T23:10:21,not available,manager950
EMP10274,liam.brar8,Liam Brar,CS,Analyst,work from home,LPT-10274,DEV97584,Live,,not available,manager962
EMP12315,laksh.sama59,Laksh Sama,SALES,Manager,Regional_Office,lpt-12315,dev 13930,ACTIVE,11-02-2025 03:08:17 AM,NA,manager607
emp_10865,SANYA.KALA89,Sanya Kala,Legal Dept,Engineer,,WS-10865,,A,,,manager670
EMP10101,karan.gill35,Karan Gill,LEGAL,Trainee,DATA CENTER,LPT_10101,,Live,1680804887,not available,MANAGER713
EMP-11501,bakhshi.swamy33,Bakhshi Swamy,SALES,Analyst,WORK FROM HOME,LPT-11501,dev 86445,Active,20-Dec-2024 03:42:08,,MANAGER472
EMP12833,ubika.dora89,Ubika Dora,RnD,Specialist,,ws-12833,DEV70323,A,03/04/2026 14:54,,manager758
EMP10171,bimala.nayar80,Bimala Nayar,Fin,Specialist,Data Center,LPT-10171,DEV31266,Working,2025-11-22 14:18:55,not available,unknown
10107,mekhala.gade57,Mekhala Gade,hr dept,Officer,Data Center,LPT-10107,dev 28894,Enabled,,not available,NA
EMP12697,damini.dara51,Damini Dara,Finance,Officer,branch office,LPT_12697,dev34060,Resigned,2020-01-27T18:57:56,10/08/2024,manager846
EMP11521,mohini.hegde96,Mohini Hegde,Operations,Trainee,Remote,WS-11521,DEV-83831,Active,,NA,manager513
emp_12724,MAX.WALI58,Max Wali,operations dept,Director,Remote,WS-12724,dev 71257,Working,19/04/2023,not available,unknown
EMP12270,ISAIAH.BHATTI12,Isaiah Bhatti,Accounts,Specialist,REGIONAL OFFICE,VDR-12270,DEV-65508,Live,2023/05/12,NA,MANAGER963
emp_12111,CHATRESH.KRISH60,Chatresh Krish,sales team,Consultant,Head Office,lpt-12111,DEV47712,ACTIVE,1720293921,,NA
EMP11878,qadim.puri38,Qadim Puri,information tech,Manager,HEAD OFFICE,WS-11878,,LWP,01-Mar-2021 09:27:23,not available,manager935
EMP12106,rachana.gokhale33,Rachana Gokhale,R&D,Director,Head Office,LPT-12106,DEV15783,Active,2026-07-17 16:29:36,,manager902
EMP12077,jai.dube97,Jai Dube,Human Resource,Executive,,WS-12077,dev 62052,Working,2026/03/05,NA,
emp_12322,ekavir_seshadri85,Ekavir Seshadri,IT,Analyst,Head_Office,LPT-12322.corp.local,dev73418,D,2021-07-07T14:10:05,2022-01-27T18:03:12,manager427
EMP-12412,william.swamy80,William Swamy,Finance,Director,DATA CENTER,VDR-12412,,ACTIVE,2025-01-31 02:10:39,not available,manager524
EMP12654,charvi.tella63,Charvi Tella,hr dept,Director,Branch Office,LPT-12654,DEV48604,Live,08-14-2024 03:34:47 PM,NA,MANAGER395
EMP11873,jasmit.badal96,Jasmit Badal,Business Sales,Trainee,Warehouse,WS-11873,dev60760,Live,20-Feb-2023 01:00:02,NA,manager142
EMP10295,eesha.parikh47,Eesha Parikh,Mktg,Engineer,regional office,vdr-10295,,Working,2021-08-30 13:07:56,,manager238
EMP-10712,manya.bhatti69,Manya Bhatti,sales dept,Director,regional office,VDR-10712,DEV-61127,Working,2021-03-26T23:09:21,NA,manager545
EMP10072,BHAVIKA.WAGLE62,Bhavika Wagle,R&D,Director,Work_From_Home,VDR-10072,dev87656,ACTIVE,2022/02/01,,
EMP11524,VEDA.SRINIVASAN95,Veda Srinivasan,Business Sales,Engineer,warehouse,VDR-11524,DEV67685,DISABLED,11-27-2020 10:09:49 PM,10/04/2022 07:47,manager591
EMP12341,vedhika.raj2,Vedhika Raj,hr dept,Engineer,WORK FROM HOME,ws-12341,,ACTIVE,2020-06-27 02:58:40,,manager393
emp12981,ekaraj.biswas85,Ekaraj Biswas,MKT,Director,Warehouse,WS-12981,DEV-75563,Working,04/02/2022 09:15,,manager126
EMP12971,ekansh.bhardwaj35,Ekansh Bhardwaj,Fin,Analyst,regional office,vdr-12971,DEV56741,A,,NA,manager786
EMP10481,charles.majumdar25,Charles Majumdar,Marketing,Trainee,Branch_Office,VDR-10481,DEV19760,Working,06-23-2021 11:06:14 PM,,MANAGER222
EMP12306,maanas.borde94,Maanas Borde,Legal Dept,Specialist,Regional_Office,WS-12306,DEV-75454,A,2023-11-10 01:45:10,not available,  manager829  
emp_11530,parth.pandey90,Parth Pandey,operations dept,Consultant,WORK FROM HOME,WS-11530,,A,1703552211,,manager470
EMP12632,rachita.mall3,Rachita Mall,People Team,Administrator,Data Center,WS-12632,dev44023,Working,28-Apr-2021 00:32:29,NA,manager939
EMP11514,dakshesh.chaudhari62,Dakshesh Chaudhari,Support,Administrator,Regional_Office,WS-11514,dev44629,LEFT,2022-02-12 16:25:34,25/05/2026 15:28,manager550
EMP12567,sara.borah1,Sara Borah,IT Dept,Analyst,head office,,dev 78025,ACTIVE,2022-06-25 06:02:35,,manager512
emp11762,bhavya.khanna18,Bhavya Khanna,hr dept,Analyst,,LPT-11762,,Working,09-02-2021 01:22:23 PM,not available,manager659
11490,advaith.shroff57,Advaith Shroff,SALES,Executive,Data Center,VDR-11490,dev 94066,A,,NA,
emp11171,SHRAVYA.KHALSA89,Shravya Khalsa,SALES,Manager,branch office,WS-11171,,ACTIVE,2020-02-23T07:08:37,not available,manager585
EMP12526,max.bassi73,Max Bassi,Fin,Executive,WAREHOUSE,VDR-12526.corp.local,dev46466,Left,2024-04-30 20:47:25,,NA
EMP12438,  panini.randhawa28  ,Panini Randhawa,RD,Director,REGIONAL OFFICE,LPT-12438,dev 76277,A,20-Dec-2020 07:47:25,NA,unknown
emp12619,upadhriti.kannan16,Upadhriti Kannan,Support,Engineer,DATA CENTER,WS-12619,dev39712,ACTIVE,1690371741,not available,MANAGER208
EMP11005,xalak.gill58,Xalak Gill,Call Center,Analyst,Remote,LPT-11005,dev 85695,Left,1659863141,NA,MANAGER929
EMP-12284,naksh.kala17,Naksh Kala,IT Dept,Executive,,VDR-12284,DEV-37244,Leave,05-10-2022 02:29:02 PM,,unknown
EMP10296,osha.kapur39,Osha Kapur,information tech,Director,Remote,VDR-10296,dev 59792,Blocked,,08-19-2024 06:56:50 PM,NA
emp_10405,nidhi.sankar58,Nidhi Sankar,Fin,Executive,branch office,LPT-10405,,ACTIVE,31/08/2020 11:34,not available,
EMP10757,gaurika.bains94,Gaurika Bains,Customer Support,Analyst,DATA CENTER,VDR-10757.corp.local,DEV-61684,Working,12-04-2025 10:15:01 AM,NA,
EMP12071,bhavna.deshpande74,Bhavna Deshpande,CS,Engineer,Remote,vdr-12071,DEV-50378,Working,14/01/2021 12:39,NA,manager760
emp_12252,advay.ray64,Advay Ray,Human Resources,Trainee,Regional Office,LPT_12252,,Live,2024/09/07,NA,
11999,udant.dyal3,Udant Dyal,Innovation,Trainee,Data Center,VDR-11999,DEV-46896,Enabled,2020-06-29 18:21:50,not available,  manager559  
EMP10097,advik.raj99,Advik Raj,LEGAL,Officer,,LPT-10097,DEV-96200,Exited,06/12/2023 07:27,22/09/2024,manager737
emp11333,meera.sule49,Meera Sule,Legal,Trainee,Head_Office,,DEV-36965,Working,12-Aug-2025 07:37:34,NA,manager153
emp_12461,nachiket.ganguly96,Nachiket Ganguly,HR,Officer,,WS-12461,dev41006,Active,1697848436,not available,NA
EMP10743,yashodhara.dugar79,Yashodhara Dugar,IT Support,Specialist,branch office,vdr-10743,dev 75521,Working,30-Sep-2020 11:20:08,NA,MANAGER901
EMP10806,daniel.nadkarni96,Daniel Nadkarni,Marketing,Specialist,remote,ws-10806,DEV-31044,D,2026/03/13,06-19-2026 01:58:39 PM,
EMP12748,nisha.babu33,Nisha Babu,Procurement,Executive,WORK FROM HOME,VDR-12748,,ACTIVE,1578232125,,manager559
EMP12020,wyatt.sharaf97,Wyatt Sharaf,procurement team,Analyst,Warehouse,VDR-12020,,Working,2022-04-14T06:06:52,not available,manager738
emp_12576,gavin.devi25,Gavin Devi,Brand Team,Analyst,Head Office,WS_12576,DEV-36667,A,1642039450,,manager520
EMP-11535,dhriti.shere97,Dhriti Shere,HR,Director,work from home,WS-11535,dev71042,Enabled,14/04/2026 19:06,,manager438
EMP12114,omkaar.srinivasan33,Omkaar Srinivasan,R&D,Analyst,Branch Office,LPT-12114,dev83565,ACTIVE,10/09/2021 03:53,NA,
EMP12172,dominic.bose12,Dominic Bose,Ops,Officer,Work From Home,ws-12172,DEV79914,DISABLED,09/06/2025 14:27,2025/07/26,manager649
EMP-12415,naveen_tara18,Naveen Tara,information tech,Consultant,WAREHOUSE,VDR-12415,dev 30665,Active,07/06/2022 01:35,NA,manager430
EMP10148,ria.ramakrishnan80,Ria Ramakrishnan,information tech,Manager,Remote,WS-10148,dev 96761,Working,1740797524,,  manager379  
EMP12154,AADI.SIDHU81,Aadi Sidhu,information tech,Officer,Warehouse,vdr-12154,,Resigned,12-05-2023 12:42:57 PM,07-18-2024 11:51:53 AM,manager181
EMP12117,timothy.yadav52,Timothy Yadav,legal,Director,head office,WS-12117,dev53297,A,18/03/2020 11:10,NA,unknown
EMP12831,chatresh_nagi33,Chatresh Nagi,Marketing,Manager,,LPT-12831,DEV87428,Live,2023/10/06,,manager157
emp_11315,yash.choudhary70,Yash Choudhary,Ops Team,Analyst,Branch Office,WS-11315.corp.local,dev42949,Active,,not available,manager992
EMP 10692,nitara_shukla26,Nitara Shukla,Sales,Consultant,remote,VDR-10692,dev 99071,Live,,NA,manager452
EMP10818,rayaan_tiwari18,Rayaan Tiwari,information tech,Manager,REGIONAL OFFICE,LPT-10818,dev18942,Live,03-24-2020 02:32:28 AM,not available,unknown
EMP-11728,rushil.bassi10,Rushil Bassi,marketing dept,Director,regional office,LPT-11728,DEV-48989,Live,2021-01-08 01:33:15,NA,manager369
EMP-11386,manthan.rajagopal79,Manthan Rajagopal,Ops Team,Executive,Warehouse,VDR-11386,DEV-12610,ON_LEAVE,2020-03-06 14:38:57,,NA
EMP12353,,Veda Sidhu,Sales,Specialist,,VDR-12353,dev50470,Working,15-Feb-2025 06:26:52,,manager888
EMP12120,sachi.brar91,Sachi Brar,Brand Team,Specialist,Head_Office,WS-12120,DEV42675,Working,07-Jan-2026 20:05:32,not available,manager903
EMP11599,hardik.krishnan79,Hardik Krishnan,R&D,Trainee,DATA CENTER,VDR-11599,DEV82250,Leave,1629440593,NA,
emp12663,zansi.master45,Zansi Master,PURCH,Specialist,Work_From_Home,VDR-12663.corp.local,dev 52604,ACTIVE,1739870655,,manager719
EMP 12531,  vincent.bora29  ,Vincent Bora,Business Sales,Engineer,,ws-12531,,A,2022-02-19 01:03:12,,manager834
emp_10701,keya.apte48,Keya Apte,Human Resource,Specialist,Data_Center,vdr-10701,DEV20494,Active,2026/03/22,,  manager979  
12894,yashawini.saran22,Yashawini Saran,Legal Dept,Analyst,,VDR_12894,DEV57263,Live,2023-03-16 12:03:33,NA,MANAGER874
emp12738,devika.bhargava75,Devika Bhargava,PURCH,Executive,WORK FROM HOME,VDR-12738,dev 90702,Enabled,26/10/2024,,unknown
EMP10921,arunima.dhingra17,Arunima Dhingra,Support,Officer,Remote,LPT-10921,dev 22166,ACTIVE,,,
EMP 11424,parth.maharaj81,Parth Maharaj,R&D,Trainee,Branch Office,WS-11424,dev94875,Live,2020/11/18,not available,  manager129  
EMP11708,rachita_nath49,Rachita Nath,CS,Analyst,Regional Office,WS-11708,,Enabled,07-Jul-2021 00:31:30,,manager956
emp_10905,,Widisha Garg,Finance,Executive,Branch Office,LPT-10905,dev89396,Active,07-16-2023 10:02:31 AM,not available,NA
EMP10454,udyati.rastogi46,Udyati Rastogi,Purchase,Analyst,Work From Home,VDR-10454,dev 27125,Live,2024-02-25T13:04:21,,manager521
EMP12147,odika.mistry80,Odika Mistry,Human Resources,Manager,REMOTE,LPT-12147,DEV-38108,Leave,16/12/2020 21:52,NA,manager874
EMP 12883,anvi.khosla18,Anvi Khosla,marketing dept,Consultant,Branch Office,VDR-12883,dev45222,Live,2023/01/31,not available,manager376
EMP 12376,max.agate4,Max Agate,Accounts,Consultant,Head_Office,LPT-12376,DEV25046,Live,2023-12-04 17:46:01,,manager502
emp_11886,bhavya.sura34,Bhavya Sura,FINANCE,Specialist,WAREHOUSE,LPT-11886,DEV20749,Live,29-Jul-2021 04:14:02,not available,  manager682  
10167,kamala.babu40,Kamala Babu,Legal Dept,Executive,warehouse,vdr-10167,DEV-21104,ACTIVE,03-16-2023 07:14:41 AM,not available,manager436
EMP10730,omkaar.balakrishnan85,Omkaar Balakrishnan,sales dept,Administrator,regional office,ws-10730,DEV23994,Working,2023-01-21 04:27:02,not available,manager747
EMP12226,UDANT.PALLA36,Udant Palla,IT,Analyst,Head_Office,WS-12226,,Active,24-May-2024 08:42:07,,manager805
EMP11310,ganga.joshi21,Ganga Joshi,Legal,Officer,work from home,LPT-11310,dev21274,Working,05-08-2025 02:15:49 PM,,
emp12370,robert.de76,Robert De,Ops,Officer,DATA CENTER,LPT-12370,DEV-89356,Working,1772062210,not available,
EMP10026,HEMANG.PANDYA70,Hemang Pandya,IT Dept,Manager,work from home,LPT_10026,dev 31798,A,04/02/2024 12:41,not available,manager510
emp12054,amara.sur40,Amara Sur,Ops Team,Engineer,WAREHOUSE,VDR_12054,dev40420,A,,NA,manager998
EMP11652,,Omaja Gala,legal,Executive,,VDR-11652,DEV36989,A,01-22-2026 10:33:04 PM,,MANAGER299
EMP11622,abhiram.issac85,Abhiram Issac,PURCH,Manager,Work From Home,VDR_11622,,Active,22-Sep-2022 22:10:06,NA,NA
emp_10587,janani.padmanabhan32,Janani Padmanabhan,Information Technology,Analyst,,VDR_10587,DEV72294,Active,26/04/2021 13:02,,manager191
emp_11401,oviya.bahl97,Oviya Bahl,Call Center,Trainee,warehouse,ws-11401,DEV51027,LWP,2022/01/02,not available,manager825
EMP10997,vrishti_bhandari80,Vrishti Bhandari,Ops Team,Director,data center,WS-10997,dev66689,Live,2024-03-25 19:29:58,NA,manager491
EMP11176,saanvi.dass2,Saanvi Dass,procurement team,Director,branch office,LPT_11176,DEV71573,A,05-13-2026 06:54:37 AM,NA,manager406
EMP11700,bahadurjit.ratta50,Bahadurjit Ratta,Business Sales,Administrator,Regional Office,LPT-11700,DEV57681,D,02/07/2020,27-May-2022 05:52:57,manager435
EMP-11040,aarav.suri27,Aarav Suri,Customer Support,Analyst,,LPT-11040.corp.local,DEV-39156,Enabled,2023-03-31 05:39:07,,manager287
EMP 10033,ekanta.chadha10,Ekanta Chadha,IT Dept,Trainee,,VDR-10033,DEV-23104,ACTIVE,24/10/2021 05:56,NA,  manager235  
EMP-11927,LABAN.VERMA70,Laban Verma,Human Resources,Engineer,warehouse,VDR-11927,dev20953,Live,2024-07-28 03:51:41,NA,MANAGER367
EMP 12440,nisha.kari14,Nisha Kari,information tech,Manager,,LPT-12440,dev97008,Active,2021-05-02 07:40:44,not available,manager331
emp11379,victor.manne39,Victor Manne,Business Sales,Administrator,Regional Office,WS_11379,dev74254,D,,08-24-2025 05:13:04 PM,MANAGER198
emp10041,,Faris Randhawa,Purchase,Executive,Branch_Office,LPT-10041,dev33206,Resigned,2020-03-18T00:12:19,14-Jan-2023 01:44:55,unknown
EMP11876,yochana.sinha99,Yochana Sinha,hr dept,Specialist,,WS-11876,DEV74794,Live,,not available,manager448
emp_12176,theodore.chander22,Theodore Chander,IT Support,Engineer,Warehouse,,DEV39990,Enabled,2024/01/27,NA,manager540
EMP12257,hritik.deo84,Hritik Deo,Ops,Specialist,Warehouse,LPT-12257.corp.local,DEV-81492,Active,2026/06/19,not available,unknown
EMP12686,tara.muni30,Tara Muni,Operations,Consultant,,WS-12686.corp.local,dev22332,ACTIVE,2026-02-14 07:49:50,,unknown
EMP 12229,kritika.chakraborty12,Kritika Chakraborty,People Team,Specialist,REMOTE,LPT-12229,dev 90008,Enabled,12/12/2023 01:03,,NA
EMP12099,OMAJA.KAPUR20,Omaja Kapur,IT Dept,Executive,,LPT-12099,,A,1742723588,NA,manager336
EMP 11909,kashvi.bhagat73,Kashvi Bhagat,Accounts,Engineer,data center,LPT-11909,DEV-36864,Live,20/07/2024,,NA
EMP10609,bhavya.oza34,Bhavya Oza,OPERATIONS,Specialist,branch office,LPT-10609,,Deactivated,2020-10-12T12:56:33,2025-08-15T13:29:57,NA
EMP 11132,yug.om34,Yug Om,sales dept,Director,Branch Office,WS_11132,dev 23508,A,,not available,manager293
10028,siddharth.patil20,Siddharth Patil,sales team,Administrator,BRANCH OFFICE,LPT-10028,dev 85914,Working,08-Jul-2020 09:19:32,,manager158
emp10441,utkarsh.dass49,Utkarsh Dass,Marketing,Officer,Warehouse,LPT-10441,dev 87846,Leave,2025/08/18,,manager956
EMP-10665,daksh.kalita23,Daksh Kalita,sales dept,Consultant,,WS-10665,,ACTIVE,1705209544,not available,NA
EMP12228,falguni.thaman99,Falguni Thaman,Ops Team,Analyst,data center,LPT-12228,dev 17722,Blocked,13-Oct-2024 11:55:40,21-May-2026 09:56:54,NA
EMP10493,radha.rana10,Radha Rana,IT Dept,Executive,,ws-10493,dev83149,ACTIVE,2021-12-08 06:29:18,not available,NA
EMP11258,vinaya.barad66,Vinaya Barad,Business Sales,Director,,LPT-11258,dev 46416,A,2025/11/02,NA,  manager990  
EMP 11301,kabir.tandon59,Kabir Tandon,Brand Team,Analyst,BRANCH OFFICE,WS-11301,,Blocked,2024-04-12 09:43:51,07-Jul-2026 01:13:27,manager164
EMP12956,chanchal_sandal62,Chanchal Sandal,Customer Support,Director,Branch_Office,VDR-12956.corp.local,DEV-23616,Terminated,15-Feb-2020 22:14:10,1729042594,manager567
emp12437,REVA.NANDA32,Reva Nanda,SALES,Executive,Work From Home,VDR-12437.corp.local,dev37106,Terminated,2024-04-07 10:07:50,11-27-2025 01:33:41 AM,manager308
emp_11382,  ishanvi.ravel63  ,Ishanvi Ravel,procurement team,Director,regional office,lpt-11382,dev13796,A,,,manager971
EMP11304,amruta.parsa74,Amruta Parsa,Support,Officer,Remote,LPT-11304,,Active,1733723904,,MANAGER732
emp_10236,,Hiral Yadav,RD,Engineer,work from home,WS-10236,,Active,2020-07-02 19:28:55,NA,
EMP10551,azad.swamy68,Azad Swamy,Compliance,Trainee,Warehouse,LPT-10551,DEV-75860,Working,2025-11-02 09:07:06,not available,unknown
EMP 10520,diya.tandon19,Diya Tandon,IT,Executive,Remote,LPT-10520,,OOO,1738725608,NA,
EMP12285,fariq.koshy90,Fariq Koshy,FINANCE,Engineer,,LPT-12285,DEV27115,Working,27/03/2024 07:35,NA,manager230
emp_11232,gaurangi.mistry16,Gaurangi Mistry,sales team,Specialist,Head_Office,VDR-11232,DEV13019,ACTIVE,22-Jun-2026 05:21:47,,  manager987  
EMP11138,pooja.bassi47,Pooja Bassi,operations dept,Administrator,Head Office,LPT-11138,,Live,,NA,unknown
EMP 11905,mahika.srinivas54,Mahika Srinivas,Purchase,Consultant,Head_Office,,dev 35351,A,,,manager882
EMP10720,victor.chaudhuri10,Victor Chaudhuri,RD,Administrator,work from home,WS-10720,DEV97500,A,2022-10-01 18:45:34,NA,  manager899  
EMP10735,chatresh.murthy80,Chatresh Murthy,information tech,Engineer,,VDR-10735,dev 27109,Working,2025-05-19T14:39:26,,manager414
emp12779,tanveer_bahri84,Tanveer Bahri,finance dept,Analyst,WAREHOUSE,LPT-12779,,ACTIVE,2021-12-22T04:40:53,NA,manager596
EMP11750,gaurika.sachdev76,Gaurika Sachdev,PURCH,Consultant,REGIONAL OFFICE,WS-11750,DEV13581,Live,2024-02-23 10:47:13,NA,NA
EMP10058,ishanvi.chakraborty35,Ishanvi Chakraborty,Ops Team,Consultant,Warehouse,LPT-10058,,Enabled,,NA,manager823
10631,wishi.handa94,Wishi Handa,LEGAL,Officer,Regional_Office,VDR-10631,DEV91988,A,20/07/2023 14:37,not available,MANAGER256
11181,IRA.KORPAL96,Ira Korpal,Support,Specialist,work from home,LPT-11181,dev 71398,Enabled,2025-07-20T20:50:08,,manager947
EMP 12271,unnati.hegde31,Unnati Hegde,Legal,Executive,work from home,LPT-12271,dev 28542,Live,2023-01-03 23:30:27,not available,manager179
EMP10592,  upma.oommen45  ,Upma Oommen,Ops Team,Trainee,REMOTE,vdr-10592,DEV82682,Working,,NA,manager402
11303,vaishnavi.khanna18,Vaishnavi Khanna,Brand Team,Administrator,Data_Center,lpt-11303,,Working,2024/01/05,NA,MANAGER284
EMP-11387,ETHAN.SHANKER12,Ethan Shanker,Operations,Consultant,Work_From_Home,VDR_11387,,A,30/05/2024 09:16,NA,manager648
EMP-12696,gaurang.rao47,Gaurang Rao,Mktg,Engineer,WORK FROM HOME,VDR-12696,dev 51796,Enabled,2020-09-06 00:38:53,NA,NA
EMP12712,dayita.char97,Dayita Char,IT Support,Director,Work_From_Home,VDR-12712,dev 37319,Disabled,02-20-2025 07:42:56 PM,20/06/2026 05:52,NA
emp_11964,  priya.lad10  ,Priya Lad,hr dept,Officer,Regional_Office,VDR-11964,dev47596,Enabled,26/06/2022 23:15,,  manager506  
emp12297,bhanumati.anand88,Bhanumati Anand,MKT,Specialist,Work_From_Home,LPT-12297,DEV39454,Enabled,2022/12/04,not available,manager762
emp_10939,karan.mutti81,Karan Mutti,Marketing,Officer,Regional Office,LPT-10939,DEV-94399,ACTIVE,2021-08-20T20:22:36,,
EMP12873,anusha.sengupta42,Anusha Sengupta,Ops,Consultant,Data Center,ws-12873,DEV23090,LWP,18/06/2021,NA,  manager541  
EMP11249,abhiram.date18,Abhiram Date,hr dept,Consultant,,VDR-11249,dev67105,Enabled,2020/09/30,NA,manager931
EMP 10904,TIMOTHY.SUR54,Timothy Sur,OPERATIONS,Trainee,Work_From_Home,lpt-10904,DEV91506,Enabled,15-Nov-2025 22:08:31,,manager783
emp_12622,bimala.kuruvilla18,Bimala Kuruvilla,sales dept,Director,,,,ACTIVE,,not available,
EMP11279,balhaar.dhar20,Balhaar Dhar,Customer Support,Administrator,Warehouse,VDR-11279,dev97073,A,2024/02/21,,manager918
EMP12474,yutika.borde37,Yutika Borde,OPERATIONS,Consultant,Branch_Office,LPT-12474,DEV-31787,ACTIVE,2025-01-25T11:54:50,NA,manager858
EMP 12965,ijaya_narasimhan36,Ijaya Narasimhan,IT,Analyst,Remote,lpt-12965,DEV86953,A,08-27-2025 02:00:22 PM,NA,manager481
EMP12419,  ekta.bath4  ,Ekta Bath,Customer Support,Consultant,HEAD OFFICE,lpt-12419,,ACTIVE,23/11/2021,,manager878
EMP12459,  amaira.dani33  ,Amaira Dani,Operations,Officer,Head Office,LPT-12459,DEV-10071,A,1722691006,,manager294
12539,udarsh.kannan50,Udarsh Kannan,Marketing,Specialist,Data_Center,LPT-12539,DEV-34029,A,1598809291,not available,NA
EMP 11142,vasatika.sidhu93,Vasatika Sidhu,R&D,Engineer,Warehouse,VDR-11142,DEV-30142,Enabled,2021-08-18 14:41:23,not available,manager828
EMP-12453,joshua.mohanty72,Joshua Mohanty,OPERATIONS,Specialist,work from home,VDR-12453,dev 47254,A,21/08/2020,not available,NA
emp_10706,aditya.bail38,Aditya Bail,procurement team,Analyst,Remote,WS-10706,DEV-20814,Live,1598469354,,NA
EMP12723,  tripti.datta67  ,Tripti Datta,Mktg,Administrator,Branch_Office,ws-12723,dev16714,A,,NA,manager870
EMP11022,faris.mander25,Faris Mander,Legal Dept,Analyst,head office,WS-11022,,Enabled,28/02/2021 00:43,,manager866
EMP10745,lopa.bali80,Lopa Bali,Operations,Officer,warehouse,LPT-10745,DEV70845,Live,,not available,  manager154  
EMP11546,aachal.chand47,Aachal Chand,Innovation,Administrator,Warehouse,LPT-11546,DEV69893,A,2023-03-26T17:01:33,NA,
EMP12429,meera.bains79,Meera Bains,MKT,Officer,BRANCH OFFICE,LPT-12429,DEV46884,Active,06-May-2024 20:52:45,,NA
EMP12110,  sai.srinivas91  ,Sai Srinivas,information tech,Trainee,,,,Working,08-Nov-2023 07:22:45,not available,manager155
EMP12013,faris.bhandari30,Faris Bhandari,Call Center,Engineer,HEAD OFFICE,vdr-12013,DEV33228,Active,1663317825,,manager446
10513,ekanta.sengupta27,Ekanta Sengupta,Call Center,Consultant,DATA CENTER,WS-10513,dev69591,LEFT,1588548634,,
EMP10081,yamini.solanki69,Yamini Solanki,Accounts,Administrator,,lpt-10081,dev 82529,Enabled,2021/01/27,not available,MANAGER870
EMP12743,  nidra.nanda73  ,Nidra Nanda,procurement team,Director,Data Center,LPT-12743,,A,2020-07-16T07:36:15,NA,manager939
EMP11308,,Turvi Yohannan,Purchase,Analyst,branch office,WS-11308,dev24111,A,19/03/2023,not available,  manager752  
EMP12571,GAURIKA.THAKKAR87,Gaurika Thakkar,customer care,Specialist,regional office,WS-12571,dev 90973,Live,,,manager850
EMP10914,ayushman.parsa54,Ayushman Parsa,operations dept,Engineer,,VDR-10914.corp.local,,Deactivated,04/03/2021,09/09/2024,NA
EMP11404,siya.baria68,Siya Baria,Research and Development,Executive,REGIONAL OFFICE,VDR_11404,DEV-64807,Live,2022/07/10,not available,manager401
EMP11647,simon.kapoor61,Simon Kapoor,Supply Chain,Director,remote,VDR_11647,DEV90746,ACTIVE,2026/05/13,not available,manager602
EMP12843,shivani.bhattacharyya1,Shivani Bhattacharyya,HR,Director,warehouse,LPT-12843,dev 39878,ACTIVE,,NA,manager400
emp11108,urvashi.palan16,Urvashi Palan,FINANCE,Officer,,WS_11108,DEV87178,D,2024-03-01T04:36:33,2025-08-25T04:33:06,manager986
EMP10150,  matthew.chatterjee86  ,Matthew Chatterjee,marketing dept,Analyst,Branch_Office,WS-10150,DEV-88554,Live,09-27-2021 02:53:35 AM,not available,manager316
EMP 12809,  saanvi.prabhu62  ,Saanvi Prabhu,marketing dept,Consultant,regional office,WS-12809,DEV-48832,ACTIVE,09/12/2025,NA,
EMP 10774,raagini.khanna7,Raagini Khanna,finance dept,Consultant,remote,ws-10774,dev31805,Enabled,2021/05/14,not available,manager392
emp_10329,ucchal_dey82,Ucchal Dey,Human Resource,Director,WAREHOUSE,VDR-10329,,Active,20/02/2023 15:56,NA,manager599
EMP10006,ekta.kuruvilla30,Ekta Kuruvilla,Mktg,Manager,Work_From_Home,LPT-10006,DEV23238,Active,2023-11-09 16:43:21,NA,manager473
emp10943,vasudha.mital3,Vasudha Mital,Ops,Director,Branch Office,WS-10943,DEV13153,DISABLED,13/09/2022 01:44,01/02/2023 11:24,manager201
EMP10822,jackson.kapur57,Jackson Kapur,RD,Analyst,HEAD OFFICE,LPT-10822,,Enabled,07-30-2022 12:38:27 PM,not available,
emp_10734,JASON.SANGHA69,Jason Sangha,finance dept,Specialist,,LPT-10734,,Active,2024/02/27,,manager582
EMP-10909,yahvi.gokhale89,Yahvi Gokhale,CS,Specialist,regional office,LPT-10909,DEV16608,Resigned,22/09/2023 06:43,03-12-2024 02:31:36 PM,unknown
10468,  inaya.vala59  ,Inaya Vala,Supply Chain,Officer,BRANCH OFFICE,,DEV-10568,A,,NA,manager543
EMP10181,tamanna.banik80,Tamanna Banik,RD,Manager,Head Office,WS-10181,,A,1747475912,,  manager347  
EMP10164,kiaan.sharma57,Kiaan Sharma,Innovation,Officer,WAREHOUSE,vdr-10164,,ACTIVE,,not available,manager893
EMP11523,urvi.d’alia26,Urvi D’Alia,SALES,Administrator,REMOTE,WS-11523,dev 13103,ACTIVE,04-03-2023 02:16:59 AM,,manager673
EMP-10451,ishanvi.karpe12,Ishanvi Karpe,operations dept,Consultant,Branch Office,LPT-10451,dev 62530,Active,1700387971,,manager494
EMP 12332,SHRAVYA.MAND51,Shravya Mand,People Team,Consultant,Regional_Office,,DEV-39132,Exited,30-Sep-2024 12:03:44,1770118679,unknown
EMP10490,rajata.wason25,Rajata Wason,Operations,Officer,,lpt-10490,dev 31940,OOO,2026-07-30T14:48:28,NA,manager107
EMP10813,EKARAJ.ANAND61,Ekaraj Anand,Ops Team,Executive,Head_Office,VDR-10813,dev74441,ACTIVE,2023/05/16,NA,manager774
EMP11143,vidhi.zacharia33,Vidhi Zacharia,CS,Consultant,REMOTE,WS-11143,DEV92557,Enabled,16/09/2023,,manager529
EMP11311,balvan.jani13,Balvan Jani,sales dept,Analyst,,LPT-11311.corp.local,,Enabled,21/06/2023 16:43,,manager985
EMP12313,advay.zacharia37,Advay Zacharia,information tech,Administrator,regional office,VDR-12313,dev 86483,Live,1620092075,,NA
EMP11111,ANAMIKA.NAGARAJAN92,Anamika Nagarajan,Accounts,Executive,Branch Office,WS-11111,dev 84391,Enabled,13-Jun-2020 05:52:19,not available,unknown
EMP10746,  oviya.acharya25  ,Oviya Acharya,People Team,Executive,,WS-10746,,A,13/09/2025 01:27,NA,unknown
EMP11826,rohan.dasgupta6,Rohan Dasgupta,MKT,Analyst,,LPT-11826,dev64837,Active,2023/07/21,,NA
EMP11441,qabil.kumar24,Qabil Kumar,Operations,Administrator,branch office,WS_11441,DEV81667,A,1583675262,,manager731
EMP12012,CHAKRADHAR.KOSHY22,Chakradhar Koshy,Procurement,Officer,,VDR-12012.corp.local,,Disabled,1762192697,2026/02/02,unknown
emp_11006,raksha.khanna85,Raksha Khanna,Operations,Consultant,BRANCH OFFICE,ws-11006,DEV-65799,Working,2023-06-07 05:21:04,not available,unknown
EMP11627,anthony.chadha70,Anthony Chadha,FINANCE,Consultant,Regional_Office,LPT-11627,dev 80030,Working,,,manager460
EMP11632,  wridesh.thakur86  ,Wridesh Thakur,Brand Team,Director,,VDR-11632.corp.local,DEV-92076,Active,2025-07-22 20:17:22,,manager379
EMP11074,guneet.uppal16,Guneet Uppal,FINANCE,Officer,regional office,VDR-11074,dev 74482,Live,2025-11-19 07:11:41,not available,manager329
10578,janaki.halder15,Janaki Halder,Research and Development,Specialist,Data_Center,WS-10578,dev91625,Active,1663908944,,manager150
12168,balendra.taneja17,Balendra Taneja,FINANCE,Director,REMOTE,,DEV-47904,A,05-16-2023 08:27:57 PM,NA,manager718
12417,harinakshi.loyal52,Harinakshi Loyal,sales dept,Director,BRANCH OFFICE,WS-12417,dev 97605,ACTIVE,2021-04-23T23:41:52,NA,manager276
EMP 12335,ijaya.pandey20,Ijaya Pandey,finance dept,Executive,REGIONAL OFFICE,,dev 12213,Live,2026-06-01 18:44:52,NA,manager359
emp_12374,indali.hari48,Indali Hari,Operations,Trainee,,,DEV-27289,DISABLED,2021-01-25 09:57:33,2021-02-25 23:35:30,manager384
emp_10327,tanish.setty8,Tanish Setty,MKT,Executive,REGIONAL OFFICE,LPT-10327,dev42725,Enabled,27/09/2022,,
EMP11790,amrita.shah50,Amrita Shah,sales dept,Officer,,LPT-11790.corp.local,dev31023,Working,04-19-2026 12:24:32 PM,NA,manager376
emp_10442,darpan.kapur3,Darpan Kapur,IT Support,Manager,Data_Center,WS_10442,dev 59840,A,24-Feb-2022 05:31:59,NA,manager256
EMP11858,robert.raj78,Robert Raj,procurement team,Engineer,Remote,VDR-11858,dev 39215,ACTIVE,07-21-2022 10:41:10 PM,NA,unknown
EMP12238,CHATURA.SAHNI94,Chatura Sahni,Ops Team,Trainee,REMOTE,VDR-12238,,Working,04-15-2021 08:00:15 AM,,manager161
emp10312,urmi.bansal9,Urmi Bansal,Supply Chain,Manager,Work From Home,VDR-10312,dev34505,Enabled,2021-09-04T06:55:23,,manager368
emp10832,irya.memon10,Irya Memon,CS,Engineer,remote,ws-10832,dev16230,Live,16/11/2024,not available,manager331
EMP12446,aradhana.saha89,Aradhana Saha,Human Resource,Consultant,warehouse,WS-12446,dev 85963,Blocked,2025-06-21 12:18:31,08/02/2026,manager609
emp12170,RACHANA.CHANA38,Rachana Chana,FINANCE,Trainee,data center,WS-12170,,Active,31/05/2023 14:19,,  manager423  
EMP11414,maanav.grover86,Maanav Grover,Research and Development,Engineer,Branch Office,LPT-11414,dev 40386,Leave,,not available,NA
EMP11201,pooja.bava61,Pooja Bava,finance dept,Engineer,,VDR-11201.corp.local,DEV-14105,On Leave,27/03/2023 12:05,NA,manager927
EMP12514,krisha.iyengar8,Krisha Iyengar,information tech,Consultant,Warehouse,,dev66387,A,2025-05-20T06:08:28,NA,
EMP11499,mekhala.oommen73,Mekhala Oommen,Ops Team,Administrator,Remote,VDR-11499,dev30749,Live,04/08/2022 19:09,not available,manager550
EMP12010,rudra.pal95,Rudra Pal,RnD,Officer,BRANCH OFFICE,LPT-12010,dev 19853,Enabled,05-16-2021 04:35:35 PM,NA,manager999
EMP10086,qarin.gulati40,Qarin Gulati,Purchase,Specialist,HEAD OFFICE,VDR-10086,dev23006,Resigned,,07/01/2024 19:14,MANAGER260
EMP11403,  raksha.saxena21  ,Raksha Saxena,Customer Support,Manager,Branch Office,LPT-11403.corp.local,DEV67357,L,19/12/2020 03:26,1722213954,MANAGER741
EMP10644,janani.rajagopalan6,Janani Rajagopalan,Call Center,Director,Warehouse,vdr-10644,dev16461,Live,2023-09-27T15:30:44,not available,manager411
EMP 12481,samaksh.dey30,Samaksh Dey,operations dept,Engineer,Remote,LPT-12481,DEV49002,Active,2024/07/01,,manager973
emp_12002,ria.jain34,Ria Jain,Information Technology,Director,Warehouse,VDR-12002,,Active,29/08/2021 16:16,NA,MANAGER564
emp11481,ikshita.roy54,Ikshita Roy,Procurement,Administrator,remote,ws-11481,dev92611,Working,1762210049,NA,unknown
emp10777,ekanta.bumb70,Ekanta Bumb,finance dept,Officer,remote,LPT_10777,DEV-13266,Active,2024-03-31T15:13:26,,unknown
emp_10799,baljiwan.raju72,Baljiwan Raju,Purchase,Officer,WORK FROM HOME,VDR-10799,DEV-82235,Live,12-20-2020 01:58:32 AM,,manager178
EMP11666,jai.purohit86,Jai Purohit,SALES,Consultant,Remote,VDR-11666,dev20888,A,17/03/2024 03:13,not available,manager704
emp11894,hema.grover90,Hema Grover,Information Technology,Director,,WS-11894.corp.local,DEV-37044,ACTIVE,2021-04-01 16:11:10,,manager904
EMP10054,aradhana.bahl32,Aradhana Bahl,Accounts,Analyst,WORK FROM HOME,LPT-10054,DEV-65724,ACTIVE,02/12/2025,NA,manager151
EMP12483,aarna.virk59,Aarna Virk,sales team,Administrator,Remote,VDR-12483,DEV-36630,Active,19-Dec-2021 20:02:56,,  manager647  
EMP11287,zansi.boase65,Zansi Boase,Operations,Trainee,Remote,WS-11287,dev 71151,Enabled,28-Jun-2023 15:06:00,NA,manager672
EMP 11920,  gautam.keer69  ,Gautam Keer,Finance,Director,head office,LPT-11920,DEV30648,Enabled,22/04/2021,,  manager545  
EMP-11667,inaya.nagy54,Inaya Nagy,Accounts,Consultant,,WS-11667,DEV-35168,A,04-Jun-2024 22:11:35,,NA
EMP 12665,urvi.dua16,Urvi Dua,legal,Engineer,REMOTE,vdr-12665,,Live,27/07/2026 18:37,,manager539
EMP 12222,nidra.garde65,Nidra Garde,Accounts,Analyst,Work_From_Home,VDR-12222,DEV28551,A,14-Feb-2023 18:05:43,NA,manager100
EMP11701,  aarav.malhotra46  ,Aarav Malhotra,procurement team,Trainee,warehouse,LPT-11701,dev 45750,On Leave,14-Feb-2024 21:40:50,NA,unknown
EMP11245,vaishnavi.loyal37,Vaishnavi Loyal,information tech,Specialist,HEAD OFFICE,WS-11245.corp.local,,Working,05/06/2023,NA,manager646
emp_10113,mitesh_rajagopalan19,Mitesh Rajagopalan,Business Sales,Trainee,,WS-10113.corp.local,dev 70236,Working,1580359403,,
EMP-12891,balhaar.desai85,Balhaar Desai,marketing dept,Manager,Warehouse,WS-12891,DEV-45036,Leave,2025/11/03,NA,manager262
EMP10987,irya.raval32,Irya Raval,finance dept,Engineer,head office,lpt-10987,dev44313,Exited,06/03/2020 05:24,06/05/2021,manager906
EMP10501,  dominic.mand25  ,Dominic Mand,hr dept,Executive,Regional_Office,vdr-10501,dev17128,Deactivated,09-01-2024 05:18:19 AM,2025-11-02T03:47:46,
EMP12469,quincy.bhandari48,Quincy Bhandari,Finance,Administrator,HEAD OFFICE,WS-12469,dev 28581,DISABLED,2021-01-26 14:40:20,2023-12-31T23:33:42,MANAGER546
EMP11009,LEKHA.ANNE27,Lekha Anne,legal,Manager,warehouse,WS-11009.corp.local,dev34685,Working,2022-10-18 16:11:21,NA,manager562
emp_11198,girish.d’alia10,Girish D’Alia,SALES,Director,,,dev97706,Enabled,2023/12/18,NA,manager647
EMP 11394,anamika.deshpande59,Anamika Deshpande,sales dept,Manager,Remote,VDR-11394,DEV85523,ACTIVE,2022-06-23 20:19:41,,manager327
EMP10589,yochana.patil46,Yochana Patil,Accounts,Officer,Work From Home,LPT-10589,dev 26492,A,,not available,unknown
EMP10768,idika.rao58,Idika Rao,procurement team,Consultant,Work_From_Home,vdr-10768,DEV18601,A,2023-11-23T13:34:09,,MANAGER500
EMP10017,vritti.sengupta40,Vritti Sengupta,sales team,Analyst,Branch Office,VDR-10017,DEV20322,A,18-Feb-2024 22:04:30,,NA
EMP11042,chaman.memon27,Chaman Memon,finance dept,Manager,Branch_Office,,dev 81938,DISABLED,26/09/2021 23:10,2022-05-27 19:32:55,manager578
EMP11447,ranbir.shanker19,Ranbir Shanker,sales team,Executive,remote,WS-11447,DEV-20534,A,1632415628,,manager841
emp_12724,MAX.WALI58,Max Wali,operations dept,Director,Remote,WS-12724,dev 71257,Working,19/04/2023,not available,unknown
emp10285,varenya.nagar50,Varenya Nagar,Customer Support,Consultant,,VDR-10285,DEV-28343,D,11/11/2025 14:43,25/05/2026 02:26,manager454
emp12720,  veda.balasubramanian81  ,Veda Balasubramanian,OPERATIONS,Trainee,Regional Office,WS-12720,DEV-32856,Live,1772751275,NA,manager428
EMP10428,CHAITANYA.PINGLE61,Chaitanya Pingle,Ops Team,Officer,remote,LPT-10428,dev 96194,Left,16/07/2021 18:28,,manager364
EMP 11328,krish.gill29,Krish Gill,Innovation,Administrator,Remote,VDR-11328,,Resigned,2022-01-28 17:18:13,,MANAGER654
emp12064,nathaniel.deep45,Nathaniel Deep,RnD,Trainee,REMOTE,WS-12064,dev 57603,Live,05/04/2022 06:49,NA,
EMP10669,mohini.thakkar22,Mohini Thakkar,procurement team,Specialist,data center,LPT-10669,dev88012,Active,2026-05-23 22:53:59,,
EMP10031,jyoti.rau6,Jyoti Rau,Purchase,Manager,DATA CENTER,vdr-10031,,A,09/09/2022 22:14,not available,unknown
11341,  chaman.andra62  ,Chaman Andra,Call Center,Engineer,data center,LPT-11341,DEV-85965,L,,,manager165
EMP-10722,anirudh.dube34,Anirudh Dube,FINANCE,Trainee,HEAD OFFICE,WS-10722,DEV36302,Active,08/07/2021,,manager211
EMP10951,leena.batra60,Leena Batra,Purchase,Administrator,,lpt-10951,DEV10071,Enabled,07/02/2024 02:24,not available,manager356
emp11914,  krishna.nayak94  ,Krishna Nayak,IT Dept,Trainee,Work_From_Home,lpt-11914,DEV63976,Resigned,2020-11-06T23:30:57,2025-10-22 22:08:24,MANAGER689
EMP12365,ranveer.mahajan73,Ranveer Mahajan,OPERATIONS,Specialist,DATA CENTER,ws-12365,,A,12/09/2023,,manager438
EMP10214,kiaan.sur64,Kiaan Sur,Customer Support,Trainee,Data_Center,WS-10214,DEV-75191,Live,2023-05-06T18:15:45,not available,manager346
emp10989,samaksh.arya80,Samaksh Arya,legal,Manager,,LPT-10989.corp.local,dev27143,Deactivated,08-18-2021 12:47:35 PM,2024-10-24 07:17:28,manager539
EMP11164,laksh.swamy43,Laksh Swamy,People Team,Consultant,head office,LPT-11164.corp.local,dev89233,Live,,not available,manager714
EMP12877,quincy.setty61,Quincy Setty,Mktg,Analyst,,LPT-12877,DEV-36422,Active,,not available,unknown
EMP12095,,Ira Mannan,Compliance,Manager,work from home,VDR-12095,DEV-95872,Active,28/10/2021,NA,manager682
EMP10326,  zarna.rao38  ,Zarna Rao,marketing dept,Specialist,Remote,VDR-10326,dev99037,D,25/02/2021 06:14,,NA
EMP11383,  nilima.goda53  ,Nilima Goda,information tech,Officer,,WS-11383,DEV44289,ACTIVE,01/07/2023,,
EMP11724,indrajit_palla27,Indrajit Palla,Research and Development,Director,regional office,WS-11724,DEV-70015,Leave,2025-02-12T18:25:41,not available,NA
11086,chaman.krish7,Chaman Krish,Mktg,Trainee,REGIONAL OFFICE,LPT-11086,DEV-85649,Working,12-02-2025 06:12:18 AM,,MANAGER248
EMP10341,yashawini.warrior76,Yashawini Warrior,Legal Dept,Consultant,DATA CENTER,ws-10341,dev28327,Live,1750875817,,  manager666  
EMP-10147,damyanti.ganguly48,Damyanti Ganguly,marketing dept,Consultant,work from home,VDR-10147.corp.local,dev 88148,Live,2020/06/12,NA,manager872
EMP12411,  ekalinga.sanghvi99  ,Ekalinga Sanghvi,CS,Consultant,Head Office,VDR-12411,DEV51054,ACTIVE,,,manager363
11107,warhi.grewal19,Warhi Grewal,Business Sales,Administrator,head office,LPT-11107,dev59434,On Leave,1637490023,,manager207
EMP10848,vrishti.vala48,Vrishti Vala,Brand Team,Analyst,,vdr-10848,DEV14562,Blocked,08-19-2025 10:57:29 AM,2025-09-09 16:32:28,MANAGER907
EMP-10966,abhimanyu.dhar56,Abhimanyu Dhar,legal,Administrator,Head Office,VDR-10966,,Enabled,2023-01-28 01:17:38,,manager144
EMP12538,ekapad.nayar19,Ekapad Nayar,marketing dept,Officer,,LPT-12538,,Active,29/09/2024 17:03,,manager862
EMP-10661,yug.lalla64,Yug Lalla,R&D,Executive,warehouse,LPT-10661,,On Leave,2020/01/05,not available,manager576
EMP11002,radha.kibe52,Radha Kibe,Legal Dept,Specialist,,VDR-11002.corp.local,DEV-11558,ACTIVE,11/05/2024 17:43,NA,NA
emp12413,lopa.dhawan30,Lopa Dhawan,marketing dept,Executive,Data_Center,WS-12413.corp.local,DEV72149,Live,2021-06-13 17:07:47,not available,
EMP12594,yahvi.ramanathan41,Yahvi Ramanathan,Human Resources,Executive,Work_From_Home,WS-12594,,Leave,2023-05-09 20:44:46,not available,MANAGER103
EMP 12736,nimrat.parmer72,Nimrat Parmer,Legal Dept,Manager,Warehouse,WS-12736,,Live,2020-04-02T09:32:29,NA,manager310
EMP-11879,ethan.sekhon49,Ethan Sekhon,Accounts,Administrator,Remote,ws-11879,dev 19751,ON_LEAVE,04/02/2023,NA,manager415
EMP 12902,kalpit_salvi36,Kalpit Salvi,R&D,Trainee,WAREHOUSE,WS-12902,DEV-44011,ACTIVE,10-15-2023 02:16:59 AM,NA,manager421
EMP11203,upkaar.padmanabhan11,Upkaar Padmanabhan,Fin,Manager,Remote,WS-11203,DEV-20709,ACTIVE,01-21-2026 05:58:51 PM,NA,manager529
EMP11990,neel.bhalla45,Neel Bhalla,Legal Dept,Manager,WORK FROM HOME,,dev 11957,Active,,NA,manager950
EMP10024,krishna.narang7,Krishna Narang,Human Resources,Analyst,Data_Center,VDR-10024,,Disabled,2020/12/05,07-19-2022 10:41:36 AM,manager243
EMP12895,max.kant36,Max Kant,finance dept,Trainee,Data Center,WS-12895.corp.local,,LEFT,10-13-2021 06:51:00 PM,1753189452,manager102
EMP12092,VEDANT.MUNI67,Vedant Muni,People Team,Executive,work from home,WS-12092,DEV33086,Active,,not available,manager671
EMP12989,rayaan.gulati19,Rayaan Gulati,procurement team,Executive,DATA CENTER,VDR-12989,dev48867,Active,13/06/2023,not available,
EMP 12371,KEYA.BASAK74,Keya Basak,customer care,Officer,Warehouse,WS-12371,DEV-23075,Active,17/11/2020 21:49,not available,
10875,xalak.kota96,Xalak Kota,customer care,Administrator,WAREHOUSE,VDR-10875,dev 86765,Live,13/01/2020 19:38,NA,manager684
EMP12871,anya.nadkarni54,Anya Nadkarni,Human Resources,Director,Data Center,LPT-12871,DEV10971,Active,2022-09-29 10:38:28,not available,manager426
EMP10938,alka.memon44,Alka Memon,CS,Analyst,regional office,WS-10938,DEV46356,Live,29/05/2021 13:07,,  manager685  
EMP12584,falguni.mammen71,Falguni Mammen,OPERATIONS,Manager,,LPT-12584,DEV99996,Enabled,03/08/2020,,  manager905  
EMP10612,OMYA.RAM43,Omya Ram,Operations,Director,DATA CENTER,LPT-10612,DEV39716,Working,14-Feb-2025 06:51:53,,
EMP10385,MAX.VARGHESE15,Max Varghese,Customer Support,Consultant,,WS-10385,,Working,09-Nov-2020 21:30:16,NA,manager430
EMP-12585,LAKSHMI.NARULA81,Lakshmi Narula,OPERATIONS,Consultant,warehouse,LPT-12585,dev 47599,Enabled,2023/05/20,NA,manager132
EMP12563,anthony.mallick51,Anthony Mallick,Supply Chain,Executive,Work From Home,LPT-12563,dev 52734,On Leave,,not available,manager622
EMP 12408,laban.dewan34,Laban Dewan,Supply Chain,Director,Work_From_Home,LPT-12408,DEV-35598,ACTIVE,05/01/2020,NA,manager936
emp10936,chatura.sengupta49,Chatura Sengupta,RD,Specialist,BRANCH OFFICE,LPT_10936,dev76160,Live,2026/06/24,,manager559
emp12659,chatura.swaminathan11,Chatura Swaminathan,Compliance,Engineer,Data Center,LPT_12659,dev 54883,A,12/04/2020 05:03,,manager303
EMP10052,anirudh.ramanathan31,Anirudh Ramanathan,Mktg,Engineer,,LPT-10052,dev 29313,A,1643561219,not available,unknown
EMP11332,shivansh.parmer5,Shivansh Parmer,Mktg,Administrator,,WS-11332,dev 49375,Blocked,,26/11/2025,MANAGER119
11934,nicholas.varma41,Nicholas Varma,Legal Dept,Manager,Work_From_Home,VDR-11934.corp.local,DEV-94621,ACTIVE,2022-06-26T15:22:58,not available,manager187
EMP 10935,OJAS.BARAD71,Ojas Barad,Operations,Manager,Work From Home,,dev 64732,Enabled,,,manager445
EMP10566,NIHARIKA.GULATI90,Niharika Gulati,hr dept,Engineer,Branch Office,WS-10566,DEV23501,Live,10/01/2024,NA,manager126
EMP 11854,rayaan.sani65,Rayaan Sani,Sales,Engineer,Branch Office,WS-11854,dev99175,A,2026-04-07T08:48:37,not available,
12500,shivansh.taneja60,Shivansh Taneja,IT Dept,Consultant,Work_From_Home,vdr-12500,DEV-79352,A,27/03/2022,not available,
EMP-11645,falak.chhabra48,Falak Chhabra,IT Support,Executive,Head Office,VDR_11645,dev40626,A,11/01/2020 15:05,,manager933
EMP12185,ANMOL.BALI6,Anmol Bali,Brand Team,Consultant,Regional Office,VDR-12185,DEV-35475,ACTIVE,2025/03/06,NA,unknown
EMP11792,ladli.shan29,Ladli Shan,MKT,Manager,,LPT-11792,,ACTIVE,2024-12-05 20:54:35,not available,NA
11430,chasmum.nadkarni1,Chasmum Nadkarni,MKT,Administrator,warehouse,ws-11430,dev 25429,A,2024/10/31,,
EMP12825,indali.goswami21,Indali Goswami,FINANCE,Specialist,Work_From_Home,VDR-12825,dev 58627,Working,2024-03-12 16:51:45,,MANAGER153
EMP-11013,brijesh.ganesh17,Brijesh Ganesh,customer care,Director,,VDR-11013,DEV-19012,ACTIVE,03/10/2021 12:14,NA,manager310
11928,riya.chadha43,Riya Chadha,customer care,Executive,,lpt-11928,DEV15769,Active,2021-09-29 20:18:18,,
EMP12319,chanchal.choudhry83,Chanchal Choudhry,IT Dept,Officer,Data Center,ws-12319,DEV29344,Working,13/10/2023 15:56,,  manager235  
10126,unnati.dass69,Unnati Dass,FINANCE,Director,,,DEV-97881,Left,,not available,manager860
EMP 12157,vansha.chadha57,Vansha Chadha,Brand Team,Officer,,vdr-12157,dev50940,Active,07-Oct-2020 12:56:52,not available,manager702
EMP11347,shravya.chopra88,Shravya Chopra,legal,Manager,Regional_Office,WS-11347.corp.local,DEV47104,ACTIVE,11/10/2022 12:37,not available,manager468
EMP10355,kavya.bajwa2,Kavya Bajwa,Sales,Analyst,Data Center,WS-10355,DEV-60197,Left,10-Jul-2021 00:17:38,not available,unknown
EMP-10827,henry.raman55,Henry Raman,Ops Team,Consultant,Data Center,WS-10827.corp.local,dev17398,Working,02-08-2022 07:25:58 AM,not available,manager419
emp11639,FARHAN.BEDI89,Farhan Bedi,HR,Engineer,DATA CENTER,VDR-11639,dev 58614,ACTIVE,2021/03/19,not available,MANAGER887
EMP10984,GAURAV.BORDE62,Gaurav Borde,operations dept,Director,,WS-10984,dev34149,Disabled,2020-01-21 21:28:52,2020/09/06,manager668
EMP10362,libni.rau54,Libni Rau,Innovation,Analyst,Branch_Office,VDR-10362,dev 46677,ACTIVE,20-Dec-2021 03:50:44,not available,
EMP10345,samar.setty88,Samar Setty,Finance,Trainee,WORK FROM HOME,LPT-10345,,ACTIVE,2020-02-12T20:30:44,NA,manager140
EMP12124,azaan.dora49,Azaan Dora,hr dept,Executive,,WS-12124,DEV47572,Leave,15/02/2024,NA,MANAGER372
EMP12620,onkar.khalsa1,Onkar Khalsa,Finance,Administrator,WAREHOUSE,LPT-12620,dev98307,A,01/09/2024,not available,manager460
EMP10711,ayushman.chowdhury15,Ayushman Chowdhury,IT Dept,Executive,DATA CENTER,WS-10711,DEV-72420,Working,07-May-2026 05:01:00,,unknown
emp_12127,oscar.gopal34,Oscar Gopal,finance dept,Director,WORK FROM HOME,VDR-12127,DEV-28293,ACTIVE,22/12/2023 18:03,,manager571
EMP10010,jagvi.seth52,Jagvi Seth,Marketing,Manager,BRANCH OFFICE,VDR-10010,dev 51245,Live,2024-03-31 01:22:51,,  manager758  
EMP 12616,widisha.maharaj57,Widisha Maharaj,customer care,Analyst,Data_Center,,DEV71339,Working,06-23-2020 05:24:59 PM,,manager579
EMP11834,aryan.shankar73,Aryan Shankar,OPERATIONS,Administrator,head office,LPT-11834.corp.local,dev 31292,Working,21-Aug-2025 12:05:23,not available,manager421
EMP10793,widisha.chhabra74,Widisha Chhabra,information tech,Administrator,BRANCH OFFICE,vdr-10793,DEV17669,Active,03/12/2023,NA,NA
EMP12848,mekhala.singhal56,Mekhala Singhal,FINANCE,Executive,Data Center,WS-12848,dev 71268,Live,1632531069,,NA
EMP10094,  abha.varkey61  ,Abha Varkey,Call Center,Trainee,,lpt-10094,DEV-86720,A,2024/03/07,not available,unknown
EMP10129,HARSH.SHUKLA46,Harsh Shukla,IT Dept,Director,REMOTE,LPT-10129,DEV26011,Exited,13/11/2023 18:11,08-Oct-2024 06:03:45,MANAGER711
EMP12309,ira.ahuja17,Ira Ahuja,Human Resources,Executive,Remote,WS_12309,DEV58488,A,2025-12-07T19:21:58,NA,unknown
12991,  vasatika.kapoor74  ,Vasatika Kapoor,MKT,Officer,Work_From_Home,VDR-12991,dev 20475,OOO,2020-12-07T06:03:45,NA,manager523
EMP11900,chanakya.bora36,Chanakya Bora,Research and Development,Director,,lpt-11900,,ACTIVE,18/02/2021 17:29,NA,manager340
12467,chaitaly.char55,Chaitaly Char,operations dept,Manager,head office,LPT-12467,DEV-45570,Resigned,2022-07-30T10:31:03,not available,  manager715  
EMP11932,mahika.chakraborty82,Mahika Chakraborty,PURCH,Manager,HEAD OFFICE,VDR-11932.corp.local,DEV-34958,Live,2020-11-01 06:50:28,,manager651
EMP12499,naveen.borah10,Naveen Borah,Fin,Administrator,Warehouse,vdr-12499,dev 34580,ACTIVE,1699130222,not available,NA
EMP-11865,rehaan.gola27,Rehaan Gola,finance dept,Consultant,,WS-11865,dev50565,ON_LEAVE,18/11/2025,NA,
EMP 11658,abha.baria81,Abha Baria,IT Support,Manager,Work From Home,LPT-11658,dev21239,Enabled,2020/06/12,not available,manager192
EMP10516,wakeeta.rattan45,Wakeeta Rattan,R&D,Trainee,,LPT-10516,DEV75776,Left,28-Sep-2023 17:13:28,01-26-2024 11:16:54 AM,  manager387  
emp11857,YASHAWINI.BAJAJ3,Yashawini Bajaj,Compliance,Specialist,Regional Office,LPT-11857,DEV-72195,DISABLED,2023/07/20,NA,NA
EMP 11277,ansh.bandi36,Ansh Bandi,MKT,Engineer,Head Office,VDR-11277,,Active,1742217930,,manager914
EMP10950,GIRIK.PAI19,Girik Pai,Operations,Officer,Branch Office,LPT-10950,dev 80455,LWP,20/09/2024 19:09,NA,manager101
EMP11120,siya.naik32,Siya Naik,customer care,Manager,,WS-11120,DEV73324,Live,2021-10-23T23:20:54,not available,manager746
emp10419,  upkaar.dave34  ,Upkaar Dave,Human Resources,Administrator,head office,WS_10419,DEV16507,Live,11-12-2024 10:39:12 PM,not available,unknown
emp_10922,aahana.kaur82,Aahana Kaur,Accounts,Analyst,head office,VDR-10922,,ACTIVE,,,manager617
emp12880,panini.rau8,Panini Rau,finance dept,Analyst,WORK FROM HOME,vdr-12880,dev 53618,Live,06/08/2024 10:52,NA,manager647
emp_10477,yamini.subramanian5,Yamini Subramanian,Ops Team,Trainee,Head Office,VDR-10477,DEV-98542,Working,1638048855,not available,
EMP-12035,omya.seshadri88,Omya Seshadri,Call Center,Specialist,work from home,WS-12035.corp.local,DEV-61299,Disabled,2021-11-21T08:13:13,not available,manager686
emp_12245,HITESH.KADAKIA14,Hitesh Kadakia,sales dept,Manager,,lpt-12245,DEV70646,Working,2023-04-20T03:56:16,not available,manager803
emp11692,qarin.rau21,Qarin Rau,RD,Analyst,remote,LPT-11692,dev18769,OOO,2026/01/02,not available,manager396
EMP12316,libni.boase68,Libni Boase,Ops,Executive,branch office,LPT_12316,dev 20407,Working,01/09/2024,NA,manager670
EMP 11471,meera.bath1,Meera Bath,LEGAL,Engineer,head office,WS-11471,,ACTIVE,2022/04/09,not available,manager909
EMP11202,  isaiah.dave47  ,Isaiah Dave,Compliance,Trainee,branch office,LPT-11202.corp.local,DEV37720,Terminated,2026-06-14T22:32:16,07-11-2026 03:19:46 AM,manager280
11669,hitesh.patil44,Hitesh Patil,IT Support,Administrator,,vdr-11669,dev 70042,A,10-31-2022 08:13:46 AM,,manager233
EMP-12859,udant.barman2,Udant Barman,Marketing,Specialist,Regional_Office,VDR-12859,DEV-37202,ACTIVE,2023/07/19,,
11970,devansh.sule3,Devansh Sule,IT Dept,Engineer,WORK FROM HOME,LPT-11970,dev 78191,L,,2025/08/28,  manager992  
EMP10820,,Gauri Deep,Research and Development,Trainee,Branch_Office,WS-10820,DEV-96781,Enabled,17/04/2024 08:13,NA,manager451
emp11997,zayan.sidhu78,Zayan Sidhu,Human Resource,Consultant,,WS-11997,dev 63449,Active,2025-05-09 21:41:55,,manager992
EMP12954,jagat.agate90,Jagat Agate,customer care,Consultant,,lpt-12954,DEV17834,Active,,not available,manager349
emp_11248,NOAH.KATA59,Noah Kata,RnD,Manager,Work From Home,ws-11248,DEV-90999,Enabled,26/11/2021,,manager110
emp_12742,,Upasna Sha,People Team,Engineer,REMOTE,WS-12742,,Enabled,02-29-2020 09:26:55 PM,NA,manager467
EMP12694,  chaitaly.dugal25  ,Chaitaly Dugal,Customer Support,Executive,Work From Home,WS-12694,,Enabled,2024-01-24 13:17:05,NA,MANAGER907
EMP11046,falan.gandhi55,Falan Gandhi,hr dept,Administrator,WAREHOUSE,VDR-11046,dev 30027,Live,2021/06/29,,
emp11888,SAANVI.PURI1,Saanvi Puri,Call Center,Administrator,Warehouse,VDR-11888,,Enabled,09/01/2022 03:58,,manager316
EMP10615,nikita.majumdar12,Nikita Majumdar,Business Sales,Director,REMOTE,WS-10615,DEV-29400,Working,2020-09-13T11:00:35,not available,manager863
EMP11318,kritika.nori43,Kritika Nori,IT Dept,Executive,,VDR-11318,dev53202,L,22/08/2025 21:55,,manager605
EMP 12970,,Ethan Peri,Procurement,Trainee,Data Center,LPT-12970,dev 32709,Live,1715275439,not available,manager297
emp12136,raksha.bhalla98,Raksha Bhalla,Human Resource,Executive,warehouse,WS-12136,DEV-98387,DISABLED,20/04/2022,2025-11-25T20:14:07,manager616
EMP12534,anvi.soni34,Anvi Soni,hr dept,Executive,,LPT-12534,,Active,27/02/2026 21:22,not available,manager561
emp11772,mohini.munshi54,Mohini Munshi,HR,Officer,,VDR-11772,DEV-29079,Enabled,2020/05/04,,MANAGER502
EMP11298,harrison.varughese13,Harrison Varughese,Procurement,Trainee,remote,VDR-11298,DEV-46068,ACTIVE,1765111521,,NA
emp_10131,,Arya Ratta,SALES,Consultant,WORK FROM HOME,lpt-10131,DEV-88116,Working,2021-03-25 12:43:03,,unknown
10077,tejas.panchal85,Tejas Panchal,PURCH,Consultant,DATA CENTER,vdr-10077,DEV-79588,ACTIVE,06/05/2026 12:58,,manager460
12052,caleb.lal55,Caleb Lal,Ops Team,Consultant,WORK FROM HOME,VDR-12052,DEV-90432,Enabled,1712599765,NA,manager729
EMP10724,yashica.chokshi5,Yashica Chokshi,hr dept,Manager,Warehouse,VDR_10724,DEV-42846,ACTIVE,,NA,unknown
EMP11314,amaira.sengupta10,Amaira Sengupta,procurement team,Manager,,VDR-11314.corp.local,dev49089,Working,29-Mar-2024 10:40:48,NA,manager715
EMP11851,  faqid.choudhry24  ,Faqid Choudhry,IT Dept,Executive,REMOTE,WS-11851,dev22218,ACTIVE,05/11/2022 10:19,,manager243
EMP12708,  pooja.kunda23  ,Pooja Kunda,sales team,Administrator,,LPT-12708.corp.local,dev 68286,Blocked,1754745103,11-04-2025 03:03:59 AM,manager310
EMP12562,XITI.MURTY39,Xiti Murty,IT,Analyst,DATA CENTER,vdr-12562,DEV79348,Terminated,2026-07-15 18:07:04,,
EMP11372,nikita.d’alia16,Nikita D’Alia,Research and Development,Director,,WS-11372.corp.local,DEV21385,Terminated,1652583511,2023-05-11 23:03:31,
EMP11855,NEEL.MAJUMDAR68,Neel Majumdar,Legal,Officer,Warehouse,VDR-11855,dev90245,Working,2026-07-19 09:52:27,NA,
EMP11319,yuvraj.ram10,Yuvraj Ram,Supply Chain,Specialist,,LPT-11319,dev55330,On Leave,1689570421,,  manager727  
EMP12960,  ekansh.bedi26  ,Ekansh Bedi,IT Dept,Director,Head_Office,lpt-12960,dev 34207,Working,2021-07-28 20:03:09,,
emp_12573,udant.mukherjee7,Udant Mukherjee,IT,Specialist,Work From Home,VDR_12573,,Working,11-Nov-2021 18:37:43,NA,manager221
EMP 10375,daniel.bhat5,Daniel Bhat,Supply Chain,Specialist,,LPT-10375,dev 94840,Enabled,2023-07-04 00:21:54,,NA
emp11908,hitesh.keer31,Hitesh Keer,Support,Consultant,,lpt-11908,,OOO,21/02/2020 01:12,,  manager205  
EMP 10333,HITESH.KHANNA59,Hitesh Khanna,information tech,Manager,work from home,LPT-10333,dev67840,Live,,NA,  manager805  
EMP12323,tanvi.bal60,Tanvi Bal,sales dept,Manager,Data_Center,LPT-12323,dev89195,Active,11-17-2024 07:30:29 AM,not available,manager226
EMP12373,mitali.goel62,Mitali Goel,OPERATIONS,Administrator,WORK FROM HOME,VDR-12373,,Active,05-12-2025 06:22:11 AM,,manager522
EMP11604,aashi.bajaj29,Aashi Bajaj,RnD,Administrator,Warehouse,LPT-11604,DEV-70324,Working,03-24-2024 12:55:09 PM,NA,manager166
11118,  bimala.yohannan78  ,Bimala Yohannan,R&D,Executive,,VDR-11118,DEV-39500,Working,14/02/2023 09:18,NA,
EMP-12913,reyansh_cheema32,Reyansh Cheema,Ops Team,Analyst,Data Center,WS-12913,dev 52978,ACTIVE,23/03/2025,not available,manager631
EMP11943,zilmil.warrior7,Zilmil Warrior,HR,Director,,VDR-11943,DEV26287,Left,2024/07/02,2025-08-12 20:08:30,manager364
EMP12333,quincy.samra91,Quincy Samra,Human Resource,Trainee,,vdr-12333,dev 66982,Resigned,2026/06/25,07-20-2026 03:59:35 PM,unknown
EMP12599,zayan.bhagat19,Zayan Bhagat,Fin,Engineer,REMOTE,WS-12599,dev 37456,Working,12/08/2022 13:22,not available,manager999
EMP11342,  devansh.hora57  ,Devansh Hora,Finance,Administrator,work from home,WS-11342,,Left,2021-01-30 06:23:44,07-26-2022 09:42:34 AM,manager732
emp10320,hredhaan.tank29,Hredhaan Tank,Mktg,Analyst,REMOTE,LPT_10320,DEV-80465,ACTIVE,1700598075,not available,manager891
EMP11619,ekiya_banik24,Ekiya Banik,Supply Chain,Officer,BRANCH OFFICE,LPT-11619,dev 75228,Enabled,,not available,NA
emp12628,kiaan.ramesh70,Kiaan Ramesh,marketing dept,Officer,,LPT-12628.corp.local,dev13091,Active,,NA,manager715
EMP 12060,vrishti.chadha23,Vrishti Chadha,CS,Manager,regional office,LPT-12060,,Disabled,01-27-2021 09:16:09 AM,2022-04-17 07:58:30,NA
EMP11673,arya_dhillon11,Arya Dhillon,OPERATIONS,Officer,HEAD OFFICE,LPT-11673,dev 26846,Blocked,1606572710,2022-06-01T20:16:07,MANAGER257
emp11942,,Hemangini Mand,IT,Specialist,Work_From_Home,VDR-11942,DEV-78920,Live,07-19-2020 10:33:05 AM,NA,manager921
10260,aashi.bal42,Aashi Bal,Sales,Administrator,Branch Office,VDR-10260,dev 78321,Active,1658501910,NA,manager670
EMP12426,raksha.date82,Raksha Date,Compliance,Administrator,WORK FROM HOME,WS-12426,dev 50736,Active,2021-01-03 22:47:15,,  manager841  
emp12039,arunima_sridhar65,Arunima Sridhar,HR,Officer,regional office,WS-12039,dev58395,A,06-29-2025 11:53:29 AM,NA,manager369
EMP10689,sai_pathak23,Sai Pathak,Marketing,Director,Head_Office,VDR-10689,dev 24253,Enabled,2025-01-26 23:12:38,,NA
EMP-10901,gaurika.babu9,Gaurika Babu,MKT,Director,,LPT-10901,DEV-74852,Live,2025/06/30,,manager814
EMP 12026,bhavna_patla52,Bhavna Patla,RD,Director,DATA CENTER,LPT_12026,DEV-80683,Live,02/08/2025 09:05,not available,manager730
EMP 10138,samuel.choudhury78,Samuel Choudhury,Legal,Manager,Work_From_Home,VDR-10138,dev24996,DISABLED,07-15-2025 07:51:50 AM,NA,manager986
EMP 11917,naksh.sanghvi94,Naksh Sanghvi,finance dept,Engineer,Work From Home,LPT-11917,dev35905,Working,2023-12-02T19:50:55,NA,manager560
EMP 11828,maanas.madan34,Maanas Madan,RnD,Manager,,WS-11828,dev31706,L,03-13-2024 04:42:09 AM,2026/02/25,NA
EMP11573,JAGRATI.DUTT21,Jagrati Dutt,SALES,Director,Work_From_Home,,DEV-94683,Enabled,11-Jan-2025 11:12:13,,manager954
EMP10319,hredhaan.nagi88,Hredhaan Nagi,Research and Development,Director,REGIONAL OFFICE,WS-10319,dev74054,Working,2024-10-22T15:06:56,not available,
EMP10653,qasim.gole57,Qasim Gole,Human Resource,Specialist,WAREHOUSE,LPT-10653,DEV42075,Left,14/05/2022 01:36,,manager251
emp_12137,logan.ramakrishnan20,Logan Ramakrishnan,Innovation,Director,warehouse,VDR-12137,dev 72539,Working,2020/06/04,NA,manager702
12394,udarsh.kadakia17,Udarsh Kadakia,Information Technology,Executive,WAREHOUSE,WS-12394,dev70090,Live,12-11-2024 05:50:47 PM,not available,
EMP10558,amaira.sood39,Amaira Sood,Marketing,Officer,,VDR-10558,DEV16253,A,2025/11/15,not available,manager320
EMP12187,frado.nigam40,Frado Nigam,information tech,Analyst,WORK FROM HOME,VDR-12187,DEV-93148,Live,18/05/2024 02:58,not available,manager993
EMP10112,frederick.behl88,Frederick Behl,Fin,Executive,Branch_Office,LPT-10112,dev89887,LEFT,2025-04-09 08:57:14,30-Apr-2026 22:08:37,
EMP10531,  omkaar.kalita55  ,Omkaar Kalita,Supply Chain,Consultant,,WS_10531,dev 99208,Live,09-24-2021 08:30:01 PM,not available,manager902
EMP10224,RONITH.SHROFF81,Ronith Shroff,IT Dept,Specialist,,WS-10224,,D,1733119821,,MANAGER591
emp_10723,ekaraj.nath19,Ekaraj Nath,Call Center,Director,,VDR-10723,dev94323,Working,,NA,manager205
EMP12590,zansi_khosla29,Zansi Khosla,Brand Team,Administrator,Data Center,VDR-12590.corp.local,DEV16029,LWP,1659833497,not available,manager247
EMP 12649,aadhya.hayer77,Aadhya Hayer,Research and Development,Director,Remote,LPT-12649,DEV-51192,Live,31/07/2025 20:37,NA,manager521
EMP 11433,urvashi.kata32,Urvashi Kata,marketing dept,Engineer,REGIONAL OFFICE,,DEV27397,Active,,,manager282
EMP12401,manya.kala33,Manya Kala,CS,Executive,Branch_Office,,dev 42650,ACTIVE,1699000381,not available,manager178
EMP11458,agastya_wali58,Agastya Wali,Call Center,Consultant,,WS-11458,DEV53917,D,1675778641,12/11/2023 09:41,unknown
EMP 12784,urmi.vala29,Urmi Vala,Human Resource,Engineer,Data Center,VDR-12784,DEV91090,ACTIVE,1686473754,not available,MANAGER153
EMP10846,pratyush.balay57,Pratyush Balay,legal,Administrator,,vdr-10846,,A,10/03/2023 04:01,NA,manager215
EMP10193,ekbal.bhatti8,Ekbal Bhatti,Human Resources,Director,Remote,VDR-10193,,Enabled,1586196047,not available,manager722
EMP11464,lekha.luthra19,Lekha Luthra,Research and Development,Director,REMOTE,WS-11464,dev 70035,ACTIVE,01-28-2022 09:28:03 AM,NA,NA
EMP-10946,ekbal.chandra41,Ekbal Chandra,Accounts,Director,Remote,WS-10946,dev 59219,Resigned,2021-01-10T19:53:54,25/01/2023 07:28,unknown
EMP-12021,rushil.sura78,Rushil Sura,Support,Administrator,WORK FROM HOME,VDR-12021,DEV-12118,Leave,29/01/2021,NA,NA
EMP11629,max.subramanian13,Max Subramanian,Innovation,Executive,Branch Office,vdr-11629,dev51983,ACTIVE,24/09/2021,,manager684
10117,ikshita.muni96,Ikshita Muni,information tech,Specialist,Regional Office,WS-10117,DEV-47512,Enabled,,,MANAGER460
EMP10645,NIKITA.SANGHA37,Nikita Sangha,RD,Executive,DATA CENTER,WS-10645,,LEFT,13/11/2025 14:37,2026-01-07 20:23:25,manager761
11870,zinal.palla99,Zinal Palla,People Team,Manager,BRANCH OFFICE,LPT-11870.corp.local,DEV54839,ACTIVE,12/11/2025,,manager590
10003,orinder.buch21,Orinder Buch,LEGAL,Consultant,,LPT-10003,DEV-38221,OOO,11/11/2022 18:18,,manager489
EMP10074,URVI.SASTRY42,Urvi Sastry,Fin,Trainee,branch office,WS_10074,DEV-43862,Working,1737865940,not available,manager382
11755,daksh.zachariah69,Daksh Zachariah,Information Technology,Administrator,WAREHOUSE,LPT-11755,DEV77729,Active,2023-11-04 11:07:37,NA,MANAGER266
10467,maanas_rama25,Maanas Rama,Ops,Manager,,WS-10467,DEV-16094,Left,19/09/2025 06:31,16/07/2026 03:26,
EMP10005,adweta.seth11,Adweta Seth,Support,Administrator,Work_From_Home,VDR-10005,dev91070,Exited,01-28-2023 01:27:43 PM,01-27-2026 01:48:14 AM,  manager777  
emp11246,logan.guha68,Logan Guha,IT,Consultant,,LPT-11246,,Live,2023-07-13 14:31:25,not available,manager381
emp10919,udyati_dugar83,Udyati Dugar,Sales,Officer,Warehouse,vdr-10919,,Working,12-08-2022 03:45:05 PM,NA,NA
EMP10228,patrick.bajaj41,Patrick Bajaj,Fin,Trainee,Warehouse,WS_10228,DEV81601,A,2026-07-26 11:43:49,NA,unknown
EMP11063,OSHA.WARRIOR98,Osha Warrior,Human Resources,Analyst,HEAD OFFICE,WS-11063,DEV-10947,Enabled,,,manager634
EMP10242,upma.wadhwa62,Upma Wadhwa,Ops,Engineer,HEAD OFFICE,WS-10242,dev 60275,Active,2026-05-30 20:10:10,NA,
EMP12351,zansi.batta30,Zansi Batta,hr dept,Specialist,WORK FROM HOME,LPT-12351,,Live,2023-04-24 20:01:30,,MANAGER128
emp11160,neel.dass57,Neel Dass,finance dept,Administrator,,WS_11160,DEV30252,A,,not available,  manager742  
emp_12591,gavin.golla57,Gavin Golla,Legal,Engineer,,VDR_12591,dev 49301,A,2020-03-19 03:33:34,not available,manager190
EMP11526,devansh.nazareth78,Devansh Nazareth,Purchase,Director,head office,LPT-11526,,Active,07/05/2022 15:29,NA,manager548
EMP 11605,chakrika.sharma22,Chakrika Sharma,information tech,Officer,Data Center,VDR-11605.corp.local,dev 95233,Active,15/12/2022,not available,MANAGER823
emp_12869,anika_parsa88,Anika Parsa,R&D,Specialist,remote,VDR-12869,DEV-60701,Live,08-Oct-2025 07:31:58,not available,manager103
12399,OSHA.AGGARWAL57,Osha Aggarwal,FINANCE,Trainee,REGIONAL OFFICE,LPT-12399,DEV-54496,ACTIVE,2020-07-18 02:49:23,NA,manager424
emp12623,  jalsa.krishna50  ,Jalsa Krishna,Procurement,Director,warehouse,WS-12623,DEV69754,A,01-Sep-2025 09:01:41,NA,MANAGER498
EMP11989,jonathan.bail46,Jonathan Bail,customer care,Executive,DATA CENTER,vdr-11989,dev44870,ACTIVE,06-Sep-2024 16:45:06,,manager487
12424,hamsini.chaudhry50,Hamsini Chaudhry,MKT,Administrator,,LPT-12424,dev 98305,Enabled,2023-04-21T07:17:44,NA,manager614
emp11975,  turvi.munshi25  ,Turvi Munshi,Ops Team,Administrator,branch office,WS_11975,dev97439,Terminated,07-Apr-2026 17:12:36,,manager147
emp11761,onveer.kohli9,Onveer Kohli,HR,Administrator,regional office,WS-11761.corp.local,,Live,2022/01/25,not available,unknown
EMP11305,aahana.shanker52,Aahana Shanker,People Team,Analyst,,VDR-11305,dev30863,A,08-28-2025 09:27:12 PM,NA,manager795
EMP11541,,Anamika Nanda,sales dept,Engineer,Remote,LPT-11541,DEV65611,LWP,24/12/2021 20:09,not available,NA
EMP 10622,yashoda.sur19,Yashoda Sur,Brand Team,Analyst,,,DEV-24585,ACTIVE,01-03-2024 10:29:45 PM,not available,manager314
emp_12836,avi.babu51,Avi Babu,CS,Analyst,Remote,VDR-12836,,ACTIVE,,,NA
EMP 11493,AMRITA.SHANKER92,Amrita Shanker,Information Technology,Trainee,DATA CENTER,VDR-11493.corp.local,dev 17836,Enabled,,NA,
EMP-10110,chaitanya.atwal30,Chaitanya Atwal,hr dept,Director,head office,VDR-10110,DEV23173,Enabled,2025-11-26T04:28:38,not available,MANAGER129
EMP-12977,aryan.korpal35,Aryan Korpal,legal,Director,regional office,WS-12977,dev 97414,Working,09-Oct-2021 09:48:51,,  manager815  
EMP11169,,Jackson Chaudhary,OPERATIONS,Executive,,VDR-11169,dev42231,Live,,NA,manager646
emp_12535,,Girik Thaman,FINANCE,Analyst,remote,ws-12535,dev 18688,Active,06/01/2026,NA,manager806
EMP-10232,reva.bansal99,Reva Bansal,Fin,Administrator,Head_Office,WS-10232,dev20358,Live,2023-10-06 09:57:12,,  manager865  
EMP10066,ZINAL.VENKATARAMAN17,Zinal Venkataraman,RnD,Manager,WAREHOUSE,LPT-10066,,A,2026-07-10 16:04:01,not available,MANAGER720
EMP12942,harsh.sood79,Harsh Sood,People Team,Consultant,BRANCH OFFICE,VDR-12942,DEV-49902,Working,2023/06/07,not available,manager400
EMP12072,vrinda_sankar60,Vrinda Sankar,Innovation,Engineer,,WS-12072,DEV47990,A,01-Mar-2020 18:31:21,NA,manager367
EMP12192,  raksha.narain66  ,Raksha Narain,Marketing,Officer,Regional Office,ws-12192,DEV-91539,Working,2023-08-15T05:54:50,NA,
emp10536,  leela.ganesh78  ,Leela Ganesh,Information Technology,Director,Data_Center,VDR-10536,dev 96006,ACTIVE,2026/01/19,not available,
EMP10125,bishakha.varkey39,Bishakha Varkey,legal,Manager,Branch_Office,LPT-10125,DEV14877,Live,2024-03-10 12:45:14,NA,manager340
12133,kashvi_badal46,Kashvi Badal,Customer Support,Officer,Regional_Office,LPT-12133,DEV84853,On Leave,23-Apr-2024 17:19:31,NA,MANAGER111
EMP11254,siddharth.chadha92,Siddharth Chadha,hr dept,Consultant,WAREHOUSE,LPT-11254,DEV-96439,Live,01/10/2021 16:21,not available,manager176
12560,pooja.jani40,Pooja Jani,R&D,Administrator,,vdr-12560,DEV-40241,A,04-Aug-2025 07:30:30,,manager190
emp_11976,jacob.viswanathan28,Jacob Viswanathan,sales team,Consultant,Warehouse,VDR-11976.corp.local,DEV26270,ACTIVE,1756890160,,manager807
EMP 12536,ojasvi.varkey76,Ojasvi Varkey,Brand Team,Manager,,LPT-12536,DEV30913,Live,,,unknown
EMP12398,ADVAY.KARI24,Advay Kari,MKT,Analyst,DATA CENTER,WS-12398,dev 93862,Active,07-25-2024 08:25:09 PM,NA,unknown
EMP12075,balendra.sathe86,Balendra Sathe,Purchase,Trainee,work from home,VDR-12075,dev75234,Active,2021/10/27,NA,manager937
EMP10484,amol.natt81,Amol Natt,Supply Chain,Administrator,data center,VDR-10484,DEV-82110,Enabled,07-Jan-2026 16:33:42,not available,manager325
EMP11654,rachita.nagi61,Rachita Nagi,hr dept,Officer,,WS-11654,,LEFT,2025-04-21 10:41:40,2025-09-23T07:57:41,MANAGER664
EMP-12758,chasmum.vig85,Chasmum Vig,finance dept,Administrator,,VDR-12758,dev 59012,Enabled,27-Jan-2025 18:59:47,NA,  manager192  
EMP12337,yashica.kata81,Yashica Kata,Accounts,Executive,Regional Office,WS-12337,DEV-63087,Enabled,22/07/2021,not available,NA
EMP12477,mitali.madan32,Mitali Madan,procurement team,Consultant,Warehouse,WS-12477,DEV98487,Active,,NA,
EMP11774,oliver.gokhale61,Oliver Gokhale,Customer Support,Trainee,,VDR_11774,,Working,,NA,manager776
EMP10918,,Isha Vyas,Ops,Consultant,Head Office,WS-10918,dev79178,ACTIVE,2021/04/01,NA,MANAGER556
emp11646,fariq.bajwa50,Fariq Bajwa,PURCH,Manager,Work_From_Home,LPT-11646,dev92350,A,2024/08/22,NA,manager764
EMP11026,  daksha.narasimhan92  ,Daksha Narasimhan,IT Dept,Officer,Branch Office,WS-11026,dev16259,Deactivated,12/06/2024 12:20,2024-11-19T04:45:26,manager415
EMP-11030,saanvi.srinivasan42,Saanvi Srinivasan,Customer Support,Engineer,Warehouse,,DEV-81002,Working,2023-08-22T09:04:03,,manager318
EMP-10882,mason.varghese84,Mason Varghese,finance dept,Manager,Remote,WS-10882,dev66670,Enabled,1661078985,,NA
EMP11335,warda.ghose34,Warda Ghose,Procurement,Engineer,Work_From_Home,LPT-11335,dev54688,Live,15/04/2025 00:40,not available,manager537
EMP12290,qadim.bedi12,Qadim Bedi,legal,Manager,,WS-12290,DEV59560,L,06/05/2020,not available,  manager867  
EMP-10364,brijesh.golla51,Brijesh Golla,Human Resources,Specialist,warehouse,LPT-10364,,Enabled,10/02/2021 02:18,not available,manager367
EMP12125,hemal.deo32,Hemal Deo,sales team,Executive,,WS-12125,DEV67264,Working,,NA,manager627
emp_10027,yahvi.tank8,Yahvi Tank,finance dept,Director,Head_Office,WS-10027,DEV-44760,Exited,14/11/2023,,manager598
EMP10473,zarna.lalla38,Zarna Lalla,OPERATIONS,Executive,Regional_Office,VDR-10473,dev 33306,Working,2025-11-27T03:39:11,not available,
EMP10525,sachi.sinha77,Sachi Sinha,IT,Officer,,LPT-10525,dev 22214,Live,2021/02/08,not available,
EMP10725,tanveer.bhavsar20,Tanveer Bhavsar,information tech,Analyst,REGIONAL OFFICE,WS-10725,,Live,2022-10-21T17:58:18,,
EMP10055,joshua_gera72,Joshua Gera,Sales,Manager,Data_Center,LPT_10055,dev70901,Working,02/10/2024,not available,manager873
EMP10638,onkar.vohra62,Onkar Vohra,Fin,Officer,,VDR_10638,dev 71441,Active,2023/03/07,NA,manager496
EMP 10302,harrison_ramakrishnan69,Harrison Ramakrishnan,Call Center,Director,Warehouse,LPT_10302,dev 57124,Active,2024-07-26T02:36:43,,manager187
EMP12688,jackson.parmer60,Jackson Parmer,FINANCE,Administrator,Data Center,,dev26626,A,1776814312,NA,manager234
EMP11276,TRIPTI.CHERIAN81,Tripti Cherian,Call Center,Trainee,Warehouse,LPT-11276,dev44774,Left,,,manager527
EMP12717,  amara.ratti2  ,Amara Ratti,Fin,Consultant,work from home,WS-12717,dev80263,A,,,manager879
EMP10624,sachi.pradhan19,Sachi Pradhan,Information Technology,Director,WAREHOUSE,VDR-10624,dev 79048,A,13/06/2021,not available,manager305
EMP12055,ikbal.lanka15,Ikbal Lanka,operations dept,Consultant,,LPT-12055,,Working,01/02/2024,NA,manager308
EMP11280,  forum.saran38  ,Forum Saran,IT Support,Trainee,Head_Office,lpt-11280,,Disabled,18/01/2021,2023-08-26 15:44:30,MANAGER460
emp11049,qushi.acharya51,Qushi Acharya,OPERATIONS,Director,,WS-11049,DEV94023,OOO,2020-08-09 07:37:06,NA,manager139
EMP10336,umang.radhakrishnan12,Umang Radhakrishnan,HR,Analyst,Branch_Office,WS-10336,,A,03/12/2021 18:00,NA,manager555
EMP-10047,neel.acharya69,Neel Acharya,sales dept,Consultant,Data_Center,LPT-10047,DEV97062,L,20-Apr-2025 01:50:06,25/07/2025,manager407
EMP 10106,charles.sharaf84,Charles Sharaf,FINANCE,Trainee,head office,lpt-10106,dev 75836,Leave,2022-10-28 11:19:09,not available,
EMP11079,  teerth.andra51  ,Teerth Andra,IT Support,Officer,work from home,WS_11079,dev51409,ACTIVE,1657514764,,
EMP12286,nachiket.tripathi90,Nachiket Tripathi,HR,Engineer,remote,VDR-12286,DEV35423,A,17/06/2026,NA,  manager195  
EMP12261,bhavya.borah17,Bhavya Borah,sales team,Engineer,Warehouse,ws-12261,dev50207,Live,10/03/2023,not available,unknown
11144,lohit.sandhu68,Lohit Sandhu,CS,Analyst,Branch Office,VDR-11144.corp.local,dev45933,Active,04-Feb-2021 14:02:01,NA,MANAGER679
EMP-12458,pavani.kara6,Pavani Kara,Legal Dept,Director,remote,VDR-12458,DEV88882,LEFT,,2021/09/04,manager953
EMP12296,,Eesha Nayak,marketing dept,Administrator,Regional Office,,,OOO,2023-05-01 09:34:01,,unknown
11836,siya.om16,Siya Om,MKT,Engineer,data center,WS-11836,DEV-61949,A,,,manager340
EMP-11753,anay_sen58,Anay Sen,sales dept,Specialist,Data Center,LPT-11753,dev 11349,ACTIVE,2025-01-17 17:16:41,,
EMP11101,harsh_dass6,Harsh Dass,Sales,Analyst,Branch Office,LPT-11101,dev49283,D,,not available,manager321
11968,  ojasvi.keer69  ,Ojasvi Keer,Legal Dept,Analyst,work from home,WS-11968,DEV-92638,Enabled,1668431568,,manager504
emp_10523,  naveen.bakshi88  ,Naveen Bakshi,Ops Team,Trainee,WAREHOUSE,VDR-10523,dev 19023,ACTIVE,,NA,
12280,viraj.tripathi85,Viraj Tripathi,HR,Officer,Branch Office,LPT-12280,,Enabled,16-Jun-2020 16:37:07,not available,manager318
EMP11428,vidhi.gulati52,Vidhi Gulati,Compliance,Analyst,head office,LPT-11428,dev75735,Active,2022-04-08 09:48:57,not available,manager554
EMP12687,garima.narasimhan13,Garima Narasimhan,Supply Chain,Manager,Remote,LPT-12687,,Blocked,2024-05-26 13:59:00,,
EMP10603,jatin.baral71,Jatin Baral,Legal Dept,Officer,,VDR_10603,,Live,06/02/2025 20:57,NA,manager460
EMP 11489,anya.gandhi42,Anya Gandhi,FINANCE,Administrator,HEAD OFFICE,lpt-11489,DEV37132,Working,,not available,manager717
EMP12423,prisha.mahal39,Prisha Mahal,Information Technology,Manager,Work From Home,VDR-12423,dev 24383,Active,2022-03-25 10:51:51,not available,manager159
EMP-10060,aarna.gera50,Aarna Gera,Purchase,Analyst,WORK FROM HOME,VDR-10060,dev 59857,A,2022-12-28T21:02:15,NA,manager499
EMP12832,mason.raman91,Mason Raman,Legal Dept,Administrator,regional office,,DEV57889,Enabled,10-13-2025 05:10:35 PM,NA,unknown
EMP10671,,Harinakshi Mukhopadhyay,hr dept,Consultant,work from home,LPT-10671,DEV36489,L,2023/10/10,2025-10-29 13:10:57,
EMP-10092,DAKSHESH.RAMAKRISHNAN56,Dakshesh Ramakrishnan,OPERATIONS,Specialist,Remote,LPT_10092,dev21970,A,,,unknown
emp_10666,vinaya.mutti83,Vinaya Mutti,finance dept,Trainee,,VDR-10666,dev70374,L,,NA,manager933
EMP11887,chavvi.bakshi90,Chavvi Bakshi,People Team,Analyst,Data Center,LPT-11887.corp.local,DEV-26601,Working,2025-10-21 07:01:12,NA,manager517
emp10280,naksh.wali11,Naksh Wali,IT Support,Manager,data center,WS-10280,DEV-59436,Enabled,2020-06-23T08:13:58,NA,manager819
EMP11719,jack_solanki21,Jack Solanki,sales dept,Specialist,REMOTE,WS-11719,DEV35660,A,19/03/2022 20:29,,  manager766  
EMP10359,vidhi.saini39,Vidhi Saini,Procurement,Engineer,,WS-10359,DEV-87554,LWP,2026-07-28 10:13:13,NA,NA
EMP-10899,raagini.anne95,Raagini Anne,procurement team,Specialist,regional office,VDR-10899,dev 48112,Enabled,26-May-2023 18:19:43,not available,  manager705  
EMP 11935,pooja.sinha70,Pooja Sinha,finance dept,Specialist,,VDR_11935,DEV80780,ACTIVE,03-05-2024 09:59:29 PM,,manager886
11994,gavin_bakshi66,Gavin Bakshi,legal,Specialist,,WS-11994,,LWP,2020-12-28 20:02:31,NA,unknown
12384,pushti_choudhary19,Pushti Choudhary,PURCH,Administrator,Data_Center,vdr-12384,dev16569,Active,2025-07-24T08:14:53,not available,manager778
emp10760,yahvi.chhabra59,Yahvi Chhabra,Procurement,Specialist,Head Office,WS-10760,DEV70786,Working,,not available,manager908
EMP12158,TIMOTHY.SAHNI34,Timothy Sahni,Ops,Analyst,Head Office,LPT-12158,dev 90438,Working,2025-02-04 08:44:25,not available,MANAGER159
EMP12703,  viraj.handa92  ,Viraj Handa,sales dept,Specialist,Head Office,LPT-12703,DEV-21062,Working,2022-02-02 02:01:58,,manager305
EMP10042,mahika.pillay53,Mahika Pillay,Sales,Administrator,,VDR-10042,DEV-24168,Live,30/04/2020,not available,
EMP12173,yashica.seth2,Yashica Seth,People Team,Trainee,Warehouse,VDR-12173.corp.local,dev61915,Live,03-16-2024 11:08:37 AM,,NA
emp_10204,zaitra_cherian56,Zaitra Cherian,customer care,Analyst,,lpt-10204,DEV-77908,Enabled,26/05/2021,not available,manager826
emp11473,qushi.peri94,Qushi Peri,procurement team,Trainee,,WS-11473,DEV93200,Working,1723183304,NA,MANAGER671
EMP12100,abdul.narain72,Abdul Narain,RD,Administrator,HEAD OFFICE,LPT-12100,dev88520,A,,,manager187
EMP10068,  bahadurjit.ganesan51  ,Bahadurjit Ganesan,Sales,Manager,Warehouse,VDR-10068,DEV92213,ACTIVE,1764988121,,NA
EMP11875,chakrika.chacko84,Chakrika Chacko,Operations,Director,regional office,lpt-11875,DEV-51309,Resigned,21/09/2020,,manager674
emp12451,prisha.chhabra98,Prisha Chhabra,PURCH,Director,data center,VDR-12451,,A,2023/09/22,not available,MANAGER505
EMP12231,  bhavika.kala57  ,Bhavika Kala,IT Dept,Specialist,branch office,LPT-12231.corp.local,,A,08/08/2020 05:12,NA,unknown
EMP10137,varsha.prabhakar82,Varsha Prabhakar,Purchase,Officer,REGIONAL OFFICE,WS-10137,DEV-59925,Leave,2024/07/06,not available,  manager617  
EMP-10796,  veer.singh70  ,Veer Singh,Operations,Consultant,work from home,VDR-10796,,Enabled,08/12/2025 12:13,NA,manager198
EMP12180,ANIKA.GILL48,Anika Gill,MKT,Trainee,Remote,VDR-12180,,Left,,19/04/2022 15:30,manager830
emp12128,anthony.cheema70,Anthony Cheema,FINANCE,Manager,head office,ws-12128,,Disabled,2025-08-14 21:32:04,1756127502,manager776
EMP10758,  vedika.sagar58  ,Vedika Sagar,RD,Engineer,Head_Office,VDR-10758,,A,2023-06-17 07:38:29,not available,
EMP10541,bhanumati.walla25,Bhanumati Walla,RnD,Director,Warehouse,LPT-10541,dev44223,Active,21-Apr-2024 19:50:55,,manager174
EMP11019,  rudra.sood69  ,Rudra Sood,MKT,Manager,regional office,VDR-11019,DEV-38476,Exited,2023/07/01,,manager477
EMP12360,WARINDER.KUNDA5,Warinder Kunda,information tech,Director,branch office,,DEV-51252,Enabled,,not available,manager702
emp10165,LEELA.SANKARAN44,Leela Sankaran,procurement team,Analyst,Work_From_Home,VDR-10165,DEV94843,Live,21-Oct-2022 07:31:29,not available,manager794
EMP10248,yachana.sharaf71,Yachana Sharaf,customer care,Engineer,,VDR-10248,dev29641,Working,1717514918,,manager796
11331,harshil_seshadri19,Harshil Seshadri,IT Dept,Engineer,REGIONAL OFFICE,WS-11331,DEV-95184,Live,20/12/2020 22:15,not available,manager956
EMP12017,abdul.anne24,Abdul Anne,sales dept,Consultant,Remote,VDR-12017,dev 30868,Working,1683427702,NA,
EMP-10446,arunima.ramaswamy21,Arunima Ramaswamy,IT Dept,Officer,Data_Center,LPT-10446,,Active,2020-01-09 12:09:36,NA,MANAGER191
EMP11358,lavanya.pillai59,Lavanya Pillai,IT,Executive,,WS-11358,dev44521,A,,not available,
EMP12145,ekanta.ganguly29,Ekanta Ganguly,Brand Team,Officer,Data Center,VDR-12145,dev75773,Working,,not available,NA
EMP11329,udarsh.bali65,Udarsh Bali,Human Resource,Analyst,remote,ws-11329,dev91509,ACTIVE,31-Aug-2020 17:21:49,,MANAGER240
EMP12996,pushti.pillay28,Pushti Pillay,Innovation,Director,Work From Home,WS-12996,DEV-96086,D,,2025-12-09T05:33:54,MANAGER945
EMP12150,ekta.pall13,Ekta Pall,LEGAL,Consultant,Work From Home,VDR-12150,dev 12874,Left,24-Jan-2023 11:07:19,NA,manager409
EMP10434,wyatt.narang58,Wyatt Narang,marketing dept,Engineer,work from home,LPT-10434,dev85534,Active,,,
EMP12122,barkha.saini77,Barkha Saini,R&D,Director,work from home,VDR-12122,,OOO,07/06/2025 22:27,NA,
emp10577,divya.lalla88,Divya Lalla,Mktg,Administrator,Regional_Office,VDR-10577,,Disabled,2023-07-06 20:20:41,21/10/2023,MANAGER396
emp_12463,daksha_dube52,Daksha Dube,Human Resources,Specialist,Work From Home,VDR-12463,dev 56647,Active,2020-02-23T17:02:29,,NA
EMP-10291,upasna_krishnamurthy12,Upasna Krishnamurthy,Fin,Director,Data Center,VDR-10291,DEV82710,Live,2020/11/16,not available,MANAGER462
emp11848,dev.nath83,Dev Nath,CS,Specialist,,VDR-11848,DEV37495,LEFT,2025-07-31 16:27:05,2025/11/30,manager453
10762,quincy.choudhary38,Quincy Choudhary,LEGAL,Administrator,REGIONAL OFFICE,VDR-10762,dev 81098,Enabled,1633442245,not available,NA
EMP10388,kamala.kar94,Kamala Kar,IT,Specialist,data center,VDR-10388,dev 14244,Live,,not available,unknown
emp10235,zayan.sarin92,Zayan Sarin,Innovation,Manager,REGIONAL OFFICE,lpt-10235,dev10679,On Leave,05/05/2021 16:56,,manager999
EMP12685,eshana.pant35,Eshana Pant,Ops,Executive,,LPT-12685,DEV-35041,A,2020-11-25 00:04:58,NA,MANAGER807
11984,imaran.sankar8,Imaran Sankar,Legal Dept,Specialist,Regional Office,lpt-11984,DEV83126,Live,2023-05-21T12:34:03,,manager568
EMP-10267,rohan.swaminathan95,Rohan Swaminathan,People Team,Trainee,Branch Office,VDR-10267,,Working,2023-05-17 07:01:46,,NA
EMP10770,ryan.goel27,Ryan Goel,Support,Analyst,remote,WS-10770,DEV-99443,Enabled,02-14-2021 04:40:26 AM,NA,MANAGER530
emp12165,samesh.gopal34,Samesh Gopal,Finance,Analyst,WORK FROM HOME,ws-12165,dev51254,Active,2023-02-05 11:47:22,not available,MANAGER553
10437,wazir.parikh32,Wazir Parikh,SALES,Consultant,Remote,LPT-10437,dev23462,A,2025-01-02 22:28:04,NA,manager166
EMP 10673,robert.bandi13,Robert Bandi,Support,Executive,Branch Office,VDR-10673,dev14791,ACTIVE,2026-01-26 07:38:35,NA,NA
EMP10249,vasatika.loke27,Vasatika Loke,Procurement,Trainee,,VDR-10249,DEV-68390,DISABLED,,2025-08-16T02:30:49,  manager159  
EMP12201,,Jai Chander,Innovation,Director,HEAD OFFICE,LPT-12201.corp.local,DEV-81793,Live,07-06-2022 11:58:02 PM,NA,manager492
EMP11574,rajata.comar45,Rajata Comar,HR,Engineer,Remote,LPT-11574,dev 62617,A,1776386422,NA,manager788
EMP12142,onveer.bumb55,Onveer Bumb,Information Technology,Administrator,,,,Live,1697007762,NA,manager674
emp12081,jeevika.bajwa97,Jeevika Bajwa,IT Dept,Engineer,,ws-12081,dev 49597,Working,1681949790,not available,manager934
EMP-12698,amol.gole85,Amol Gole,Legal Dept,Executive,Work From Home,ws-12698,dev 68618,ACTIVE,01-Jul-2023 12:29:09,not available,manager878
EMP12647,ayush.tiwari76,Ayush Tiwari,Sales,Executive,HEAD OFFICE,VDR-12647,dev53857,Disabled,2022/01/01,2024/12/13,
EMP-12822,NEELIMA.VERMA76,Neelima Verma,FINANCE,Analyst,remote,WS-12822,,LWP,24/05/2022,,manager437
EMP10448,nikita.gala83,Nikita Gala,sales dept,Trainee,remote,WS-10448,,ACTIVE,26/06/2021 18:42,,
emp_11469,janya.ganesh32,Janya Ganesh,IT Dept,Consultant,Warehouse,WS-11469,dev38207,Active,09-19-2023 01:01:41 PM,NA,manager805
emp10716,orinder.pal67,Orinder Pal,Ops,Executive,remote,VDR-10716,dev 11386,Enabled,30/07/2020 02:51,not available,  manager200  
EMP12470,saanvi.manda62,Saanvi Manda,FINANCE,Consultant,DATA CENTER,LPT-12470,dev 34148,Terminated,1626369941,2021-08-09 07:34:06,manager320
emp_12985,,Champak Batra,IT,Trainee,WORK FROM HOME,lpt-12985,DEV-72126,Enabled,2020-07-02 02:11:36,NA,MANAGER270
EMP12048,lopa.dewan97,Lopa Dewan,Research and Development,Analyst,Remote,ws-12048,dev27009,Enabled,1715881283,NA,  manager977  
EMP11901,RADHA.ACHARYA83,Radha Acharya,RD,Director,,VDR-11901,dev76807,Working,25/03/2021 13:01,NA,manager838
emp11168,daksh.maharaj17,Daksh Maharaj,Accounts,Director,,WS-11168,,Enabled,11-24-2025 09:12:17 AM,NA,NA
EMP10082,gabriel.tailor63,Gabriel Tailor,HR,Analyst,Warehouse,WS-10082,DEV71524,Active,24-Nov-2022 12:52:33,not available,manager152
EMP12497,ethan.dave63,Ethan Dave,Ops Team,Specialist,Remote,VDR-12497.corp.local,dev 26569,Resigned,2026/04/23,,manager246
EMP11460,meera.ranganathan94,Meera Ranganathan,Innovation,Director,Head_Office,WS-11460,DEV46924,Live,1709268546,NA,manager151
EMP11893,damyanti.sha10,Damyanti Sha,Legal,Executive,branch office,WS_11893,,ACTIVE,18/07/2025,not available,MANAGER213
EMP 11668,jeremiah.salvi4,Jeremiah Salvi,Research and Development,Consultant,,LPT-11668.corp.local,dev 95118,Live,10/08/2022 16:26,not available,manager543
EMP12000,indali.korpal18,Indali Korpal,Legal,Director,Regional Office,,DEV-88159,ACTIVE,2020/03/01,,manager194
EMP10475,nachiket.bhatia55,Nachiket Bhatia,information tech,Officer,Head_Office,LPT-10475.corp.local,,Active,2025-09-13T09:46:26,not available,MANAGER373
EMP10517,rishi.tiwari28,Rishi Tiwari,finance dept,Executive,branch office,WS-10517,,Active,,not available,manager524
EMP10404,yochana.kannan92,Yochana Kannan,IT Dept,Officer,Warehouse,VDR-10404,,Enabled,2025-04-11T02:54:57,,manager875
EMP10384,,Aradhana Shankar,Accounts,Consultant,Regional_Office,LPT-10384,DEV52413,Live,,not available,manager245
EMP12507,ANUSHA.DOSHI69,Anusha Doshi,information tech,Trainee,REGIONAL OFFICE,LPT-12507,dev 97678,ACTIVE,2021-01-28 03:14:50,not available,manager120
EMP12152,suhani.sinha90,Suhani Sinha,Brand Team,Administrator,head office,VDR-12152.corp.local,dev64577,Live,15/07/2020 07:00,NA,manager858
EMP11633,nakul.sodhi53,Nakul Sodhi,IT,Director,Work_From_Home,WS-11633,DEV59431,Live,2021/08/11,NA,unknown
EMP12944,SAI.BARAD47,Sai Barad,Legal,Administrator,Branch Office,WS-12944,dev 16887,ACTIVE,1680843565,not available,manager869
EMP10688,keya.solanki95,Keya Solanki,Procurement,Trainee,,VDR-10688,dev88128,Active,2024-09-20T14:20:21,NA,manager555
11240,MEKHALA.SHENOY46,Mekhala Shenoy,Sales,Manager,branch office,VDR-11240,dev58714,A,09-03-2022 11:18:27 PM,NA,manager426
emp10062,,Samesh Mitra,operations dept,Director,,lpt-10062,dev71261,Resigned,04-17-2025 06:50:31 AM,17-Feb-2026 07:54:42,manager778
emp_10852,janani_sen81,Janani Sen,operations dept,Director,,LPT-10852,dev 45918,Terminated,07/03/2024,09/12/2025 03:30,
12834,FALAN.SURI68,Falan Suri,PURCH,Officer,DATA CENTER,WS-12834,dev 49366,Disabled,06-11-2023 02:20:08 AM,08/04/2025,manager226
EMP12552,pooja.suresh19,Pooja Suresh,Operations,Executive,Branch Office,VDR-12552,dev 45373,Live,2021/03/16,not available,
EMP11262,  devansh.ganguly55  ,Devansh Ganguly,SALES,Administrator,branch office,WS-11262,,Enabled,,NA,  manager631  
EMP10223,,Zinal Hari,Ops Team,Consultant,regional office,LPT-10223,dev64596,Enabled,03-03-2026 12:05:34 PM,,unknown
EMP12193,raagini.palla68,Raagini Palla,Customer Support,Executive,WORK FROM HOME,VDR-12193,DEV-88492,A,1662260309,not available,manager819
EMP10373,teerth.sandal43,Teerth Sandal,People Team,Analyst,DATA CENTER,LPT_10373,,Exited,07/09/2023 18:28,2025-05-13 09:05:54,manager491
EMP11824,PRANAV.KUNDA94,Pranav Kunda,procurement team,Officer,Head Office,LPT-11824,,Live,2026-01-28T03:55:07,not available,manager839
12614,anusha.bhargava60,Anusha Bhargava,customer care,Consultant,WORK FROM HOME,,dev 11235,ACTIVE,27/08/2020 08:37,,manager548
EMP12955,eiravati.mammen11,Eiravati Mammen,marketing dept,Engineer,Warehouse,lpt-12955,DEV52542,Live,2020-07-20 17:00:12,,manager543
EMP 12676,urvashi.suri76,Urvashi Suri,Compliance,Executive,,VDR-12676,,A,05-08-2026 04:06:07 PM,,manager760
emp_12766,aayush.sharaf53,Aayush Sharaf,Brand Team,Specialist,Head Office,LPT-12766,dev58867,Active,27-Oct-2024 10:40:41,NA,
emp10009,waida.tandon82,Waida Tandon,customer care,Engineer,regional office,WS-10009,,Enabled,2020-04-09T17:34:02,NA,NA
EMP11944,logan.shroff83,Logan Shroff,finance dept,Officer,DATA CENTER,WS-11944,dev42638,Active,2023-03-20 16:16:42,not available,  manager292  
EMP11838,yamini.ghose11,Yamini Ghose,hr dept,Manager,Head_Office,VDR-11838,dev11112,Live,1692872833,NA,manager194
EMP10708,krisha.dugar95,Krisha Dugar,FINANCE,Trainee,remote,lpt-10708,DEV-44242,Deactivated,2022-01-03T20:02:29,1782810015,NA
EMP10255,jonathan.sem1,Jonathan Sem,IT,Administrator,data center,VDR-10255,dev 81361,Live,24-Mar-2023 08:54:11,,unknown
EMP 11617,RYAN.SARIN13,Ryan Sarin,FINANCE,Specialist,Remote,vdr-11617,DEV-33190,Left,03-Jan-2026 14:34:59,2026-03-13 12:55:42,manager933
EMP10389,manbir.toor79,Manbir Toor,SALES,Specialist,Head Office,WS-10389,DEV-28434,ACTIVE,29/08/2020 17:41,NA,MANAGER427
EMP-11581,ONKAR.MITAL36,Onkar Mital,Mktg,Administrator,Regional Office,VDR-11581,dev 53100,Working,2022/02/19,not available,unknown
EMP 10924,noah.ranganathan16,Noah Ranganathan,RnD,Administrator,,vdr-10924,dev 10683,ACTIVE,,NA,NA
12036,inaya.arya14,Inaya Arya,operations dept,Director,,WS-12036,DEV-20434,Enabled,15/10/2022,not available,
EMP12475,KABIR.JOSHI32,Kabir Joshi,Compliance,Executive,Regional_Office,LPT-12475.corp.local,dev 21980,Exited,30-Jul-2020 05:39:41,not available,NA
EMP11224,chatresh.upadhyay99,Chatresh Upadhyay,Supply Chain,Executive,,VDR-11224.corp.local,DEV81260,Resigned,2020/09/01,19/11/2020 07:27,manager233
EMP-11946,laban.mani87,Laban Mani,Mktg,Executive,Warehouse,VDR-11946.corp.local,dev94565,A,2026-03-19 17:53:18,,manager404
EMP-10739,bhavna_bhalla19,Bhavna Bhalla,Legal,Executive,Regional Office,WS-10739,dev 82536,A,01-26-2022 11:27:30 PM,,
EMP-10040,kevin.tara47,Kevin Tara,IT Dept,Consultant,branch office,VDR_10040,DEV-42706,A,03/01/2023,NA,NA
EMP10868,  raghav.kannan72  ,Raghav Kannan,information tech,Specialist,Branch Office,WS-10868.corp.local,dev32264,Active,,NA,NA
10539,  varsha.gera12  ,Varsha Gera,marketing dept,Director,remote,VDR-10539,,ACTIVE,1631607209,NA,manager854
EMP12587,charvi.bhavsar17,Charvi Bhavsar,Support,Engineer,Warehouse,LPT-12587.corp.local,dev 70067,Working,2020-10-05 18:50:01,NA,  manager863  
EMP11371,chanakya.sharaf74,Chanakya Sharaf,Legal,Trainee,Warehouse,LPT-11371,DEV69486,ACTIVE,2020-12-06 13:28:39,NA,manager965
EMP11145,  sathvik.krishnamurthy8  ,Sathvik Krishnamurthy,sales team,Director,Data Center,VDR-11145,,L,08-20-2020 11:19:34 PM,12-20-2024 05:52:25 AM,manager898
EMP-11031,samuel.hari14,Samuel Hari,Ops Team,Consultant,branch office,LPT-11031.corp.local,DEV62709,Working,2020-02-07 05:23:46,,manager569
EMP10372,MADHAV.SOOD34,Madhav Sood,People Team,Analyst,Head Office,LPT-10372,DEV-94670,Live,1612409018,NA,manager967
EMP 10667,nathaniel.dhaliwal53,Nathaniel Dhaliwal,IT Dept,Officer,Remote,VDR-10667,DEV-98892,ACTIVE,,not available,manager691
EMP10357,bahadurjit.hegde65,Bahadurjit Hegde,IT Dept,Executive,branch office,VDR-10357,DEV-16019,LWP,02/08/2020 03:31,,unknown
EMP-10967,ikshita.luthra93,Ikshita Luthra,sales dept,Analyst,remote,ws-10967,dev 79784,Working,17/01/2020 00:42,NA,manager442
emp11353,anamika.morar74,Anamika Morar,MKT,Engineer,,LPT-11353,dev57443,Live,2022-09-05 02:24:36,not available,  manager218  
EMP11035,umang.dugal86,Umang Dugal,RD,Manager,REMOTE,LPT-11035,DEV89761,Left,26-Oct-2023 17:16:20,17/07/2026,MANAGER615
10470,noah.lad77,Noah Lad,Supply Chain,Consultant,,WS-10470,DEV64875,Leave,21/11/2025 13:42,not available,unknown
EMP11396,victor.ratta94,Victor Ratta,legal,Consultant,,vdr-11396,dev 24195,ACTIVE,2024-11-30 09:49:03,,
EMP12705,aarush.mani1,Aarush Mani,IT Dept,Director,Head Office,VDR-12705,dev28817,ACTIVE,2025-08-09 16:15:23,,manager509
11549,  nidhi.chada17  ,Nidhi Chada,customer care,Executive,branch office,VDR-11549.corp.local,,A,09/07/2020 02:01,NA,manager314
EMP11256,odika.ray44,Odika Ray,sales dept,Specialist,work from home,VDR-11256,,Deactivated,20-Jun-2026 18:05:30,NA,  manager771  
EMP12094,gautam.samra20,Gautam Samra,procurement team,Administrator,Data_Center,LPT-12094,,Disabled,11/01/2025 10:04,10-23-2025 06:21:39 AM,unknown
EMP11555,urmi.master69,Urmi Master,R&D,Executive,Work_From_Home,vdr-11555,dev93473,ACTIVE,2024-01-19 15:17:13,NA,manager363
EMP12668,manya.chaudry96,Manya Chaudry,Purchase,Consultant,head office,WS-12668,DEV10074,ACTIVE,23-Aug-2024 18:31:18,,manager935
11250,triya.venkataraman48,Triya Venkataraman,customer care,Analyst,REGIONAL OFFICE,,dev 44037,Resigned,1589399974,2022-12-15T05:30:24,MANAGER437
EMP11699,VANSHA.MANI80,Vansha Mani,OPERATIONS,Manager,,WS-11699,DEV70645,Live,11/03/2026 06:42,,MANAGER560
EMP11252,zayan.bhalla97,Zayan Bhalla,Procurement,Director,REGIONAL OFFICE,WS-11252,dev 97586,Live,,NA,manager589
EMP12865,  frederick.sama65  ,Frederick Sama,Innovation,Manager,work from home,VDR-12865,,Enabled,1612402661,NA,manager638
emp10079,reyansh.chauhan69,Reyansh Chauhan,finance dept,Engineer,branch office,VDR-10079,DEV73464,A,2025-01-05 18:47:09,,NA
EMP11172,victor.khalsa18,Victor Khalsa,Human Resources,Analyst,remote,ws-11172,,ACTIVE,23-Mar-2021 19:52:31,NA,unknown
EMP10814,jagdish.soman87,Jagdish Soman,HR,Manager,Branch Office,WS_10814,dev 62510,Live,2020/11/12,,manager272
EMP 11852,kevin.pillai31,Kevin Pillai,Support,Specialist,Data_Center,WS-11852,dev 36510,A,22-Jul-2023 06:39:36,NA,manager109
emp_12220,adweta.rastogi43,Adweta Rastogi,Call Center,Specialist,Head Office,WS-12220,dev16998,Blocked,2022/04/01,05-13-2025 06:00:16 PM,manager235
EMP 12710,samar.modi39,Samar Modi,Fin,Engineer,REGIONAL OFFICE,LPT-12710,dev60998,Enabled,06-12-2022 08:52:18 PM,not available,manager866
EMP12105,,Jatin Khare,Ops,Administrator,,LPT-12105,DEV-42256,Enabled,26/11/2020 15:37,NA,manager929
EMP10133,liam.kunda31,Liam Kunda,Procurement,Consultant,Head_Office,LPT-10133,dev 44782,Live,04-23-2026 10:30:25 AM,NA,manager216
EMP-11140,anusha.roy27,Anusha Roy,Purchase,Director,head office,LPT-11140,DEV-27102,A,12-Feb-2025 20:04:47,,manager700
EMP-10933,saksham.balay20,Saksham Balay,Human Resource,Consultant,REMOTE,WS_10933,dev 49748,A,2020-03-27 22:10:28,,NA
EMP10928,baljiwan_das61,Baljiwan Das,sales dept,Trainee,,WS-10928,,Enabled,01-Jan-2025 14:18:46,NA,manager897
emp_10823,kala.parikh22,Kala Parikh,RnD,Director,branch office,WS-10823,DEV60997,Working,2020-12-05T20:06:45,,manager602
EMP11531,lakshit.barad43,Lakshit Barad,Sales,Administrator,,VDR-11531,,A,18/06/2025,,manager505
EMP-11214,frado.toor13,Frado Toor,HR,Manager,Head_Office,VDR-11214,dev12153,Live,01/07/2023,,manager867
EMP10504,harsh.kapadia89,Harsh Kapadia,PURCH,Executive,Warehouse,VDR-10504,DEV-57774,Blocked,1692809690,2024/12/22,manager326
EMP10152,finn.vig49,Finn Vig,Support,Engineer,WAREHOUSE,VDR-10152,DEV-97562,DISABLED,2020/08/11,,manager570
emp12395,alexander.vohra99,Alexander Vohra,IT Support,Manager,,VDR_12395,dev 31370,Leave,2025-08-18 12:08:17,not available,NA
EMP-11996,harshil.chana4,Harshil Chana,Information Technology,Manager,data center,,DEV17338,Active,17/05/2022,not available,manager744
EMP-12434,radha.arya51,Radha Arya,SALES,Manager,,WS-12434,,ACTIVE,11-Jul-2021 13:32:23,,manager642
EMP11958,,Vanya Parekh,HR,Manager,Work_From_Home,vdr-11958,DEV76176,Active,10-14-2022 07:46:31 AM,NA,
EMP11384,daniel_bains55,Daniel Bains,Compliance,Administrator,HEAD OFFICE,WS-11384,DEV73636,Live,1669062323,NA,manager146
EMP-10894,balhaar.shukla89,Balhaar Shukla,Compliance,Administrator,HEAD OFFICE,LPT-10894,dev 27709,Active,1607878083,not available,NA
EMP10828,vincent.anne76,Vincent Anne,hr dept,Manager,Work From Home,WS-10828,dev25003,Enabled,,not available,MANAGER138
EMP11411,zaid.raval52,Zaid Raval,Brand Team,Officer,WAREHOUSE,VDR-11411,DEV-96424,Enabled,2025-01-15T06:22:35,NA,MANAGER848
EMP11683,maanav.venkatesh88,Maanav Venkatesh,MKT,Administrator,Work From Home,LPT-11683,,ACTIVE,03-14-2024 01:34:18 PM,NA,manager850
EMP 12653,andrew.sabharwal19,Andrew Sabharwal,RnD,Manager,Head_Office,LPT-12653,dev70920,Deactivated,2025-07-16T08:37:54,NA,manager223
EMP12637,ijaya.naik56,Ijaya Naik,Ops,Administrator,Data_Center,WS-12637,,ACTIVE,17-Jan-2023 14:05:55,not available,manager204
emp12589,pratyush.pillay84,Pratyush Pillay,Mktg,Officer,Regional Office,WS-12589,DEV-11511,Working,08-27-2023 01:08:00 AM,NA,  manager432  
EMP-10652,ayush.srinivasan64,Ayush Srinivasan,CS,Analyst,warehouse,ws-10652,dev 41179,Active,10/08/2025 21:41,NA,manager519
EMP10172,chakradhar.ravi22,Chakradhar Ravi,Research and Development,Analyst,Data Center,WS-10172,DEV98652,ACTIVE,2023-10-12 01:51:22,not available,  manager870  
EMP10038,GIRIK.PALLA99,Girik Palla,FINANCE,Administrator,Branch_Office,VDR-10038,DEV67912,Enabled,08-21-2023 06:38:52 PM,NA,manager214
EMP12946,  faris.khosla82  ,Faris Khosla,Ops,Consultant,Warehouse,lpt-12946,dev 93802,Live,1761798060,,  manager971  
EMP10713,azaan.luthra2,Azaan Luthra,Mktg,Trainee,data center,VDR-10713,DEV51377,On Leave,10-22-2025 02:56:53 PM,NA,unknown
emp10090,yashasvi.chacko19,Yashasvi Chacko,hr dept,Analyst,Branch_Office,ws-10090,,Live,2024/11/03,,
EMP10393,aarini.deep10,Aarini Deep,IT Support,Administrator,head office,WS-10393,dev 44226,ON_LEAVE,18/08/2020,not available,manager484
11205,,Mitali Tandon,R&D,Trainee,Warehouse,vdr-11205,DEV31061,ON_LEAVE,,not available,manager809
EMP12549,neel.chad33,Neel Chad,Operations,Administrator,Regional Office,WS-12549.corp.local,DEV24663,ON_LEAVE,1607622221,NA,manager660
EMP12664,chanchal.chandran29,Chanchal Chandran,Finance,Trainee,,LPT_12664,DEV-74652,Enabled,2020-09-27 07:41:07,,manager686
emp_11827,aditya.krishnan20,Aditya Krishnan,legal,Officer,Warehouse,WS-11827,dev37605,A,2020-07-24 18:20:14,,manager138
EMP11155,  andrew.sura23  ,Andrew Sura,sales team,Specialist,Data_Center,VDR-11155,DEV33646,Active,2020-03-06 09:24:03,not available,manager281
EMP-11324,yash.rattan31,Yash Rattan,SALES,Manager,Warehouse,LPT-11324,DEV-39769,Live,05-27-2026 03:36:59 AM,NA,
EMP10216,nitesh.devi69,Nitesh Devi,IT Support,Manager,data center,lpt-10216,,Active,01-Jul-2026 05:17:18,not available,manager146
EMP10510,waida.naik66,Waida Naik,hr dept,Director,Remote,VDR-10510,DEV11388,ACTIVE,1742665826,,manager875
EMP11680,WIDISHA.PARIKH34,Widisha Parikh,Accounts,Officer,WAREHOUSE,LPT-11680,DEV26254,Live,2020/08/23,NA,manager968
EMP10499,UMANG.HANS19,Umang Hans,HR,Analyst,,VDR-10499,DEV-88204,ACTIVE,28-Aug-2024 02:27:23,,NA
EMP12555,fitan.dada61,Fitan Dada,Legal Dept,Manager,regional office,WS-12555,,DISABLED,02-15-2026 02:00:40 PM,04-08-2026 02:23:24 PM,manager453
emp11856,isha.nadkarni6,Isha Nadkarni,RD,Specialist,Warehouse,WS_11856,dev80620,On Leave,1700360505,not available,manager440
EMP11388,VICTOR.DANI26,Victor Dani,Finance,Officer,,VDR-11388.corp.local,,A,05-16-2021 11:10:02 AM,,unknown
EMP11519,jagvi.kar22,Jagvi Kar,FINANCE,Specialist,regional office,,,ON_LEAVE,1705014861,NA,manager907
EMP-12386,diya.vala41,Diya Vala,IT Support,Executive,Branch_Office,VDR-12386,dev58052,Resigned,05-22-2021 01:42:53 PM,22/02/2026,
EMP12804,libni.guha87,Libni Guha,hr dept,Specialist,REGIONAL OFFICE,VDR-12804,DEV22144,Working,,NA,NA
EMP12076,saumya.puri42,Saumya Puri,Finance,Specialist,Warehouse,VDR-12076,DEV41854,Working,28/03/2020 05:40,not available,NA
emp11540,daksh.ravel78,Daksh Ravel,Information Technology,Executive,WAREHOUSE,ws-11540,DEV19078,Working,06/09/2022,NA,NA
emp11217,harinakshi.bhatia16,Harinakshi Bhatia,Ops Team,Trainee,Data Center,VDR-11217,DEV61879,Active,2023/03/09,not available,
EMP-11416,ria.khare57,Ria Khare,Legal,Trainee,Remote,WS-11416,dev75585,Active,2022/01/18,NA,manager486
12217,HIRAL.BOBAL16,Hiral Bobal,R&D,Trainee,,WS-12217,DEV21824,A,04-Mar-2021 15:46:11,NA,MANAGER494
EMP12596,HAMSINI.JAYARAMAN36,Hamsini Jayaraman,Human Resource,Specialist,DATA CENTER,WS-12596,DEV-81536,ACTIVE,1650196930,not available,NA
EMP 11676,balhaar.swaminathan14,Balhaar Swaminathan,PURCH,Manager,head office,VDR-11676.corp.local,DEV-28181,A,1778106850,not available,
11197,oliver.venkataraman8,Oliver Venkataraman,sales dept,Officer,,LPT-11197,dev 23801,Enabled,1620304847,NA,  manager974  
EMP11542,warinder.thakur28,Warinder Thakur,Operations,Analyst,Branch_Office,WS-11542,DEV26136,Deactivated,11/03/2023 10:31,10/05/2026 02:42,NA
EMP10953,laban.sankar95,Laban Sankar,customer care,Specialist,Head_Office,ws-10953,DEV-21759,Working,2021/01/17,not available,NA
emp_10750,wazir.bobal30,Wazir Bobal,People Team,Consultant,Branch_Office,LPT-10750,DEV41079,Enabled,2021-09-13 05:47:15,,  manager325  
EMP10234,  kabir.dhawan31  ,Kabir Dhawan,Business Sales,Analyst,Regional Office,VDR_10234,,Live,2020-06-12 02:01:14,NA,MANAGER438
EMP-10732,PETER.KHATRI9,Peter Khatri,Support,Administrator,data center,VDR-10732,DEV-68891,On Leave,1582244050,not available,manager157
EMP-10794,zashil.mistry18,Zashil Mistry,Ops Team,Executive,,WS-10794,dev 57338,ACTIVE,11/01/2023,NA,manager398
EMP11156,RIA.SRIVASTAVA51,Ria Srivastava,PURCH,Engineer,HEAD OFFICE,lpt-11156,dev 19443,ACTIVE,11-14-2023 05:03:37 PM,not available,NA
EMP12652,oliver.seshadri52,Oliver Seshadri,Accounts,Trainee,REGIONAL OFFICE,LPT-12652,DEV33627,Enabled,01/07/2021 00:15,,manager758
EMP12445,madhavi.pandya32,Madhavi Pandya,Human Resources,Specialist,Branch_Office,WS-12445,DEV89521,ACTIVE,06-27-2023 01:17:27 AM,not available,manager615
EMP11209,oscar.bumb13,Oscar Bumb,IT,Engineer,Regional Office,LPT-11209.corp.local,dev65073,ACTIVE,2021/05/31,not available,manager321
emp11065,benjamin.toor48,Benjamin Toor,operations dept,Consultant,Work From Home,LPT-11065,dev57344,Working,21/03/2023 18:12,not available,manager464
EMP 12156,oscar.tak70,Oscar Tak,Legal Dept,Specialist,,VDR-12156,DEV-90924,D,02-12-2022 12:58:46 PM,06-26-2025 08:01:18 AM,manager662
EMP11062,vedant.halder11,Vedant Halder,LEGAL,Manager,REMOTE,lpt-11062,dev54846,A,1640860110,NA,manager788
EMP 11167,yagnesh.goswami58,Yagnesh Goswami,RnD,Manager,head office,VDR-11167,DEV66027,Leave,2022-05-15 04:41:11,NA,manager430
EMP11492,vasudha.sridhar67,Vasudha Sridhar,R&D,Director,HEAD OFFICE,WS-11492,DEV-44082,Terminated,2024-07-27 11:04:56,2026-03-22 15:53:26,MANAGER646
12550,CHARAN.VORA9,Charan Vora,RD,Analyst,,WS-12550,dev50159,Live,,not available,unknown
EMP10884,ayushman.ravi61,Ayushman Ravi,marketing dept,Specialist,WAREHOUSE,WS-10884,DEV-21825,Working,,,manager544
EMP10143,rushil.chauhan74,Rushil Chauhan,customer care,Engineer,Branch Office,VDR-10143,,Enabled,2020/12/02,not available,manager669
EMP11241,bhavani.shetty89,Bhavani Shetty,IT Support,Consultant,Branch Office,WS-11241,,D,2021/12/23,2025/04/04,manager317
EMP10850,faqid.char88,Faqid Char,People Team,Officer,,LPT_10850,,ACTIVE,2023-05-05 22:22:55,not available,
EMP 10717,nisha.nagarajan68,Nisha Nagarajan,People Team,Trainee,Remote,LPT-10717,dev 47132,Working,2020-04-15T18:20:17,NA,
EMP12927,quincy.toor85,Quincy Toor,MKT,Executive,work from home,LPT-12927,dev 39706,Working,08/10/2020 01:56,not available,manager854
EMP 12502,bina.agate14,Bina Agate,hr dept,Executive,REGIONAL OFFICE,LPT-12502,,ACTIVE,2024-06-28T22:41:47,NA,manager870
EMP10264,laban.mangat50,Laban Mangat,sales team,Administrator,BRANCH OFFICE,WS-10264,DEV94765,A,29/10/2023 10:32,not available,
emp10075,MAANAS.CHANDA72,Maanas Chanda,Information Technology,Officer,branch office,LPT-10075,dev 41635,Live,2024/02/26,not available,manager346
emp_12492,jonathan.krish81,Jonathan Krish,Legal Dept,Administrator,Remote,LPT-12492,DEV-89900,Enabled,25/12/2024 03:11,not available,NA
EMP10395,charles.saini84,Charles Saini,Finance,Specialist,data center,LPT-10395,dev17019,ACTIVE,2021-09-30T14:57:14,not available,unknown
EMP12624,yahvi.oommen57,Yahvi Oommen,operations dept,Manager,DATA CENTER,VDR_12624,dev25518,Enabled,2023-02-07 00:17:49,NA,manager998
EMP-12224,QUSHI.SHENOY44,Qushi Shenoy,LEGAL,Administrator,Head Office,WS-12224,DEV32502,Enabled,2021-02-26T13:49:19,not available,manager985
EMP 12884,panini.gaba68,Panini Gaba,IT,Administrator,REMOTE,LPT-12884,DEV-70822,ACTIVE,30/05/2026 01:51,,unknown
emp10396,bhavini.bhakta53,Bhavini Bhakta,CS,Officer,Remote,VDR_10396,,Working,10-25-2020 12:00:35 AM,,MANAGER685
EMP11365,  osha.modi13  ,Osha Modi,Business Sales,Administrator,,WS-11365,DEV-16329,Enabled,19-Jun-2024 17:16:35,,manager964
EMP-12577,kala.rai4,Kala Rai,RnD,Consultant,DATA CENTER,VDR-12577.corp.local,dev 89588,Enabled,30/05/2022 10:36,,manager820
EMP-11903,amruta.modi14,Amruta Modi,SALES,Administrator,remote,LPT-11903,DEV-97614,Exited,2025-03-21 08:53:36,06/05/2026,NA
EMP10595,chaitanya.sodhi25,Chaitanya Sodhi,CS,Trainee,Work_From_Home,VDR-10595.corp.local,DEV-30202,Enabled,1664434089,,manager429
EMP-12109,nitesh.deol94,Nitesh Deol,Ops,Trainee,Head_Office,LPT-12109,dev 87692,A,2026-02-14 07:37:39,,manager450
EMP11296,upma.warrior70,Upma Warrior,marketing dept,Specialist,regional office,,DEV-96266,Working,2023/09/05,NA,manager122
EMP11821,caleb.murty72,Caleb Murty,MKT,Analyst,Head Office,VDR-11821,DEV-38664,ACTIVE,27/02/2023 11:37,,manager513
EMP 10872,vanya.upadhyay82,Vanya Upadhyay,RD,Analyst,branch office,lpt-10872,,Active,04-21-2020 10:04:59 AM,not available,manager267
EMP12997,  naksh.bal73  ,Naksh Bal,customer care,Administrator,,VDR-12997,DEV18136,On Leave,10/09/2023 21:20,not available,manager321
EMP12326,JONATHAN.PRAKASH23,Jonathan Prakash,Information Technology,Specialist,regional office,LPT-12326,dev 85446,Working,1707931273,not available,NA
emp_11548,suhani.kapur11,Suhani Kapur,LEGAL,Trainee,Head Office,WS-11548,DEV-94850,Terminated,20-May-2020 22:59:40,03/07/2022,manager109
EMP10036,lipika.ahuja14,Lipika Ahuja,Call Center,Executive,Remote,WS-10036,DEV89276,Live,01/12/2022 07:00,NA,manager749
EMP12924,nirja.dutt28,Nirja Dutt,RnD,Officer,,lpt-12924,DEV-25600,Live,2024-03-27 21:56:09,not available,manager823
emp_12143,ubika.ranganathan44,Ubika Ranganathan,Human Resource,Director,Branch_Office,LPT-12143,DEV-56605,Live,25/01/2022 11:10,not available,unknown
emp12635,ikbal.sharaf98,Ikbal Sharaf,PURCH,Trainee,WAREHOUSE,LPT-12635,DEV-54743,Enabled,2021-04-25 20:04:32,,manager754
EMP10977,udyati.trivedi33,Udyati Trivedi,operations dept,Director,Data_Center,VDR-10977,,Live,25-Jan-2022 10:45:46,not available,manager145
EMP11571,,Vidhi Bansal,R&D,Trainee,,LPT-11571,DEV49320,Enabled,,NA,manager784
EMP-11122,jacob.hayer63,Jacob Hayer,IT Support,Consultant,Head_Office,VDR-11122,dev70339,Active,2023-01-04 12:09:21,not available,manager458
EMP12239,zilmil.minhas52,Zilmil Minhas,Brand Team,Officer,Data Center,LPT-12239.corp.local,DEV-66264,ACTIVE,2025/01/01,not available,manager834
EMP12504,jatin_das11,Jatin Das,MKT,Consultant,Warehouse,LPT-12504,DEV-12970,Working,,not available,MANAGER987
emp_11892,  sudiksha.patil75  ,Sudiksha Patil,Human Resource,Engineer,BRANCH OFFICE,VDR-11892,DEV15269,Enabled,2022-02-15 17:03:03,NA,  manager848  
EMP 10675,  jackson.lad85  ,Jackson Lad,marketing dept,Analyst,warehouse,WS-10675,dev 93735,L,09-23-2022 10:34:28 PM,2023-12-13 02:34:50,manager426
EMP10728,harita.lall46,Harita Lall,Ops Team,Administrator,Data Center,LPT-10728,,OOO,2025-07-03 09:21:55,not available,manager647
EMP10412,rohan.dada48,Rohan Dada,IT Dept,Consultant,,WS-10412,,Active,07/03/2024 09:47,not available,NA
EMP11516,ria.batra56,Ria Batra,Mktg,Manager,,WS-11516,dev54883,A,1722413477,not available,NA
EMP11649,ekbal.dhar82,Ekbal Dhar,Accounts,Director,REMOTE,LPT-11649.corp.local,DEV-58244,Live,2023/09/03,NA,
EMP10825,abeer.mishra34,Abeer Mishra,Innovation,Specialist,DATA CENTER,VDR_10825,DEV98668,Enabled,06-02-2022 05:12:00 PM,,manager128
emp10616,ISHA.BIR7,Isha Bir,CS,Director,Remote,LPT-10616.corp.local,dev62235,Working,2025-12-08T04:59:51,not available,MANAGER238
EMP10114,CHATURA.DUBE60,Chatura Dube,Mktg,Officer,BRANCH OFFICE,LPT-10114,dev67898,L,2024/12/30,,manager567
emp10417,falguni.borde91,Falguni Borde,sales team,Administrator,Remote,WS-10417.corp.local,,Active,,,MANAGER347
EMP11625,vansha.bhalla14,Vansha Bhalla,operations dept,Officer,,VDR-11625,DEV60961,ACTIVE,1784730951,,manager800
EMP12895,max.kant36,Max Kant,finance dept,Trainee,Data Center,WS-12895.corp.local,,LEFT,10-13-2021 06:51:00 PM,1753189452,manager102
EMP10089,  brijesh.din81  ,Brijesh Din,Procurement,Engineer,Data_Center,lpt-10089,DEV81376,ACTIVE,2021-04-07 21:27:16,NA,
EMP12082,nikita.toor74,Nikita Toor,procurement team,Consultant,HEAD OFFICE,WS_12082,dev 18704,Active,21/05/2021,NA,NA
EMP10753,tanmayi.rai5,Tanmayi Rai,Procurement,Analyst,REMOTE,LPT-10753,DEV24563,Blocked,25/11/2023,,manager402
EMP12546,  reva.nayak73  ,Reva Nayak,IT,Analyst,work from home,WS-12546,dev 38336,Active,2020-10-04 23:45:27,,manager897
EMP11630,lakshmi.lalla82,Lakshmi Lalla,procurement team,Analyst,Head Office,WS_11630,DEV-37004,Terminated,2020-12-27T10:16:10,NA,manager346
EMP10011,wriddhish.dey59,Wriddhish Dey,Fin,Administrator,branch office,LPT-10011,,A,1778361792,,manager697
EMP12444,raagini.bhakta93,Raagini Bhakta,Ops,Specialist,branch office,LPT-12444,dev93205,L,30/07/2024,26/05/2026 07:39,manager372
EMP10284,nihal.kamdar76,Nihal Kamdar,Fin,Director,,WS-10284.corp.local,DEV31292,A,26/10/2024 15:54,NA,NA
EMP11066,ekansh.bawa43,Ekansh Bawa,People Team,Analyst,DATA CENTER,VDR-11066,,Active,2021/03/07,not available,manager225
EMP11191,ekbal.shah56,Ekbal Shah,IT Dept,Director,branch office,LPT-11191,DEV90004,ACTIVE,,NA,manager609
emp_11440,yutika.raju42,Yutika Raju,hr dept,Consultant,work from home,LPT-11440,dev 30807,Working,05/11/2022,not available,manager202
emp_12886,nathaniel.banerjee74,Nathaniel Banerjee,Marketing,Analyst,Remote,VDR-12886,DEV-92304,ACTIVE,2020-05-20 07:10:45,not available,manager542
EMP12885,EKANTA.BAVA97,Ekanta Bava,RD,Administrator,warehouse,LPT-12885,DEV85109,Live,12/06/2025 02:14,not available,manager328
emp_12793,raksha.dugal5,Raksha Dugal,PURCH,Manager,warehouse,WS-12793,,Enabled,11/12/2022 23:14,,manager180
EMP11568,oviya.shukla26,Oviya Shukla,Ops Team,Officer,Warehouse,LPT-11568,DEV-83778,Deactivated,,2026-01-03 15:00:39,  manager810  
EMP-12427,oviya.mannan17,Oviya Mannan,sales dept,Administrator,,LPT_12427,dev 24652,A,29/01/2026 23:45,,
EMP12656,amaira.nath55,Amaira Nath,Purchase,Analyst,,VDR-12656,,Working,2021/07/13,not available,manager682
emp11687,wridesh.karpe22,Wridesh Karpe,information tech,Consultant,,WS-11687,DEV70508,Live,2023/06/06,,manager575
EMP10851,DARPAN.KAPOOR33,Darpan Kapoor,Brand Team,Manager,Work_From_Home,lpt-10851,,A,2021-05-12 19:24:29,NA,unknown
EMP-12207,yutika.dugar86,Yutika Dugar,LEGAL,Director,Remote,LPT-12207,,A,04/07/2025,NA,manager479
EMP10895,hardik.basu90,Hardik Basu,sales dept,Analyst,BRANCH OFFICE,ws-10895,DEV-95016,Enabled,21-Jan-2022 04:26:22,,manager741
EMP10496,ati_chaudhary14,Ati Chaudhary,MKT,Administrator,warehouse,lpt-10496,dev46899,Working,2023-09-21T19:29:56,not available,manager941
EMP-12305,viraj.chandran86,Viraj Chandran,customer care,Trainee,DATA CENTER,lpt-12305,DEV59002,Leave,09/04/2022 18:38,,manager578
EMP-11782,qadim.amble59,Qadim Amble,Customer Support,Consultant,BRANCH OFFICE,WS-11782,DEV-89427,A,21-Jan-2021 14:07:08,not available,
EMP10335,fariq.saxena84,Fariq Saxena,finance dept,Analyst,data center,VDR-10335,DEV50043,Active,2026-06-04 10:11:28,NA,manager771
EMP10515,,Anamika Bir,People Team,Officer,REMOTE,WS-10515,dev39215,Active,01-01-2023 09:58:56 AM,,NA
EMP11348,amaira.karpe43,Amaira Karpe,Legal Dept,Consultant,data center,WS-11348,dev 91515,ACTIVE,2023/02/18,,manager253
EMP-11015,EIRAVATI.DYAL26,Eiravati Dyal,Information Technology,Executive,data center,LPT-11015,DEV-62328,Enabled,1644097441,,manager682
EMP12893,ANAY.DUBEY90,Anay Dubey,Support,Administrator,HEAD OFFICE,VDR-12893,DEV65087,Active,02/07/2025,not available,
EMP10727,kabir.sampath9,Kabir Sampath,customer care,Engineer,,WS-10727.corp.local,,Working,21/07/2024,not available,
EMP 11781,vivaan.sur44,Vivaan Sur,finance dept,Trainee,REMOTE,LPT-11781,,Live,2022/04/21,,NA
EMP12569,mitali.bhardwaj73,Mitali Bhardwaj,People Team,Manager,Remote,LPT-12569,dev63240,D,2020/03/12,,manager871
emp11785,vidhi.banerjee77,Vidhi Banerjee,People Team,Trainee,Data_Center,WS-11785,dev 51044,A,2021-07-16 16:08:51,NA,  manager878  
EMP12070,,Suhani Ghose,CS,Officer,branch office,LPT-12070,dev 31831,Working,2023-02-03 22:51:46,,manager350
EMP10356,samaksh.munshi71,Samaksh Munshi,Legal,Engineer,Remote,LPT-10356,DEV64559,L,2022/09/21,01-19-2023 11:55:59 PM,MANAGER222
EMP12937,turvi.garg83,Turvi Garg,Supply Chain,Director,Regional Office,LPT-12937,dev 25279,Enabled,08-Aug-2021 23:36:10,NA,manager563
EMP11312,lekha.raman10,Lekha Raman,Ops,Executive,Regional Office,vdr-11312,DEV94178,Active,2021-08-13T17:38:05,not available,
EMP11635,  varenya.gopal89  ,Varenya Gopal,SALES,Manager,Regional Office,LPT-11635,DEV-25109,ACTIVE,2024-02-26T19:56:41,not available,manager649
EMP10550,harini.chakrabarti74,Harini Chakrabarti,MKT,Trainee,Branch Office,VDR-10550,,A,,NA,manager155
EMP12388,edhitha.kurian21,Edhitha Kurian,sales dept,Engineer,BRANCH OFFICE,vdr-12388,,Live,27-Dec-2021 07:23:14,NA,manager116
EMP12479,abdul.nair65,Abdul Nair,operations dept,Trainee,REMOTE,VDR-12479,DEV-21014,Working,2020/06/19,,manager153
EMP12521,jackson.sarma53,Jackson Sarma,Brand Team,Analyst,REMOTE,LPT-12521,DEV14911,ACTIVE,06-Oct-2024 12:46:15,not available,manager238
EMP12265,charvi.saraf85,Charvi Saraf,Supply Chain,Executive,branch office,LPT-12265,DEV-50332,Live,10-22-2020 10:16:24 PM,NA,manager854
EMP-11227,omya.mutti75,Omya Mutti,Human Resource,Manager,,VDR-11227,DEV26080,Working,2022/05/27,,manager284
EMP12762,nathaniel.jhaveri55,Nathaniel Jhaveri,Marketing,Officer,Work From Home,LPT-12762,DEV-79833,Disabled,2023-02-14 21:39:51,22-Apr-2024 08:28:23,manager348
EMP10957,gautami.chaudhry72,Gautami Chaudhry,Innovation,Director,WAREHOUSE,LPT-10957,DEV95078,ACTIVE,2024/07/31,not available,manager952
emp11773,osha.purohit36,Osha Purohit,Innovation,Consultant,,,DEV89337,Working,15-Aug-2022 08:43:21,,unknown
EMP12141,  darpan.keer78  ,Darpan Keer,LEGAL,Administrator,,VDR-12141.corp.local,dev 59324,Active,11-Feb-2022 13:03:17,,manager726
11008,jason.ravi20,Jason Ravi,Ops,Specialist,Regional Office,VDR-11008,DEV89670,ACTIVE,29-Apr-2023 10:33:50,,
EMP11092,ati.kota16,Ati Kota,HR,Manager,head office,WS-11092,DEV94070,Enabled,02/05/2024 17:36,NA,manager700
EMP12756,karan.mohan54,Karan Mohan,SALES,Administrator,remote,WS-12756,dev 38618,Active,2025-01-22T04:08:02,NA,
10996,oeshi.bal11,Oeshi Bal,Finance,Manager,REMOTE,,DEV-78002,Working,19/12/2024,not available,manager624
EMP11679,jacob.devan87,Jacob Devan,Purchase,Analyst,Data Center,LPT_11679,dev76530,Live,2021-06-30T08:23:38,NA,unknown
10153,arunima.lanka10,Arunima Lanka,Operations,Specialist,,,,Active,21/07/2023 17:31,not available,manager514
12867,banjeet.singh7,Banjeet Singh,LEGAL,Manager,,LPT-12867,dev43478,Enabled,23/02/2023,NA,
EMP10580,anay.palan12,Anay Palan,Fin,Analyst,Data Center,LPT-10580,DEV-54815,Live,,NA,
EMP11470,vansha.lalla24,Vansha Lalla,Marketing,Officer,Regional Office,,DEV-89249,Working,1626493521,,manager379
EMP10703,rachana_nath10,Rachana Nath,Support,Specialist,remote,VDR-10703,dev 16917,Left,20-Jul-2024 06:58:17,2025/07/19,  manager580  
EMP11212,  naksh.kalita55  ,Naksh Kalita,Customer Support,Consultant,head office,LPT-11212,,Live,2021-07-03 14:15:33,NA,manager266
emp_10896,omisha.raju69,Omisha Raju,sales team,Manager,Remote,WS_10896,DEV-29420,A,08/03/2020,not available,manager256
EMP10487,aadi.hari72,Aadi Hari,IT,Manager,Regional Office,WS-10487,DEV-68414,ACTIVE,2025/06/18,not available,manager736
EMP10559,elijah.mani33,Elijah Mani,Research and Development,Manager,DATA CENTER,VDR-10559,dev 53864,Working,2023-01-24T10:24:21,,manager929
emp_11141,champak.banerjee84,Champak Banerjee,sales dept,Engineer,regional office,WS-11141,dev22928,Live,2024/08/25,NA,manager408
EMP-11119,rajeshri.wagle66,Rajeshri Wagle,OPERATIONS,Analyst,data center,WS_11119,,Enabled,17/12/2020 19:18,not available,manager795
EMP10512,chanchal.karan62,Chanchal Karan,OPERATIONS,Analyst,BRANCH OFFICE,WS-10512,dev 40375,Active,21-Feb-2023 19:05:02,not available,manager784
EMP-10633,pahal_sidhu88,Pahal Sidhu,SALES,Executive,,,DEV78656,LEFT,29/08/2023 03:55,,unknown
emp12663,zansi.master45,Zansi Master,PURCH,Specialist,Work_From_Home,VDR-12663.corp.local,dev 52604,ACTIVE,1739870655,,manager719
EMP11664,qabil.vig75,Qabil Vig,Procurement,Executive,Data Center,LPT-11664,,Terminated,26-Oct-2024 22:24:14,17-Jul-2025 20:17:58,NA
EMP 11012,SHIVANSH.KORPAL9,Shivansh Korpal,R&D,Analyst,Remote,vdr-11012,dev11447,ACTIVE,30/06/2023,not available,manager213
EMP11931,tamanna.ravi2,Tamanna Ravi,IT Dept,Analyst,WORK FROM HOME,,dev 13977,ACTIVE,27-May-2021 09:37:10,NA,NA
EMP-11150,nicholas.swaminathan78,Nicholas Swaminathan,Ops,Consultant,Head_Office,VDR-11150,DEV81994,Active,2021-02-19T02:48:10,NA,manager726
EMP12890,vedhika.sami86,Vedhika Sami,RnD,Trainee,remote,VDR-12890,DEV67250,Enabled,2025-03-09 03:43:43,,MANAGER216
EMP10116,wahab.bir90,Wahab Bir,Marketing,Analyst,Work_From_Home,VDR-10116,DEV61879,ACTIVE,24/10/2024 06:43,not available,
EMP10740,devansh.raman6,Devansh Raman,Finance,Manager,Work_From_Home,VDR-10740,,ACTIVE,2021-05-05T02:57:56,not available,  manager598  
EMP12846,  waida.som50  ,Waida Som,Information Technology,Trainee,remote,WS-12846,dev84500,Active,2025-04-17 12:42:57,,manager664
EMP11974,wyatt.sibal38,Wyatt Sibal,IT Support,Manager,,WS-11974,,Live,06-27-2024 08:21:25 PM,NA,NA
EMP11081,  vanya.om40  ,Vanya Om,customer care,Manager,REMOTE,VDR-11081,dev85231,Enabled,01/11/2021,,manager821
EMP11810,isaiah.merchant78,Isaiah Merchant,IT Support,Manager,data center,LPT-11810,,Working,1719810447,NA,unknown
EMP10830,warjas.wason49,Warjas Wason,Procurement,Director,Remote,VDR-10830.corp.local,DEV22809,D,06/11/2020 20:46,2022-08-08 14:24:13,manager614
10119,orinder.sarraf83,Orinder Sarraf,IT Dept,Administrator,,,dev 14373,A,1774428128,,MANAGER402
EMP-10656,daksh.pau74,Daksh Pau,CS,Executive,DATA CENTER,VDR-10656,,ACTIVE,2020-04-21 08:25:39,not available,  manager406  
EMP12815,balhaar.khosla43,Balhaar Khosla,IT,Director,BRANCH OFFICE,LPT-12815.corp.local,DEV-61934,Working,,not available,
emp_12774,baghyawati.kumer77,Baghyawati Kumer,People Team,Executive,,,DEV11290,Live,25-Jul-2020 14:29:20,not available,manager150
emp12738,devika.bhargava75,Devika Bhargava,PURCH,Executive,WORK FROM HOME,VDR-12738,dev 90702,Enabled,26/10/2024,,unknown
emp_10635,lopa.sehgal19,Lopa Sehgal,IT Dept,Consultant,Data_Center,WS-10635,DEV49760,Working,2025-06-01 14:47:00,not available,
emp10369,JASMIT.BUCH51,Jasmit Buch,Customer Support,Analyst,,WS-10369,,DISABLED,24-Jun-2021 04:31:05,01/12/2024 14:11,NA
EMP-10268,yagnesh.parikh71,Yagnesh Parikh,Ops Team,Administrator,DATA CENTER,WS-10268,dev79946,Enabled,08-16-2022 05:37:56 AM,,
emp_10046,aadi.boase41,Aadi Boase,legal,Specialist,,LPT-10046,dev60488,Left,,2025/04/29,  manager925  
EMP-10991,anthony.vora42,Anthony Vora,Sales,Analyst,regional office,WS-10991,dev26575,DISABLED,19/12/2024,,  manager183  
EMP10876,AASHI.SRIDHAR24,Aashi Sridhar,LEGAL,Manager,Branch_Office,WS-10876,dev 98723,Live,,,manager797
emp_10773,BANJEET.TRIVEDI73,Banjeet Trivedi,Accounts,Administrator,BRANCH OFFICE,WS-10773,DEV39724,Live,14/06/2022 05:44,not available,NA
EMP11219,nilima.nanda54,Nilima Nanda,information tech,Analyst,Head Office,LPT-11219,dev59074,Deactivated,31-May-2024 08:42:15,,manager685
emp_11126,liam.murthy21,Liam Murthy,FINANCE,Consultant,REGIONAL OFFICE,WS-11126,,Working,12/01/2026 11:14,not available,manager294
EMP10004,ekalinga.balan13,Ekalinga Balan,operations dept,Consultant,Warehouse,WS-10004,DEV15695,Working,2024/07/24,NA,manager487
emp_11595,xalak.sathe12,Xalak Sathe,People Team,Specialist,REGIONAL OFFICE,WS-11595,,ACTIVE,22/11/2022,,manager506
emp_12311,vasatika.vig48,Vasatika Vig,procurement team,Director,data center,WS-12311,DEV-68547,A,14/01/2022 04:35,NA,manager990
12958,qadim.zachariah98,Qadim Zachariah,R&D,Analyst,DATA CENTER,VDR-12958,,Active,2020-01-08 03:28:13,not available,manager538
emp_12491,unni.salvi40,Unni Salvi,sales dept,Engineer,,WS-12491,,Active,23/11/2024 07:13,,manager485
EMP11077,veer.sekhon76,Veer Sekhon,Sales,Manager,WAREHOUSE,WS_11077,dev26700,Disabled,27/03/2023,29/03/2023 19:58,manager704
EMP 10837,,Samesh Bedi,Customer Support,Specialist,,ws-10837,dev 84202,Live,1593911160,,manager473
EMP10681,ABDUL.MANNAN92,Abdul Mannan,Support,Manager,Work From Home,WS-10681,,A,2025-12-10 11:20:50,,manager566
EMP11715,harinakshi.kohli18,Harinakshi Kohli,Support,Consultant,remote,WS-11715,,Working,1583005720,NA,manager396
EMP12352,ojas.shere59,Ojas Shere,OPERATIONS,Specialist,Warehouse,VDR-12352,dev91479,ACTIVE,19/08/2024,NA,manager342
EMP 12617,hemangini.sundaram15,Hemangini Sundaram,Legal Dept,Manager,,LPT-12617,,ACTIVE,12-11-2020 01:50:40 AM,not available,NA
EMP12361,  ethan.jani95  ,Ethan Jani,legal,Administrator,WAREHOUSE,WS-12361,DEV-90800,Live,13/12/2023,,manager212
EMP12197,qasim.rout20,Qasim Rout,People Team,Officer,data center,LPT_12197,DEV-61366,L,03/05/2021 03:26,NA,manager276
EMP11148,bhanumati.mukhopadhyay71,Bhanumati Mukhopadhyay,Human Resource,Executive,branch office,,dev79935,Live,05-01-2020 10:48:43 AM,NA,  manager384  
EMP-10574,forum_devi62,Forum Devi,Marketing,Analyst,WORK FROM HOME,WS-10574,DEV-48393,Live,23/01/2020 10:12,not available,manager293
EMP10050,  zayan.pandit56  ,Zayan Pandit,Procurement,Specialist,REGIONAL OFFICE,WS-10050,DEV-70946,A,30-Sep-2025 02:25:05,not available,manager584
EMP10853,,Nitesh Kara,LEGAL,Manager,,LPT-10853.corp.local,dev 44205,ACTIVE,2022/12/29,NA,manager846
EMP11982,parth.raval73,Parth Raval,Human Resources,Administrator,Head_Office,VDR-11982,dev50579,A,27/08/2021,NA,unknown
emp_11823,maanas.mangal75,Maanas Mangal,Human Resource,Trainee,WORK FROM HOME,WS-11823,dev66807,Active,2020/04/22,,manager661
EMP10833,jagdish.bhatia80,Jagdish Bhatia,Human Resource,Specialist,Head_Office,VDR-10833.corp.local,DEV-54150,A,1729886237,NA,NA
EMP11115,ISHAAN.PRABHAKAR11,Ishaan Prabhakar,MKT,Officer,Data Center,LPT-11115,dev 65572,Enabled,2026-03-20T12:12:04,not available,  manager609  
emp11166,gauri.dass35,Gauri Dass,RnD,Consultant,Remote,VDR-11166,DEV20009,DISABLED,,2022/07/06,
EMP12518,RUSHIL.KURUVILLA99,Rushil Kuruvilla,Compliance,Director,,WS-12518,,Live,07-Jun-2024 10:28:21,,manager926
EMP11906,abeer.palla55,Abeer Palla,Marketing,Administrator,Warehouse,LPT-11906,dev92424,Enabled,12/02/2025,,manager465
emp_10971,chavvi.loyal80,Chavvi Loyal,Research and Development,Manager,Regional Office,WS-10971,DEV-85882,Active,,NA,NA
emp12701,BAGHYAWATI.NORI89,Baghyawati Nori,RnD,Analyst,Branch_Office,WS_12701,DEV-62232,ACTIVE,2022-11-30 16:54:12,,NA
EMP10399,dipta.date61,Dipta Date,Human Resource,Administrator,,WS-10399,,Enabled,2025-08-15 18:43:09,,manager757
12559,tristan.agarwal66,Tristan Agarwal,Legal Dept,Executive,branch office,WS-12559,dev59724,ON_LEAVE,,not available,manager375
EMP 12368,  lohit.sarma91  ,Lohit Sarma,MKT,Administrator,,WS-12368,,ACTIVE,17/04/2022 17:45,,
EMP10019,vasana_bhasin70,Vasana Bhasin,Business Sales,Administrator,DATA CENTER,VDR-10019.corp.local,,Live,2024-05-27T01:15:07,NA,manager353
10684,kashish_sarin22,Kashish Sarin,Brand Team,Consultant,Warehouse,VDR-10684,dev 26697,ACTIVE,2023-06-14T10:08:20,not available,
EMP-10035,tamanna.karan84,Tamanna Karan,Call Center,Analyst,regional office,VDR-10035,dev49240,Exited,,NA,manager218
EMP12914,TIMOTHY.DOSHI94,Timothy Doshi,sales team,Engineer,REMOTE,WS-12914,,Working,21-Feb-2024 13:18:04,not available,manager857
emp10524,zarna.bora26,Zarna Bora,Call Center,Officer,Regional Office,WS-10524,DEV-29603,Working,1625463204,,
EMP-12455,devansh.deshmukh67,Devansh Deshmukh,Ops,Engineer,,VDR-12455,DEV-86221,Working,14/07/2024 15:36,,manager489
EMP-10920,LAKSHIT.DIVAN84,Lakshit Divan,legal,Engineer,Remote,LPT-10920.corp.local,DEV-14845,A,26-Apr-2023 16:01:33,not available,manager857
11841,gaurav.gala79,Gaurav Gala,IT Support,Engineer,Work_From_Home,LPT-11841,dev 61231,Blocked,2024/03/03,05-30-2025 05:08:16 AM,manager638
EMP11890,zansi.baria53,Zansi Baria,PURCH,Administrator,REMOTE,LPT-11890,DEV-90790,Deactivated,2021/01/22,25/03/2023 12:36,manager609
EMP10537,kiaan.hari8,Kiaan Hari,Accounts,Trainee,Data Center,LPT-10537,dev 36438,D,05-28-2024 08:18:32 PM,07-20-2024 01:21:22 AM,
EMP11705,arin.bir11,Arin Bir,Operations,Trainee,Work From Home,LPT-11705,dev 68547,Live,21-Sep-2024 03:30:43,,manager554
EMP10472,ARYAN.GOUR66,Aryan Gour,Brand Team,Officer,Work_From_Home,WS-10472,dev82559,Enabled,16/09/2021 03:22,not available,manager831
EMP10245,netra.mitter48,Netra Mitter,Purchase,Engineer,,LPT-10245.corp.local,dev 72676,ACTIVE,05-12-2026 03:09:01 AM,,unknown
EMP10784,charles.kohli47,Charles Kohli,legal,Executive,Regional_Office,WS-10784,DEV-58448,Active,2020-02-07 21:00:41,not available,  manager459  
EMP11409,anay.din8,Anay Din,Procurement,Trainee,warehouse,LPT-11409,dev18751,ACTIVE,2024-10-03T05:41:59,not available,
EMP12537,girindra.peri83,Girindra Peri,People Team,Analyst,,WS_12537,,ACTIVE,24-May-2025 16:13:22,NA,
EMP10154,GAGAN.PANDEY3,Gagan Pandey,Ops,Executive,WORK FROM HOME,,,Disabled,2023/01/29,2023/07/12,manager703
EMP 11686,ekani.bhat62,Ekani Bhat,Operations,Trainee,Remote,WS-11686,dev 51087,Enabled,2026/05/03,not available,manager701
emp10625,dominic.loyal90,Dominic Loyal,Supply Chain,Administrator,Head Office,WS-10625,dev95820,Exited,2020-07-25T21:53:29,15/11/2022 20:15,manager775
EMP12962,meghana.sethi13,Meghana Sethi,Human Resources,Administrator,,lpt-12962,DEV-13579,Enabled,2024-02-01 13:11:31,not available,manager422
EMP-11346,anirudh.ahuja57,Anirudh Ahuja,HR,Officer,,LPT-11346,DEV36744,Live,27-Feb-2023 18:33:39,,NA
EMP10569,wridesh.bedi4,Wridesh Bedi,IT,Consultant,Work_From_Home,WS_10569,,Active,2024-08-06 12:52:35,not available,
EMP12546,  reva.nayak73  ,Reva Nayak,IT,Analyst,work from home,WS-12546,dev 38336,Active,2020-10-04 23:45:27,,manager897
EMP11758,naksh.madan88,Naksh Madan,PURCH,Trainee,Branch_Office,VDR-11758,DEV-68283,D,1608999349,03-04-2022 04:09:50 AM,manager719
emp_11816,alexander.dhar96,Alexander Dhar,FINANCE,Administrator,data center,LPT-11816,DEV28653,Enabled,2021-12-06 11:40:37,NA,NA
EMP12065,dev.barad20,Dev Barad,Purchase,Analyst,Remote,lpt-12065,DEV-91082,A,11/09/2025 22:43,not available,manager491
10127,,Ryan Tella,finance dept,Director,regional office,LPT-10127,,Active,1652928973,NA,manager479
11491,zarna.mandal21,Zarna Mandal,Sales,Trainee,,LPT-11491,dev 10902,Active,2025-10-19 23:21:55,,manager987
EMP12006,,Ladli Dada,legal,Manager,,LPT-12006,DEV68653,ACTIVE,2025-09-06T00:27:15,not available,manager414
EMP10980,imaran.dayal67,Imaran Dayal,Purchase,Executive,HEAD OFFICE,LPT-10980,,Disabled,10-04-2024 03:36:32 AM,not available,  manager300  
EMP 10051,ekbal.malhotra95,Ekbal Malhotra,Finance,Manager,,vdr-10051,dev97012,A,07/11/2022 09:26,not available,manager869
emp10190,anjali.ganesan67,Anjali Ganesan,Brand Team,Manager,,,dev20345,Enabled,14/07/2021 15:48,NA,manager428
EMP11139,ranveer.rattan17,Ranveer Rattan,operations dept,Consultant,Regional Office,WS-11139,DEV87189,Live,28-Feb-2023 11:55:44,NA,manager382
EMP10992,charita.kala61,Charita Kala,Purchase,Manager,Branch Office,VDR-10992,,ACTIVE,1750996878,NA,unknown
EMP-10699,yatan.randhawa50,Yatan Randhawa,OPERATIONS,Engineer,branch office,ws-10699,DEV-89242,A,03-27-2024 05:16:31 PM,not available,
emp10606,hemani.bose33,Hemani Bose,Ops Team,Trainee,,WS-10606.corp.local,,Working,,NA,manager630
emp10180,BHAVIKA.SUBRAMANIAN78,Bhavika Subramanian,Support,Director,Head_Office,WS-10180,dev 41147,Working,05-28-2020 08:27:24 AM,not available,manager754
EMP10301,abeer.bhatnagar33,Abeer Bhatnagar,Finance,Director,work from home,WS-10301.corp.local,DEV-19694,ACTIVE,01-31-2025 05:10:46 PM,not available,  manager510  
12544,jason.memon54,Jason Memon,FINANCE,Manager,WAREHOUSE,WS-12544.corp.local,dev35767,A,08-16-2024 05:18:42 AM,not available,  manager110  
EMP12860,isha.mand56,Isha Mand,Mktg,Engineer,Branch_Office,LPT-12860,,ON_LEAVE,10/03/2022 06:41,NA,NA
EMP11060,charan.dua15,Charan Dua,Research and Development,Specialist,Work From Home,LPT-11060,dev 34331,Working,18-May-2026 21:46:12,NA,manager877
EMP 10842,  mason.garg83  ,Mason Garg,IT Support,Trainee,work from home,LPT-10842.corp.local,DEV17251,Deactivated,09-17-2020 06:14:25 PM,01/04/2023 13:10,
EMP-12964,samarth.patla52,Samarth Patla,Legal,Engineer,Branch Office,VDR-12964,DEV78066,Enabled,2021-02-25 13:17:26,not available,unknown
EMP-12565,vanya.atwal53,Vanya Atwal,Ops,Administrator,Data_Center,LPT-12565.corp.local,dev 29403,Enabled,2020-01-31 05:23:52,NA,manager270
EMP11069,vihaan.oak52,Vihaan Oak,procurement team,Manager,Remote,WS-11069,,ON_LEAVE,1765607329,,NA
EMP 12524,dominic.talwar30,Dominic Talwar,Supply Chain,Consultant,Work From Home,LPT-12524.corp.local,dev 12832,ACTIVE,2024-11-21 21:00:08,NA,
EMP12205,avni.sani5,Avni Sani,Information Technology,Engineer,regional office,LPT-12205,DEV-69905,DISABLED,1686359268,NA,manager936
EMP11243,,Hema Agate,Compliance,Consultant,,WS-11243,DEV35971,Active,14/03/2024 14:24,NA,manager381
10016,jacob.ranganathan48,Jacob Ranganathan,finance dept,Officer,,VDR-10016,dev 10074,ACTIVE,2024/02/27,not available,manager471
EMP11694,abhiram.badal81,Abhiram Badal,Mktg,Specialist,DATA CENTER,VDR-11694,DEV25970,Active,2024-07-03 12:34:35,not available,manager842
emp10546,bhanumati.ranganathan44,Bhanumati Ranganathan,Human Resources,Officer,,WS-10546,,Live,17-Nov-2024 11:06:49,NA,  manager864  
EMP-10658,NITESH.GARG36,Nitesh Garg,Ops Team,Officer,DATA CENTER,VDR-10658,dev37504,Live,16-Mar-2025 14:02:07,NA,
EMP-12787,sachi.sane26,Sachi Sane,CS,Trainee,Branch Office,LPT-12787,DEV70243,Active,2022-07-15 16:37:19,NA,manager929
EMP-12818,henry.nori8,Henry Nori,sales team,Analyst,Branch Office,WS-12818,DEV27728,ACTIVE,2022/03/25,,manager805
EMP11504,qabil.sharma49,Qabil Sharma,information tech,Manager,,LPT_11504,DEV-50541,Working,2021-04-11 07:24:41,NA,manager896
EMP-10959,  ira.bhatnagar90  ,Ira Bhatnagar,IT,Manager,Data Center,WS-10959,dev35295,Live,2021-11-19 05:47:07,,manager876
emp12331,janani.dugar16,Janani Dugar,CS,Executive,WORK FROM HOME,LPT-12331,DEV-59955,Live,13/02/2020 23:48,,manager259
EMP10797,harita.koshy69,Harita Koshy,Purchase,Consultant,Work_From_Home,lpt-10797,DEV11690,ACTIVE,2022-05-24 08:01:45,not available,manager596
EMP10225,AAHANA.RAMA22,Aahana Rama,Call Center,Specialist,Work From Home,WS-10225,DEV-29369,DISABLED,2022-01-22 11:29:04,2022-12-29 21:53:18,manager551
12074,QADIM.MALLICK75,Qadim Mallick,Innovation,Analyst,,VDR-12074,dev32849,A,18/05/2021 14:16,,manager352
EMP11799,kamya.ganesan47,Kamya Ganesan,Legal,Analyst,,WS-11799,,Left,,2023-09-21T20:36:11,manager475
EMP12485,kamya.deo83,Kamya Deo,Support,Specialist,BRANCH OFFICE,,DEV-14906,ACTIVE,21/04/2024,NA,manager279
EMP-11090,pahal.bajwa31,Pahal Bajwa,legal,Trainee,Remote,VDR-11090,,On Leave,07-21-2025 04:04:10 AM,,  manager894  
emp12277,luke.puri22,Luke Puri,Human Resources,Director,WAREHOUSE,VDR-12277.corp.local,DEV15827,ACTIVE,05-20-2026 10:48:28 AM,,
EMP 12085,,Samarth Kanda,Sales,Analyst,,LPT_12085,dev10643,Live,31/12/2023 12:56,,manager803
EMP11693,madhav.murthy19,Madhav Murthy,Sales,Officer,Data Center,,dev 64571,Live,2022-08-14 22:43:00,not available,
EMP11045,anjali.bhalla61,Anjali Bhalla,RnD,Director,,VDR-11045,DEV-66810,Active,06/02/2024 12:34,,  manager490  
EMP-10469,kavya.pandit75,Kavya Pandit,RnD,Officer,Work_From_Home,,DEV-85832,Enabled,2021-02-02 20:50:23,not available,manager773
emp_10954,BALENDRA.CHADA93,Balendra Chada,Support,Administrator,DATA CENTER,LPT-10954,DEV90012,Active,15/09/2022 22:27,,NA
EMP 11270,pallavi.prashad61,Pallavi Prashad,hr dept,Analyst,Work From Home,LPT-11270,dev84352,ACTIVE,22/06/2022 01:04,not available,unknown
EMP12735,irya.mall82,Irya Mall,Brand Team,Specialist,branch office,LPT-12735,dev 25459,Working,2020/07/01,not available,MANAGER977
EMP-10639,gabriel.dugal63,Gabriel Dugal,Innovation,Executive,Branch Office,LPT-10639,,Live,1783066135,not available,NA
EMP12863,darsh_bera88,Darsh Bera,RD,Director,,VDR-12863,dev31410,Enabled,1629673983,not available,unknown
emp_11218,karan.goda65,Karan Goda,MKT,Administrator,Regional_Office,WS-11218,,D,2023-07-12 11:30:18,07-18-2023 10:30:35 PM,
EMP11158,ikshita.sampath2,Ikshita Sampath,IT Dept,Executive,Branch Office,LPT-11158,DEV-45082,Live,1746249010,NA,  manager911  
EMP11415,nihal.varkey79,Nihal Varkey,FINANCE,Executive,Branch Office,WS-11415,dev10032,Enabled,11/06/2020,not available,manager926
EMP12934,GAURAV.BAINS91,Gaurav Bains,Purchase,Administrator,WORK FROM HOME,VDR-12934,dev36659,A,29-Oct-2023 07:40:41,,manager853
EMP-11527,,Varsha Gulati,HR,Trainee,Branch Office,VDR-11527,dev 19697,ACTIVE,1774452087,NA,MANAGER255
EMP12113,akshay.dugal56,Akshay Dugal,Accounts,Consultant,,VDR-12113,DEV98652,Enabled,,NA,manager710
EMP11300,,Ekantika Venkataraman,information tech,Specialist,data center,lpt-11300,,OOO,1703439657,NA,unknown
EMP12952,chakrika.ratta76,Chakrika Ratta,Innovation,Officer,warehouse,WS-12952,dev 87286,Deactivated,10-25-2021 07:21:56 PM,1637357931,manager697
EMP11603,nicholas.tara41,Nicholas Tara,Human Resources,Specialist,BRANCH OFFICE,VDR-11603,dev55657,A,26-Jun-2025 20:08:50,NA,unknown
emp_10160,leena.dhar76,Leena Dhar,IT Dept,Consultant,Warehouse,LPT-10160,,Active,04-26-2020 08:11:59 PM,,manager951
EMP 11704,abeer.goel2,Abeer Goel,MKT,Administrator,,,DEV48810,Live,17/07/2025 13:25,not available,manager531
EMP 10956,devika.contractor43,Devika Contractor,IT Support,Executive,,LPT-10956,DEV-89794,ACTIVE,30/01/2020 18:13,NA,  manager523  
11190,yuvraj.mistry78,Yuvraj Mistry,Support,Consultant,DATA CENTER,LPT-11190,,Enabled,21-Apr-2025 01:20:59,,
emp_10877,amara.sawhney88,Amara Sawhney,hr dept,Director,Remote,vdr-10877,,Deactivated,22/04/2021 18:19,2025/03/22,NA
EMP11919,aachal.tara39,Aachal Tara,Legal,Executive,Regional Office,lpt-11919,dev30849,A,2020-01-24 16:23:48,not available,manager135
EMP11884,RANBIR.BOBAL52,Ranbir Bobal,IT Support,Administrator,Data Center,LPT-11884,dev96231,Working,2026-04-21T11:59:53,not available,manager170
EMP-12200,  yatan.panchal49  ,Yatan Panchal,hr dept,Analyst,,VDR-12200,DEV92756,Active,,not available,NA
EMP10098,maya.yadav97,Maya Yadav,Innovation,Trainee,work from home,LPT-10098,dev36680,A,,NA,unknown
EMP12912,chaitaly.seshadri29,Chaitaly Seshadri,Marketing,Officer,,WS-12912,dev 96684,ACTIVE,11/11/2023 21:44,,
EMP 12557,brinda.sibal86,Brinda Sibal,HR,Consultant,,VDR-12557,,Live,1693228357,,  manager514  
EMP10253,FORUM.SHARMA83,Forum Sharma,legal,Consultant,Data_Center,WS-10253,dev 59479,Live,2025-10-22T04:03:52,,NA
EMP10103,ira.mohanty76,Ira Mohanty,procurement team,Trainee,,LPT-10103,DEV68529,Active,2022-12-08 06:18:23,not available,manager881
11445,urvashi_dugar39,Urvashi Dugar,procurement team,Officer,Branch_Office,VDR-11445,,Active,11-01-2022 01:14:56 AM,NA,
EMP11443,xavier.sarma77,Xavier Sarma,OPERATIONS,Trainee,,WS-11443,DEV49344,Working,1640732045,not available,
emp_11648,PARTH.VARMA79,Parth Varma,MKT,Consultant,regional office,WS-11648,dev 72800,Exited,2021-04-20T18:47:26,05-13-2024 04:24:48 PM,manager393
EMP-10586,nicholas.tailor28,Nicholas Tailor,hr dept,Engineer,Regional_Office,WS-10586,DEV-52534,Live,,NA,manager505
10627,  tara.devan13  ,Tara Devan,Operations,Trainee,Work_From_Home,,,Working,09-09-2021 09:12:34 PM,,  manager568  
EMP 11696,amrita.saran42,Amrita Saran,sales team,Consultant,Regional_Office,WS-11696,DEV-46769,Live,1732783059,not available,unknown
EMP 12101,agastya.sule56,Agastya Sule,Legal Dept,Specialist,Head Office,WS-12101,dev 39910,Enabled,2022-05-24T06:36:50,,manager209
EMP12199,deepa.verma2,Deepa Verma,finance dept,Engineer,Branch_Office,LPT-12199,DEV-12133,Working,09-Jun-2024 20:44:54,,manager544
EMP10403,ETHAN.SETTY54,Ethan Setty,Support,Trainee,,LPT-10403,DEV-72424,Working,05-11-2023 02:44:49 PM,,
emp11154,rachita.peri30,Rachita Peri,Compliance,Consultant,branch office,WS-11154,DEV22280,Enabled,2023-11-28 06:36:34,,manager983
emp12255,EKBAL.VAIDYA45,Ekbal Vaidya,Accounts,Analyst,Branch_Office,ws-12255,,Enabled,2025/12/10,,NA
EMP11682,azad.sahota28,Azad Sahota,Compliance,Administrator,Work From Home,WS-11682,DEV-41558,Working,2025/07/27,,
EMP 12056,,Chakradev Ramaswamy,Compliance,Officer,Regional_Office,LPT-12056,DEV-99390,Live,31/07/2022 04:53,,manager632
emp12929,triveni.prasad4,Triveni Prasad,RnD,Engineer,,ws-12929,DEV-60371,D,11/01/2026,21/03/2026,manager453
EMP10452,UDYATI.SANGHA89,Udyati Sangha,Innovation,Director,REGIONAL OFFICE,LPT-10452,DEV-24818,Live,06/03/2026 21:08,,manager964
EMP 12301,yauvani.viswanathan80,Yauvani Viswanathan,People Team,Specialist,DATA CENTER,LPT-12301,,A,24-Aug-2022 15:53:59,,unknown
EMP11327,zayyan.naidu85,Zayyan Naidu,hr dept,Manager,Remote,vdr-11327,DEV-36982,Enabled,03/04/2026 05:52,NA,unknown
emp_12049,kalpit.bahri99,Kalpit Bahri,Ops Team,Director,Branch_Office,LPT-12049,,Live,2023-08-23 05:18:34,,manager432
EMP10880,ADVAY.SEKHON37,Advay Sekhon,OPERATIONS,Analyst,REGIONAL OFFICE,LPT-10880,dev81716,LWP,30/03/2023 22:34,not available,manager361
emp_12505,radhika.bath93,Radhika Bath,Procurement,Executive,Work_From_Home,LPT-12505,DEV-68365,ACTIVE,1590451676,NA,manager251
EMP10623,deepa.bahl95,Deepa Bahl,CS,Engineer,branch office,VDR-10623.corp.local,,ACTIVE,01/09/2024,,manager847
EMP12393,fitan.vohra30,Fitan Vohra,Purchase,Officer,Work From Home,WS-12393,dev 73915,Enabled,,,manager833
EMP12856,bishakha.vohra41,Bishakha Vohra,procurement team,Trainee,,VDR_12856,DEV37376,Active,07/11/2021,NA,NA
EMP11787,LAJITA.BUCH96,Lajita Buch,Compliance,Engineer,,VDR-11787,,ACTIVE,2020/12/12,,manager739
emp10262,ekaraj_bhatnagar68,Ekaraj Bhatnagar,Ops Team,Director,DATA CENTER,LPT-10262,DEV-49306,ACTIVE,06-01-2026 09:20:29 PM,NA,  manager346  
EMP11634,xavier.thaker63,Xavier Thaker,MKT,Specialist,Head_Office,VDR-11634,DEV61834,Active,11/07/2026 09:06,not available,MANAGER778
EMP11438,joshua.patel12,Joshua Patel,Support,Engineer,Remote,LPT-11438,DEV71300,Working,2020-12-24T05:15:20,,manager746
EMP-12198,abhiram.bhatt67,Abhiram Bhatt,Customer Support,Analyst,Regional_Office,VDR-12198,DEV83013,L,1622875772,1634896875,unknown
EMP11969,theodore.pandya55,Theodore Pandya,Compliance,Analyst,warehouse,VDR-11969,,Enabled,,not available,manager966
EMP 12520,anamika.hegde80,Anamika Hegde,Research and Development,Consultant,REGIONAL OFFICE,LPT-12520,dev53877,Enabled,2025/05/26,not available,
EMP11802,hemani.saxena71,Hemani Saxena,IT Support,Administrator,head office,VDR_11802,DEV43442,ACTIVE,2022/06/29,,manager546
EMP10640,raksha.chandra35,Raksha Chandra,Legal Dept,Engineer,,VDR-10640,dev 36585,Working,24-Jul-2020 11:28:55,,  manager549  
EMP 12385,TANVEER.KAPUR63,Tanveer Kapur,Research and Development,Administrator,HEAD OFFICE,WS-12385,,A,26/04/2020 15:10,,manager961
EMP12598,  teerth.naidu2  ,Teerth Naidu,IT Support,Director,,VDR-12598,DEV49755,ACTIVE,2024/02/10,NA,
EMP12915,ria.dar13,Ria Dar,finance dept,Engineer,head office,WS-12915,dev53158,A,,NA,manager886
11959,nathaniel.das13,Nathaniel Das,R&D,Officer,work from home,WS-11959,,Active,1718624237,not available,NA
EMP-10488,  maanas.anand32  ,Maanas Anand,information tech,Consultant,DATA CENTER,,dev 60577,Enabled,,,manager629
EMP11843,sarthak.baria90,Sarthak Baria,Support,Manager,DATA CENTER,vdr-11843,dev 39332,A,,NA,manager446
EMP11734,arunima.chad1,Arunima Chad,IT Support,Specialist,Work From Home,,dev 83261,LWP,26/02/2024 19:15,not available,unknown
emp_10146,maanas.reddy9,Maanas Reddy,finance dept,Analyst,Head Office,VDR-10146,dev 79531,A,28-Jul-2023 08:58:46,,manager261
EMP11534,xavier.bal12,Xavier Bal,Customer Support,Manager,,LPT-11534,,Deactivated,2020/09/29,23/09/2024,manager295
11986,yahvi.bhat30,Yahvi Bhat,customer care,Specialist,Branch Office,WS-11986,DEV97837,ACTIVE,2023-01-29 01:53:29,not available,manager632
EMP11369,sachi.mishra30,Sachi Mishra,Marketing,Executive,Head Office,lpt-11369,dev 82373,Disabled,2026-06-03 06:47:41,2026/07/31,unknown
EMP12450,hiral.bansal2,Hiral Bansal,RD,Administrator,Branch Office,,DEV89669,Enabled,1649808929,NA,manager246
EMP10912,mohammed.devan20,Mohammed Devan,Operations,Consultant,Work_From_Home,lpt-10912,dev 26119,Deactivated,26/09/2023,not available,NA
EMP12811,forum_kala10,Forum Kala,procurement team,Specialist,REMOTE,VDR-12811,DEV41965,Active,,not available,
EMP10659,pahal.sethi94,Pahal Sethi,Customer Support,Manager,data center,VDR-10659,dev 89269,Exited,04/01/2026 23:14,29-Aug-2026 10:05:29,
EMP-11794,chatura.gopal50,Chatura Gopal,procurement team,Director,Head Office,VDR_11794,DEV-45615,ACTIVE,2025/09/22,NA,manager908
EMP12511,EKANI.SUBRAMANIAN65,Ekani Subramanian,Human Resource,Analyst,,WS-12511,dev17994,Left,19/07/2022,04-Jul-2024 04:56:11,MANAGER171
emp_10186,ISHWAR.BORA23,Ishwar Bora,RnD,Trainee,REGIONAL OFFICE,LPT-10186.corp.local,dev 27675,Active,22/11/2023 23:03,not available,manager306
EMP11147,yashodhara.minhas2,Yashodhara Minhas,Support,Trainee,Warehouse,VDR-11147,dev78822,Active,15/11/2021 13:28,NA,manager374
EMP10608,yagnesh.dutta71,Yagnesh Dutta,Call Center,Officer,,VDR-10608.corp.local,DEV30278,Active,,not available,manager241
12191,varsha.sekhon93,Varsha Sekhon,Operations,Engineer,REGIONAL OFFICE,VDR-12191,dev 26165,Live,,,unknown
EMP-12799,yashodhara.desai66,Yashodhara Desai,Ops,Officer,warehouse,ws-12799,dev99717,Left,06/05/2025 04:34,not available,manager775
EMP11930,  upma.mani95  ,Upma Mani,operations dept,Trainee,,VDR-11930,DEV46216,LWP,11-15-2022 03:21:24 AM,NA,manager883
EMP10197,fitan.om64,Fitan Om,CS,Director,Warehouse,LPT-10197,dev 44311,A,27-Dec-2025 08:51:51,,MANAGER726
EMP12327,FORUM.KAUR45,Forum Kaur,Accounts,Consultant,warehouse,WS-12327,dev 96412,Active,2021-12-29 23:22:36,NA,manager254
EMP10293,,Hamsini Nair,Call Center,Engineer,Warehouse,VDR-10293,DEV32227,Working,06-10-2021 02:57:59 PM,,manager408
EMP10766,vedika_kala75,Vedika Kala,Sales,Engineer,,WS-10766,dev 45043,Working,,NA,manager164
EMP10400,hemang.rana70,Hemang Rana,legal,Executive,REMOTE,ws-10400,DEV-58418,Working,05-18-2020 02:52:44 PM,,  manager576  
10122,osha.chakraborty87,Osha Chakraborty,Legal Dept,Officer,REMOTE,LPT_10122,dev 61717,Enabled,2024-07-25 01:43:53,,manager477
EMP10202,adweta.bera51,Adweta Bera,RnD,Officer,DATA CENTER,WS-10202,DEV85353,Live,1662938267,NA,manager560
EMP 10835,samesh.amble26,Samesh Amble,legal,Director,Remote,VDR-10835.corp.local,,A,29/06/2026 22:22,not available,manager119
EMP12294,,Avni Bhagat,LEGAL,Trainee,Work From Home,LPT-12294,DEV-60222,Enabled,,,NA
EMP11439,bhavya.morar24,Bhavya Morar,RD,Executive,Data_Center,VDR-11439,DEV52335,Active,,not available,manager134
EMP11733,  vivaan.sagar91  ,Vivaan Sagar,Marketing,Trainee,Branch Office,,dev13199,A,07/08/2021 07:30,not available,MANAGER558
EMP11695,fiyaz.mishra48,Fiyaz Mishra,finance dept,Consultant,WAREHOUSE,WS-11695,dev18273,ACTIVE,2023-02-23T13:50:05,NA,manager314
EMP 12776,ABEER.BHATT30,Abeer Bhatt,IT Dept,Administrator,Regional_Office,VDR-12776,dev 19269,Live,02/01/2021,NA,manager628
EMP11707,hemal_rama76,Hemal Rama,Accounts,Consultant,Head Office,LPT-11707,dev 16871,Left,09-12-2024 06:59:15 PM,31/12/2024,manager837
emp_12999,girik.upadhyay76,Girik Upadhyay,People Team,Analyst,Head Office,WS-12999,DEV-96003,Resigned,2021/05/16,,manager642
EMP11153,zehaan.ahluwalia27,Zehaan Ahluwalia,Research and Development,Engineer,REMOTE,WS-11153,,Working,2026-05-28 04:07:16,,manager556
EMP11661,  rachana.badami21  ,Rachana Badami,finance dept,Executive,DATA CENTER,lpt-11661,DEV-79770,Exited,,10-31-2025 07:58:25 PM,manager816
emp12432,  bhavika.mangat15  ,Bhavika Mangat,Support,Analyst,head office,LPT-12432,,Live,2020-03-06 01:09:30,,manager863
EMP11759,gautami.chaudhary73,Gautami Chaudhary,IT Dept,Trainee,data center,WS-11759,,A,19-Jun-2024 15:54:09,,unknown
EMP10854,upkaar_pathak71,Upkaar Pathak,Ops Team,Trainee,Regional Office,lpt-10854,dev16828,ACTIVE,24/07/2021,,  manager910  
EMP 11589,gaurangi.patel7,Gaurangi Patel,Ops Team,Trainee,,vdr-11589,DEV44494,Enabled,,not available,manager889
EMP12267,nandini.sabharwal70,Nandini Sabharwal,CS,Director,Warehouse,WS-12267,,ACTIVE,28-Dec-2020 09:55:28,not available,  manager502  
EMP10641,qadim.kari79,Qadim Kari,RnD,Consultant,work from home,,dev 42346,Enabled,2020-05-09 22:47:35,not available,manager944
emp_10001,  anjali.sandal70  ,Anjali Sandal,People Team,Specialist,DATA CENTER,LPT-10001.corp.local,,Active,,NA,manager127
EMP12160,  ladli.chanda88  ,Ladli Chanda,IT Support,Engineer,Work From Home,VDR-12160,,A,21/09/2024,NA,NA
emp10698,YASHVI.KORPAL54,Yashvi Korpal,RnD,Specialist,Data Center,VDR-10698.corp.local,dev 33566,Active,10-Aug-2023 17:01:42,,manager560
EMP11636,yasti.wagle42,Yasti Wagle,Fin,Administrator,regional office,VDR-11636,dev 62193,Live,08/06/2022,,MANAGER683
EMP11291,gayathri.cherian73,Gayathri Cherian,Innovation,Consultant,WORK FROM HOME,LPT-11291,dev 25917,A,26/09/2025 07:52,not available,manager834
EMP12941,sarthak.aggarwal71,Sarthak Aggarwal,Business Sales,Director,,WS-12941,,Enabled,2020/10/18,,manager563
EMP12489,ronith.toor73,Ronith Toor,hr dept,Consultant,,VDR-12489,,Active,2022/05/17,not available,unknown
EMP-11520,kevin.vig54,Kevin Vig,marketing dept,Engineer,,WS-11520,dev 49795,Live,2022-08-09T10:20:30,,manager462
EMP 11853,falak.konda81,Falak Konda,OPERATIONS,Consultant,WORK FROM HOME,VDR-11853,dev 58892,Working,20/11/2020 23:20,NA,manager944
EMP11136,chaman_ravi35,Chaman Ravi,OPERATIONS,Administrator,remote,VDR-11136,dev 64797,ACTIVE,,not available,manager100
EMP12984,krish.nair87,Krish Nair,customer care,Manager,Head Office,WS-12984,DEV-77537,Active,28/11/2025 03:58,not available,manager129
EMP11631,  libni.ahuja85  ,Libni Ahuja,OPERATIONS,Executive,Data Center,LPT-11631,dev58730,Exited,02-Jun-2023 20:12:56,2024-01-08T22:02:03,MANAGER736
EMP-11998,nakul.sastry75,Nakul Sastry,RnD,Director,Regional Office,lpt-11998,,A,2021/11/16,not available,manager376
EMP10663,urmi.dixit82,Urmi Dixit,Sales,Analyst,Regional_Office,lpt-10663,DEV46913,Active,29/07/2020,NA,manager618
EMP10683,shaurya.saini86,Shaurya Saini,OPERATIONS,Consultant,Data_Center,WS-10683.corp.local,DEV13966,Live,1608139689,,manager572
EMP-11257,  kala.cheema20  ,Kala Cheema,CS,Manager,BRANCH OFFICE,lpt-11257,dev57663,Working,11-06-2023 03:46:01 PM,NA,
EMP10317,girik.merchant23,Girik Merchant,Customer Support,Executive,Data Center,WS-10317,dev28388,ACTIVE,02-Nov-2023 05:04:11,NA,manager986
10648,  tripti.karpe21  ,Tripti Karpe,hr dept,Manager,HEAD OFFICE,VDR-10648,dev 68903,ACTIVE,09-22-2020 12:55:01 AM,NA,manager493
EMP11434,TANMAYI.CHERIAN36,Tanmayi Cherian,FINANCE,Specialist,Remote,WS-11434,,Blocked,27/04/2022 13:23,,  manager402  
EMP11479,patrick.dewan49,Patrick Dewan,Support,Executive,,,DEV-26186,ACTIVE,09/11/2021 06:01,NA,manager213
10709,christopher.rajagopal44,Christopher Rajagopal,hr dept,Executive,,LPT-10709,dev 75004,Working,06/07/2023 23:37,not available,
EMP 11282,jason.doshi92,Jason Doshi,MKT,Executive,REGIONAL OFFICE,LPT-11282,,Working,07/09/2020 18:45,not available,manager132
EMP11768,anvi.mukherjee10,Anvi Mukherjee,Purchase,Executive,Branch Office,VDR-11768,dev64199,Deactivated,28/01/2023 19:59,,NA
10972,zaitra.hayre49,Zaitra Hayre,OPERATIONS,Manager,WORK FROM HOME,LPT-10972,DEV18126,Terminated,2023-10-04 23:49:29,2026/05/10,  manager167  
EMP12675,ronith.madan37,Ronith Madan,Sales,Specialist,Branch_Office,lpt-12675,DEV-35263,Exited,04/07/2022,07/03/2024,NA
EMP12680,RANVEER.GOKHALE2,Ranveer Gokhale,Legal Dept,Executive,,WS-12680,,Enabled,2021/09/23,,unknown
EMP11306,,Xalak Swamy,Operations,Engineer,Work_From_Home,VDR-11306,DEV41013,Live,24-Jun-2021 14:13:41,,manager493
EMP11400,  vrishti.nadig44  ,Vrishti Nadig,Accounts,Analyst,Remote,VDR_11400,DEV84096,A,2020-01-18 07:27:41,,MANAGER314
EMP11408,  balendra.dixit9  ,Balendra Dixit,IT,Administrator,REGIONAL OFFICE,LPT-11408,,A,1722182999,,  manager196  
EMP12237,,Guneet Zacharia,Supply Chain,Director,Branch_Office,,DEV-34009,Active,11/07/2022 00:46,NA,MANAGER902
emp11496,veda_gala19,Veda Gala,Business Sales,Trainee,Branch_Office,WS-11496.corp.local,DEV-22730,Live,25-Nov-2025 07:13:07,,manager826
EMP12038,jagvi.morar29,Jagvi Morar,Business Sales,Consultant,,VDR-12038,,ACTIVE,25/11/2021,,NA
EMP11529,chakradhar.basak98,Chakradhar Basak,Brand Team,Officer,WAREHOUSE,WS-11529,,Live,07-20-2026 12:20:36 AM,NA,manager904
EMP11663,jagrati.bava61,Jagrati Bava,Legal,Trainee,,LPT-11663,DEV-86831,Live,30-Jan-2023 21:19:35,NA,unknown
EMP-11354,vedika.de89,Vedika De,Business Sales,Trainee,REGIONAL OFFICE,,dev 57432,Working,2024/10/07,not available,manager470
EMP 12254,harini.ram37,Harini Ram,Purchase,Engineer,Remote,VDR-12254,dev 11599,Live,2024-12-03T19:44:41,NA,manager384
EMP11665,oni_goda48,Oni Goda,Human Resource,Executive,Branch_Office,VDR-11665.corp.local,dev49335,Working,2021-04-09 10:29:03,,manager909
EMP-11643,odika.varughese57,Odika Varughese,HR,Engineer,WAREHOUSE,VDR-11643,,ACTIVE,2021-03-21 09:57:13,,manager425
EMP11051,yamini.thakur93,Yamini Thakur,Ops Team,Officer,Regional_Office,WS-11051,DEV-93228,Active,2025-12-03 19:28:46,not available,manager494
EMP10795,aditya.nagarajan68,Aditya Nagarajan,People Team,Officer,Branch Office,VDR-10795,,Live,03-Feb-2025 06:58:00,not available,NA
EMP12693,shaurya.gade38,Shaurya Gade,Legal,Administrator,,VDR-12693,,Enabled,2023-01-21T05:39:17,,manager643
EMP11597,isha.bhargava57,Isha Bhargava,IT Support,Engineer,Warehouse,LPT-11597,DEV97493,Leave,22/03/2020 21:29,NA,manager953
EMP12604,,Aachal Balan,MKT,Officer,WORK FROM HOME,VDR-12604,,Active,06-29-2024 04:03:47 AM,,manager700
EMP12729,,Bhavani More,Call Center,Engineer,BRANCH OFFICE,lpt-12729,DEV-61951,Live,29-Sep-2023 03:08:07,NA,manager122
EMP12625,  caleb.loke19  ,Caleb Loke,hr dept,Consultant,Head Office,VDR_12625,dev25130,DISABLED,2022-07-15 10:47:29,09/03/2024,manager591
emp11819,nitara.dass84,Nitara Dass,Legal Dept,Manager,Warehouse,WS-11819,dev 56500,DISABLED,1725907602,07-16-2026 11:11:49 AM,
emp_11722,JYOTI.GABA89,Jyoti Gaba,sales dept,Specialist,work from home,WS-11722.corp.local,DEV-57308,Enabled,05/07/2025 17:42,not available,manager680
EMP11183,azaan.nigam47,Azaan Nigam,Procurement,Consultant,Head_Office,LPT-11183.corp.local,DEV46989,Working,26-Nov-2020 18:34:18,,manager711
EMP12572,nathan.wali44,Nathan Wali,Mktg,Officer,,lpt-12572,dev 81776,Active,03-12-2022 02:51:37 PM,not available,manager141
11059,wridesh.dass37,Wridesh Dass,Legal Dept,Executive,,WS-11059,dev34431,Live,2021/09/07,not available,manager614
EMP-10540,zinal.samra91,Zinal Samra,hr dept,Manager,Warehouse,ws-10540,,Resigned,17-Dec-2022 11:51:46,06/06/2026 08:27,manager720
emp_11678,alka_tata42,Alka Tata,Customer Support,Engineer,Data_Center,LPT-11678,dev74920,ACTIVE,1627783211,,manager849
EMP12796,charvi.krishnan2,Charvi Krishnan,Procurement,Engineer,work from home,LPT-12796,dev50826,Live,1661523765,,  manager382  
emp_12974,adweta.grewal52,Adweta Grewal,Operations,Consultant,Warehouse,lpt-12974,dev 45063,Live,26/04/2023 22:58,not available,NA
EMP12532,advaith.kumar2,Advaith Kumar,Supply Chain,Analyst,,lpt-12532,DEV-55758,A,2025/06/01,not available,
EMP11757,yashvi.sanghvi32,Yashvi Sanghvi,IT Support,Director,Work_From_Home,vdr-11757,,Left,2026-07-27 22:59:28,11/08/2026 15:10,manager448
EMP-11923,jatin.bansal55,Jatin Bansal,Finance,Specialist,Work From Home,WS-11923.corp.local,DEV46592,Live,2025/02/26,not available,manager851
EMP10095,pranav.apte61,Pranav Apte,Ops Team,Director,remote,WS-10095,dev 97835,ACTIVE,14/05/2021,NA,manager810
EMP 11020,yochana.johal10,Yochana Johal,HR,Officer,Work_From_Home,WS-11020,dev 63752,Enabled,2022-02-24 07:38:42,,manager145
emp_10563,unnati.rau74,Unnati Rau,Legal Dept,Manager,Head Office,LPT-10563,dev55039,A,11-Sep-2022 12:09:15,NA,manager827
EMP12790,chaman.acharya41,Chaman Acharya,People Team,Analyst,Regional Office,WS-12790,,ACTIVE,10/06/2026 02:09,NA,manager905
EMP10863,benjamin.rajan54,Benjamin Rajan,finance dept,Director,,LPT-10863,DEV13771,Active,03-24-2022 09:10:59 AM,not available,manager561
EMP 11484,,Waida Dyal,Innovation,Executive,,LPT-11484,dev60246,Working,22-Jul-2023 23:47:16,not available,NA
EMP12939,DHRUV.NARAIN96,Dhruv Narain,legal,Engineer,remote,LPT-12939,DEV14203,Enabled,2021-02-01T16:48:53,,manager815
EMP11881,nidra_nagar68,Nidra Nagar,Supply Chain,Specialist,,LPT-11881,,Live,,,NA
emp_11038,samaksh.acharya5,Samaksh Acharya,Business Sales,Specialist,,VDR-11038,DEV-53082,A,2022-09-13 13:23:55,not available,manager878
EMP10206,mitali.raja39,Mitali Raja,Procurement,Officer,HEAD OFFICE,VDR-10206,DEV-94015,A,09/12/2024,not available,manager774
EMP10392,gaurav.dey45,Gaurav Dey,Customer Support,Director,Head Office,WS-10392,dev 85766,Enabled,04/11/2025,,manager562
emp12842,ISAAC.RAJ84,Isaac Raj,finance dept,Analyst,Branch Office,LPT-12842,DEV99916,Working,,,manager805
emp_10870,ucchal.pingle64,Ucchal Pingle,marketing dept,Consultant,Data_Center,WS-10870,dev 44500,Live,24-Jun-2026 02:19:17,not available,NA
EMP10397,kala.jani71,Kala Jani,R&D,Executive,HEAD OFFICE,WS-10397.corp.local,dev 10500,ACTIVE,,not available,
emp_12814,harini.tandon3,Harini Tandon,finance dept,Consultant,DATA CENTER,VDR-12814,dev68775,Working,04-21-2023 06:53:02 AM,NA,manager149
emp12968,guneet.dewan24,Guneet Dewan,Support,Director,HEAD OFFICE,lpt-12968,DEV-30751,Live,2025-01-31T00:06:18,,manager952
emp_11028,aditya.anne26,Aditya Anne,Human Resources,Analyst,Data_Center,LPT-11028.corp.local,dev11908,Active,2021-08-19 23:52:40,not available,manager164
emp12690,oviya.ganguly15,Oviya Ganguly,Procurement,Executive,regional office,LPT_12690,DEV-49650,Enabled,09/02/2024,NA,manager541
11485,harita.patel53,Harita Patel,SALES,Analyst,Warehouse,LPT-11485,,Enabled,12/04/2024 21:20,,unknown
EMP12660,girik.bhat27,Girik Bhat,FINANCE,Director,Work_From_Home,WS-12660,,Active,05-18-2022 09:10:57 PM,not available,  manager329  
emp_10960,mason.rao36,Mason Rao,OPERATIONS,Engineer,head office,VDR-10960,dev 91951,Enabled,08-Feb-2026 03:45:29,not available,manager605
EMP 11570,xavier.hayre29,Xavier Hayre,FINANCE,Officer,,,DEV-36502,Working,2023-05-30T11:14:44,not available,manager634
EMP-12773,,Arya Som,procurement team,Engineer,,WS-12773,DEV-36233,Active,2026/05/06,NA,manager882
EMP11895,  ayushman.dave16  ,Ayushman Dave,Operations,Consultant,Data_Center,WS-11895,DEV-96444,Active,05-04-2022 02:18:09 PM,NA,manager306
EMP12731,shivansh.mani61,Shivansh Mani,Purchase,Administrator,,LPT-12731.corp.local,,Active,09-May-2024 10:05:08,,manager762
EMP12146,ranbir.om18,Ranbir Om,MKT,Director,Data_Center,,dev79102,ACTIVE,2024-11-23T19:03:00,not available,MANAGER122
EMP10804,janya.sinha66,Janya Sinha,Procurement,Analyst,,LPT-10804,DEV-43162,ACTIVE,26/07/2022 04:20,not available,manager872
emp11751,abhimanyu.edwin12,Abhimanyu Edwin,Research and Development,Administrator,warehouse,LPT-11751,,ACTIVE,1769931490,NA,manager196
EMP-12454,  arunima.khare25  ,Arunima Khare,procurement team,Officer,work from home,,dev 24751,ACTIVE,23/01/2022 12:29,not available,manager569
EMP10502,JAGDISH.PANCHAL9,Jagdish Panchal,marketing dept,Manager,BRANCH OFFICE,VDR-10502,DEV-86099,Live,24-Oct-2022 22:02:00,not available,manager787
emp10779,  qabil.bhavsar61  ,Qabil Bhavsar,Mktg,Specialist,regional office,LPT-10779,DEV-84086,ACTIVE,2023-10-05T13:46:40,not available,manager215
EMP11863,,Chandresh Chakrabarti,IT,Director,Head_Office,WS-11863,DEV94783,Enabled,,not available,manager232
EMP-10200,yashoda.lad92,Yashoda Lad,Finance,Consultant,WAREHOUSE,LPT-10200,dev25907,On Leave,07-Mar-2021 11:24:36,,manager605
emp_12182,ojas.din58,Ojas Din,Research and Development,Director,WORK FROM HOME,LPT-12182.corp.local,,Live,06-27-2025 03:31:30 AM,,MANAGER860
emp_12088,timothy.chad15,Timothy Chad,PURCH,Manager,Head_Office,LPT-12088,DEV60145,Enabled,2021/02/06,not available,unknown
EMP12278,LIAM.GODA44,Liam Goda,Business Sales,Trainee,,VDR-12278,DEV89150,Deactivated,27-Jul-2020 16:27:51,2023-10-07 03:07:43,manager258
EMP11796,  teerth.sura19  ,Teerth Sura,hr dept,Specialist,Work From Home,VDR-11796,dev 99558,Working,09/06/2023 04:53,not available,manager421
emp_10378,FALGUNI.GERA65,Falguni Gera,operations dept,Director,REMOTE,LPT_10378,dev 13416,ACTIVE,11-Nov-2021 11:19:45,,manager930
EMP12336,yatin.patla20,Yatin Patla,Ops Team,Officer,,VDR-12336,,Working,,,
EMP10418,jairaj.arora48,Jairaj Arora,Research and Development,Specialist,,LPT-10418,dev 72204,A,12-22-2022 03:59:18 PM,not available,MANAGER957
EMP11698,mahika.sarraf31,Mahika Sarraf,sales dept,Trainee,Warehouse,ws-11698,dev12542,Live,23-Oct-2020 23:09:34,NA,manager251
emp_10391,chaman.bhakta14,Chaman Bhakta,IT,Analyst,data center,WS-10391,dev65004,ON_LEAVE,07-10-2023 07:30:22 AM,,MANAGER487
emp_12640,rajeshri_trivedi41,Rajeshri Trivedi,Brand Team,Engineer,warehouse,LPT-12640,dev 34341,Left,2022/07/10,2026-02-04 22:37:47,manager966
EMP11522,gunbir.rajagopal8,Gunbir Rajagopal,LEGAL,Consultant,,LPT-11522,dev69885,Enabled,2020/03/01,NA,NA
EMP-11162,JASMIT.KEER54,Jasmit Keer,Fin,Analyst,branch office,LPT-11162,dev39710,Live,2021-04-02T21:11:21,not available,manager393
EMP11495,darpan.morar14,Darpan Morar,Finance,Administrator,,VDR-11495,dev24651,Active,,NA,manager447
EMP12695,sai.mann23,Sai Mann,IT Support,Officer,,WS_12695,DEV-73210,Live,20/12/2024 23:33,not available,NA
EMP12027,bhavika.mall58,Bhavika Mall,MKT,Director,WORK FROM HOME,,DEV-90481,A,2025-05-04 13:34:35,not available,manager572
EMP-11152,tanmayi.dara69,Tanmayi Dara,Supply Chain,Manager,REGIONAL OFFICE,VDR-11152,DEV60067,Exited,10-Mar-2022 13:02:46,NA,MANAGER664
EMP11367,unnati.sane95,Unnati Sane,sales team,Director,Warehouse,ws-11367,dev85384,Terminated,03/09/2022 16:55,2023-11-20T02:42:29,manager394
12568,netra_kumar59,Netra Kumar,Business Sales,Specialist,HEAD OFFICE,VDR-12568,DEV-10632,Working,1717716442,not available,MANAGER896
EMP10064,onveer.seshadri42,Onveer Seshadri,Ops Team,Director,,WS-10064,DEV43065,DISABLED,,,MANAGER458
EMP12062,manan.bhattacharyya67,Manan Bhattacharyya,sales dept,Director,Remote,WS-12062,DEV-30991,Working,13/09/2024 07:43,,manager124
emp11180,frederick_cheema35,Frederick Cheema,HR,Officer,Data_Center,LPT-11180,,ACTIVE,,NA,manager288
EMP10492,anamika.mutti95,Anamika Mutti,Legal Dept,Manager,Regional_Office,VDR-10492,dev30152,Enabled,05-Feb-2026 05:34:24,NA,manager189
EMP-10379,tejas.nagy36,Tejas Nagy,IT Support,Trainee,Warehouse,WS-10379,DEV86544,Leave,10/05/2021,NA,manager772
emp_12235,pahal_pingle94,Pahal Pingle,HR,Specialist,Work_From_Home,VDR-12235,dev 77458,Exited,1705111425,1746833626,unknown
EMP10763,nitesh.sekhon11,Nitesh Sekhon,PURCH,Consultant,Regional_Office,LPT-10763,DEV77467,Left,27/09/2025,10-17-2025 02:22:09 AM,manager474
EMP12264,yoshita.kaur51,Yoshita Kaur,FINANCE,Administrator,,WS-12264,DEV80416,Live,13/12/2024 13:29,NA,manager291
EMP 10791,ishani.date54,Ishani Date,Finance,Trainee,Regional Office,VDR-10791,dev42079,A,2026-07-03T21:32:00,not available,manager168
EMP11076,bina.rana72,Bina Rana,Compliance,Engineer,,,dev 25163,Active,2020-12-12T01:16:59,,MANAGER858
EMP10878,  irya.manda85  ,Irya Manda,R&D,Trainee,Regional Office,WS-10878,,Active,20/10/2022 11:51,NA,
EMP10337,lucky.balakrishnan2,Lucky Balakrishnan,information tech,Consultant,Work_From_Home,LPT-10337,DEV65353,Enabled,24/01/2024 03:54,not available,manager492
EMP 12767,pahal.chokshi86,Pahal Chokshi,FINANCE,Executive,,LPT-12767,,Enabled,2024-06-17 08:41:49,not available,manager269
emp12343,anamika.anne36,Anamika Anne,RnD,Analyst,REMOTE,WS-12343,DEV-42955,ACTIVE,2021-06-25 11:15:02,NA,
EMP11016,neel.joshi63,Neel Joshi,Innovation,Trainee,,LPT-11016,dev21941,Active,2023-11-18 16:41:16,not available,manager962
EMP11275,DHRITI.HEGDE74,Dhriti Hegde,Legal Dept,Consultant,Branch Office,vdr-11275,DEV-21701,Working,2023-03-19 17:11:18,,manager380
EMP10455,aarnav.sanghvi57,Aarnav Sanghvi,IT Support,Manager,Remote,VDR-10455,,ACTIVE,10-07-2025 06:02:38 AM,,manager861
EMP10815,samesh.padmanabhan9,Samesh Padmanabhan,Ops Team,Engineer,,LPT-10815,DEV-87982,Blocked,2023-06-10 01:58:31,30/03/2025 20:05,manager385
EMP12317,zilmil.kara36,Zilmil Kara,Ops,Executive,BRANCH OFFICE,WS-12317,dev 96237,Live,,NA,MANAGER617
EMP10995,triveni.keer58,Triveni Keer,Sales,Director,Branch Office,,dev65708,LEFT,,26/08/2026 12:31,  manager663  
EMP11981,logan.nagi59,Logan Nagi,HR,Officer,Remote,LPT-11981,dev80158,D,1733335979,2026-02-19 12:41:37,manager438
10201,warhi.sharma4,Warhi Sharma,Operations,Officer,,WS-10201,,Disabled,09-09-2024 09:46:37 PM,07-28-2026 05:19:31 PM,manager416
EMP10161,timothy.hegde37,Timothy Hegde,Human Resource,Manager,WAREHOUSE,VDR_10161,,A,2024/12/08,NA,manager910
emp11579,naksh.sekhon89,Naksh Sekhon,Research and Development,Administrator,branch office,VDR-11579,DEV23506,A,2026-03-23T11:55:42,NA,manager713
EMP 12777,yamini.lal74,Yamini Lal,RnD,Consultant,Branch Office,VDR-12777,dev81246,Enabled,2020/04/13,,manager653
emp12449,azad.natarajan76,Azad Natarajan,procurement team,Executive,remote,WS-12449.corp.local,dev 39296,ACTIVE,2025-09-16 05:30:05,,  manager751  
emp10702,anjali.merchant97,Anjali Merchant,Marketing,Trainee,,LPT-10702.corp.local,dev 78597,LEFT,01/10/2020 19:02,2026/02/12,manager784
11500,falak.bhattacharyya87,Falak Bhattacharyya,Brand Team,Executive,regional office,VDR-11500,DEV-26849,Working,27/06/2022,not available,
emp_11129,anay.barad50,Anay Barad,FINANCE,Manager,Head_Office,LPT-11129.corp.local,DEV26531,Live,02/04/2024,,manager800
EMP12613,JAGDISH.SINHA46,Jagdish Sinha,Procurement,Analyst,Regional Office,vdr-12613,DEV43865,Live,2025-07-06T07:26:20,,MANAGER751
EMP 11021,gaurika.raman60,Gaurika Raman,Information Technology,Manager,REGIONAL OFFICE,VDR-11021,DEV98555,Active,30-Mar-2023 05:01:08,,manager508
EMP11585,,Ekantika Natarajan,Sales,Consultant,warehouse,VDR-11585,DEV89142,A,,NA,  manager140  
EMP11955,ronith.narayan29,Ronith Narayan,Accounts,Manager,,LPT-11955,,Active,,,manager906
EMP12253,hitesh.dani91,Hitesh Dani,Supply Chain,Consultant,Regional Office,LPT-12253,dev 40225,A,07-23-2020 07:38:03 AM,not available,  manager502  
EMP10034,lajita.varkey45,Lajita Varkey,HR,Engineer,remote,WS-10034,dev 30676,ACTIVE,2024-08-14 17:16:00,,manager726
EMP-10775,vamakshi.chacko24,Vamakshi Chacko,finance dept,Executive,BRANCH OFFICE,LPT_10775,DEV-25324,Working,,NA,manager551
emp_12556,siya.baria89,Siya Baria,Operations,Specialist,,,dev24673,ACTIVE,,not available,manager688
EMP11478,rudra.chakrabarti73,Rudra Chakrabarti,legal,Director,work from home,LPT-11478,dev47209,Enabled,03-04-2024 05:29:05 PM,NA,NA
emp10251,aarini.memon10,Aarini Memon,IT Support,Director,REMOTE,VDR-10251,dev 18357,A,2020-07-06 04:59:07,,unknown
EMP11390,lakshmi_madan63,Lakshmi Madan,IT,Executive,,ws-11390,DEV-13177,Working,2026-07-27 19:11:08,NA,manager134
emp_12139,wridesh.jha71,Wridesh Jha,Sales,Executive,DATA CENTER,WS_12139,dev98367,Left,16-Nov-2025 15:30:29,2026-02-11T16:33:27,manager486
EMP-11363,chatura.sankar90,Chatura Sankar,Accounts,Executive,Regional_Office,VDR-11363.corp.local,DEV76764,A,01-25-2020 04:23:52 AM,,manager478
EMP12945,  ekapad.dass17  ,Ekapad Dass,Compliance,Engineer,Head Office,VDR-12945,DEV86618,Deactivated,2023-01-13 05:47:30,07/10/2025,manager727
EMP 12612,advay.dani76,Advay Dani,RnD,Officer,DATA CENTER,lpt-12612,dev23757,L,11/06/2026,27/06/2026 02:32,unknown
EMP 12824,dominic.borde50,Dominic Borde,operations dept,Consultant,Warehouse,LPT_12824,DEV-47144,Resigned,05-29-2022 05:16:25 AM,17/10/2025,NA
EMP12041,advaith.choudhary34,Advaith Choudhary,Business Sales,Analyst,BRANCH OFFICE,WS-12041,DEV-92329,Enabled,2025/09/29,,NA
EMP-10241,varenya.narain82,Varenya Narain,Legal Dept,Director,WAREHOUSE,WS-10241,,Live,23/10/2020,NA,MANAGER243
EMP12061,harish.sura83,Harish Sura,information tech,Administrator,Warehouse,LPT-12061,dev17731,Enabled,2020-01-26 05:05:13,NA,NA
EMP12363,peter.sampath76,Peter Sampath,R&D,Analyst,branch office,WS-12363,,A,2024/07/01,,manager523
EMP10600,PALLAVI.DESHPANDE10,Pallavi Deshpande,Marketing,Manager,Branch_Office,VDR-10600,dev22729,Active,2021-12-18 17:57:02,not available,  manager294  
EMP12435,vasana.pandey31,Vasana Pandey,Call Center,Analyst,REMOTE,VDR-12435,dev31212,LEFT,28-Mar-2025 16:08:49,10-Jun-2026 04:13:09,
EMP 11297,zansi.sodhi24,Zansi Sodhi,finance dept,Engineer,Branch_Office,VDR-11297.corp.local,,A,2024-02-01 18:10:35,NA,manager783
EMP12214,samuel.acharya59,Samuel Acharya,People Team,Specialist,Data Center,WS_12214,,Live,2022/01/05,not available,manager189
EMP12888,  mekhala.jani12  ,Mekhala Jani,OPERATIONS,Officer,Warehouse,LPT-12888,DEV-53532,Live,11/03/2025,,unknown
EMP12068,fariq_dayal84,Fariq Dayal,Purchase,Executive,Work From Home,LPT-12068,DEV52706,Live,27/04/2021,not available,manager680
EMP-10646,nirja.rau58,Nirja Rau,People Team,Officer,,LPT-10646,DEV86735,Exited,02-Dec-2025 18:01:56,04-May-2026 09:40:46,manager561
emp11528,udyati_thaker20,Udyati Thaker,Procurement,Administrator,WAREHOUSE,LPT-11528,,Working,31/01/2022,,MANAGER659
EMP12879,nirja_mani53,Nirja Mani,SALES,Analyst,,WS-12879,,Working,10-21-2021 03:51:10 AM,NA,manager521
EMP11267,indira.tella80,Indira Tella,RD,Administrator,Work From Home,VDR-11267,dev 41276,Enabled,2025-10-18 04:02:04,NA,manager291
EMP11899,rayaan.srinivas61,Rayaan Srinivas,Customer Support,Manager,Warehouse,WS-11899.corp.local,,Enabled,2021-11-27T22:11:37,NA,manager804
emp_10562,manan.desai49,Manan Desai,PURCH,Administrator,,,dev 28985,Exited,13-Jun-2025 05:09:19,,manager727
EMP12418,warda.dua80,Warda Dua,marketing dept,Executive,HEAD OFFICE,WS-12418,dev59411,ACTIVE,22/08/2025 15:09,NA,manager626
emp12734,xavier.kade65,Xavier Kade,R&D,Director,head office,VDR-12734,dev51276,DISABLED,04/06/2025 04:54,21/06/2025 05:17,
EMP11117,yagnesh.bhardwaj90,Yagnesh Bhardwaj,Call Center,Consultant,branch office,VDR-11117,,On Leave,,,manager143
emp10189,kai.sastry56,Kai Sastry,Legal,Trainee,Data Center,WS-10189,DEV34486,Live,2024/03/25,,manager916
11806,shivansh.goyal35,Shivansh Goyal,Fin,Officer,HEAD OFFICE,WS-11806,,Live,02-24-2026 10:20:02 PM,NA,  manager646  
EMP10975,azad.baral80,Azad Baral,People Team,Consultant,,VDR-10975,dev13404,Working,16/10/2022 15:53,not available,manager210
EMP 12747,chanakya.keer83,Chanakya Keer,Brand Team,Engineer,REGIONAL OFFICE,lpt-12747,dev55054,Exited,2024-06-27 12:27:27,09-15-2024 11:53:22 PM,manager766
EMP12047,tamanna.mital68,Tamanna Mital,HR,Specialist,Warehouse,WS-12047,,ACTIVE,2026-03-25T19:17:29,not available,NA
EMP-12558,nidra.vasa97,Nidra Vasa,MKT,Specialist,Work_From_Home,VDR-12558,DEV-64214,Enabled,2024-09-23T10:33:31,not available,manager999
EMP11082,om_jain49,Om Jain,IT Support,Consultant,Branch_Office,vdr-11082,dev 37605,Disabled,,05-12-2022 02:11:31 PM,NA
EMP10474,ekani.wadhwa15,Ekani Wadhwa,operations dept,Officer,,VDR-10474,DEV-84794,Terminated,01-15-2026 06:39:21 AM,2026/08/10,manager967
EMP12904,charan.narang96,Charan Narang,sales team,Trainee,Warehouse,LPT-12904,DEV56234,Working,2022/09/22,NA,MANAGER159
emp_10747,yashica.patla7,Yashica Patla,operations dept,Administrator,branch office,WS-10747,DEV42949,ACTIVE,14/06/2026,,manager206
emp12300,jeevika.bhardwaj87,Jeevika Bhardwaj,customer care,Officer,Regional_Office,LPT-12300,DEV-79966,Active,2025-01-19T20:41:20,NA,NA
EMP10021,alexander.sha81,Alexander Sha,IT,Engineer,Head_Office,LPT-10021,dev 53309,Live,1641725682,NA,manager597
emp_10459,advika.dey22,Advika Dey,People Team,Trainee,remote,LPT_10459,dev53371,OOO,1591352716,NA,manager663
11184,IRA.TRIPATHI2,Ira Tripathi,Mktg,Engineer,,LPT-11184,DEV-93674,Resigned,16/01/2022 16:41,2022/06/05,manager909
12324,krishna.panchal99,Krishna Panchal,Business Sales,Director,warehouse,VDR-12324.corp.local,DEV21382,Live,1621988638,NA,
EMP10955,janya.kuruvilla44,Janya Kuruvilla,MKT,Trainee,Remote,LPT-10955,DEV-96805,ON_LEAVE,,NA,manager713
EMP11215,gopal.nath97,Gopal Nath,PURCH,Officer,Head Office,VDR-11215,dev68209,Working,,NA,MANAGER972
EMP12433,osha_dora22,Osha Dora,Information Technology,Analyst,Head_Office,WS-12433.corp.local,DEV35782,Working,2024/08/02,,manager657
EMP12853,ADVIKA.THAKUR47,Advika Thakur,Support,Executive,,WS-12853,,ACTIVE,11-03-2024 08:44:16 AM,not available,NA
EMP 11515,  yashoda.kalita15  ,Yashoda Kalita,Finance,Trainee,HEAD OFFICE,WS-11515.corp.local,dev76787,Working,21/05/2021,,manager878
emp_12391,pooja.iyengar59,Pooja Iyengar,operations dept,Analyst,Data_Center,WS-12391,,ACTIVE,2025-03-09 04:28:39,NA,manager868
EMP10769,,Aashi Joshi,Brand Team,Manager,HEAD OFFICE,LPT-10769,DEV-46168,Active,,,  manager995  
EMP 11685,zaid.kata76,Zaid Kata,Operations,Specialist,Regional Office,LPT-11685,DEV84606,A,18-Sep-2022 07:08:04,,
EMP10130,arjun.deol3,Arjun Deol,Information Technology,Consultant,BRANCH OFFICE,LPT-10130,dev84000,Enabled,2026-07-05 06:16:08,not available,  manager700  
EMP12919,baghyawati.boase84,Baghyawati Boase,HR,Executive,Branch_Office,vdr-12919,,Deactivated,2021-09-08 13:39:41,2025-06-18 22:26:00,manager742
12135,arunima.sharaf86,Arunima Sharaf,Human Resources,Executive,work from home,lpt-12135,dev59840,Live,1658248162,NA,manager193
emp11482,simon.srinivasan98,Simon Srinivasan,Ops,Officer,Warehouse,VDR-11482,DEV61402,Live,06-09-2023 01:53:08 AM,,manager575
EMP10330,madhavi.saraf42,Madhavi Saraf,Procurement,Analyst,work from home,VDR-10330,dev22208,Live,25/11/2023 08:27,,manager814
emp11238,brinda.kade46,Brinda Kade,operations dept,Manager,Data_Center,LPT-11238.corp.local,DEV14424,ON_LEAVE,2022/02/25,NA,manager400
emp10466,tanvi.mane92,Tanvi Mane,Legal Dept,Manager,Remote,VDR-10466,DEV35679,Enabled,2023/05/05,NA,manager944
EMP12169,banjeet.bains78,Banjeet Bains,Operations,Engineer,Head Office,LPT-12169,dev 98508,Active,,NA,manager255
EMP11638,daniel.kala5,Daniel Kala,RnD,Trainee,head office,LPT-11638.corp.local,DEV-39968,A,04-20-2023 04:08:16 PM,NA,manager880
EMP-11095,nicholas.sur69,Nicholas Sur,CS,Trainee,head office,VDR-11095,dev 86640,Enabled,2025-07-17T18:19:24,NA,MANAGER871
EMP11130,radhika.sampath31,Radhika Sampath,IT,Consultant,Data_Center,VDR-11130,dev11052,ACTIVE,2022-06-18 08:11:46,,manager184
EMP11294,forum.gala78,Forum Gala,hr dept,Officer,Head Office,lpt-11294,DEV-36777,ACTIVE,17-Mar-2020 14:30:46,NA,NA
10860,alexander.d’alia12,Alexander D’Alia,Ops Team,Executive,Warehouse,LPT-10860,dev 11850,Active,,NA,
